doc_index,topic_1,topic_2,topic_3,topic_4,topic_5,topic_6,topic_7,topic_8,topic_9,topic_10,doc_id,article_id,title,year,source_database,genus_raw,genus_for_stm,mentioned_genera,region_for_stm,subtribe_for_stm,article_region_assignment,article_subtribe_assignment,studied_genera,n_studied_genera,journal,doi
1,0.1412984071906188,0.002405815232018305,0.004768209863196922,0.24677920950282559,0.01885574578569195,0.5675696008205915,0.011073957183982614,0.003615246621053788,8.597928967261612e-4,0.002774014903294039,1,1,"Nuclear mitochondrial DNA: An Achilles' heel of molecular systematics, phylogenetics, and phylogeographic studies of stingless bees",2012,Scopus,Melipona,Melipona,Melipona,Neotropical,Meliponina,Neotropical,Meliponina,Melipona,1,APIDOLOGIE,10.1007/s13592-012-0122-4
2,0.0013674992370331103,0.0021522530716879765,0.9831272491793319,6.725757373542683e-4,2.4523718573285027e-5,0.003066519754494109,0.0038185995154091782,0.002561620845987235,0.0027724240428741048,4.367348972548102e-4,2,2,"Detection, replication and quantification of deformed wing virus-A, deformed wing virus-B, and black queen cell virus in the endemic stingless bee, Melipona colimana, from Jalisco, Mexico",2021,Scopus,Melipona,Melipona,Melipona,Neotropical,Meliponina,Neotropical,Meliponina,Melipona,1,INTERNATIONAL JOURNAL OF TROPICAL INSECT SCIENCE,10.1007/s42690-020-00320-7
3,0.19422470281368054,5.257100662528851e-6,0.002260671035513002,9.725683400510244e-4,0.0022993346599253367,0.0077928782968230415,0.7766623836684386,0.01261960392424655,4.3675319598686157e-4,0.002725846964672401,3,3,"Pleistocene climate changes shaped the population structure of Partamona seridoensis (Apidae, Meliponini), an endemic stingless bee from the Neotropical dry forest",2017,Scopus,Partamona,Partamona,Partamona,Neotropical,Meliponina,Neotropical,Meliponina,Partamona,1,PLOS ONE,10.1371/journal.pone.0175725
4,0.003279054747864201,6.946781973338268e-4,0.005069420045744504,0.0025336450693648474,0.0033667595976207675,0.5977353767493725,0.09886420747546772,0.00271372312740167,0.001240046519544833,0.28450308847028516,4,4,Mitochondrial DNA polymorphism among populations of melipona quadrifasciata quadrifasciata lepeletier (Apidae: Meliponini) from Southern Brazil; [Polimorfi smo do DNA mitocondrial entre populações de melipona quadrifasciata quadrifasciata Lepeletier (Apidae: Meliponini) do Sul do Brasil],2009,Scopus,Melipona,Melipona,Melipona,Neotropical,Meliponina,Neotropical,Meliponina,Melipona,1,NEOTROPICAL ENTOMOLOGY,10.1590/s1519-566x2009000200007
5,0.002193796834744549,0.56104433670402,0.40466724157031764,0.003214112110700314,5.689303054801733e-4,0.005811144292949804,4.302641197345993e-4,0.006126600828841345,0.014179192035436147,0.00176438119777591,5,5,"Honey characterization and identification of fructophilic lactic acid bacteria of fresh samples from Melipona beecheii, Scaptotrigona pectoralis, Plebeia llorentei, and Plebeia jatiformis hives",2023,Scopus,Multiple,Multiple,Melipona; Plebeia; Scaptotrigona,Neotropical,Meliponina,Neotropical,Meliponina,Melipona; Plebeia; Scaptotrigona,3,FRONTIERS IN SUSTAINABLE FOOD SYSTEMS,10.3389/fsufs.2023.1113920
6,0.01176260358488884,0.0028232266908261453,0.012993208966457314,0.007788060841170739,3.8938717837148283e-4,0.8093924668477689,0.10533026410478787,0.0011220884267232596,0.03897042685746125,0.009428266501544302,6,6,"Stingless bees (Hymenoptera: Apidae) in South and West Sulawesi, Indonesia: morphology, nest structure, and molecular characteristics",2021,Scopus,Multiple,Multiple,Lepidotrigona; Tetragonula; Wallacetrigona,Indo-Australasian,Hypotrigonina,Indo-Australasian,Hypotrigonina,Lepidotrigona; Tetragonula; Wallacetrigona,3,JOURNAL OF APICULTURAL RESEARCH,10.1080/00218839.2020.1816272
7,0.005491210520788239,0.010175695330432399,0.3346557531243978,0.05288682575805397,2.7990312629804966e-5,0.5765825052226697,0.01534289696792992,0.001139035211143514,0.002845048213592433,8.530393383624077e-4,7,7,TAXONOMIC STATUS OF STINGLESS BEE LEPIDOTRIGONA ARCIFERA (HYMENOPTERA: MELIPONINI) FROM THE SOUTHWEST CHINA - TIBETAN PLATEAU,2024,Scopus,Lepidotrigona,Other_rare_genera,Lepidotrigona,Indo-Australasian,Hypotrigonina,Indo-Australasian,Hypotrigonina,Lepidotrigona,1,JOURNAL OF APICULTURAL SCIENCE,10.2478/jas-2024-0008
8,0.4320518742872531,2.1583150547938704e-4,0.004814825988068561,0.025942965863839606,0.001736823009375895,0.013561783493827688,0.3894029144150625,0.12972949841788214,0.0016325418639043848,9.109411553066248e-4,8,8,"Gene Flow Between Populations With Highly Divergent Mitogenomes in the Australian Stingless Bee, Tetragonula hockingsi",2024,Scopus,Tetragonula,Tetragonula,Tetragonula,Indo-Australasian,Hypotrigonina,Indo-Australasian,Hypotrigonina,Tetragonula,1,ECOLOGY AND EVOLUTION,10.1002/ece3.70475
9,0.006566925868265053,3.5531329606639477e-4,1.9255435096593408e-4,0.00402441724793366,0.9776153443473625,0.0024777144760721637,0.0020202134202259793,0.0020675990550455946,6.895887129542937e-4,0.00399032922510831,9,9,Repetitive DNAs in Melipona scutellaris (Hymenoptera: Apidae: Meliponidae): chromosomal distribution and test of multiple heterochromatin amplification in the genus,2018,Scopus,Melipona,Melipona,Melipona,Neotropical,Meliponina,Neotropical,Meliponina,Melipona,1,APIDOLOGIE,10.1007/s13592-018-0577-z
10,0.0032099604175553033,3.949294471312287e-4,1.3488102957732916e-4,0.0014669278950473908,0.9774762260960681,0.0022018411494194984,0.0019131921876786961,0.001624983013124002,7.494303803491645e-4,0.010827628384049607,10,10,Comparative molecular cytogenetics of Melipona Illiger species (Hymenoptera: Apidae),2018,Scopus,Melipona,Melipona,Melipona,Neotropical,Meliponina,Neotropical,Meliponina,Melipona,1,SOCIOBIOLOGY,10.13102/sociobiology.v65i4.3480
11,0.005264131235299336,4.080542130418346e-4,0.001151640807563266,0.9822820133331919,0.0022983767228397715,0.006190996812061397,3.323273198548906e-4,0.001972877734115959,6.836993908144558e-5,3.121188295100271e-5,11,11,"The Mitochondrial Genome of Melipona fasciculata (Apidae, Meliponini): Genome Organization and Comparative Analyses, Phylogenetic Implications and Divergence Time Estimations",2025,Scopus,Melipona,Melipona,Melipona,Neotropical,Meliponina,Neotropical,Meliponina,Melipona,1,BIOCHEMICAL GENETICS,10.1007/s10528-024-10991-3
12,0.004915512574163222,0.005947466657006036,0.0348819923815295,0.14425771409122695,0.0019065863137023777,0.06613622406460148,0.00492527354960376,0.6855687180685596,0.047323105210409486,0.0041374070891976615,12,12,"Insights into the Melipona scutellaris (Hymenoptera, Apidae, Meliponini) fat body transcriptome",2013,Scopus,Melipona,Melipona,Melipona,Neotropical,Meliponina,Neotropical,Meliponina,Melipona,1,GENETICS AND MOLECULAR BIOLOGY,10.1590/s1415-47572013000200022
13,0.00386595598674178,2.1721573015561797e-4,8.15835071519586e-5,0.0012991815358099612,0.9883379053403778,0.001035885120250541,9.808586158936547e-4,9.701331394861339e-4,4.8746723849193464e-4,0.0027238137856401834,13,13,Comparative cytogenetics in three Melipona species (Hymenoptera: Apidae) with two divergent heterochromatic patterns,2018,Scopus,Melipona,Melipona,Melipona,Neotropical,Meliponina,Neotropical,Meliponina,Melipona,1,GENETICS AND MOLECULAR BIOLOGY,10.1590/1678-4685-gmb-2017-0330
14,0.23701695698056097,0.0011013532161037543,0.1695108415052936,0.01828411416257377,0.006896242423109282,0.23616682636356343,0.3118548709503805,0.005868338425090864,0.003449297535119106,0.009851158438204893,14,14,Barcoding stingless bees: Genetic diversity of the economically important genus Scaptotrigona in Mesoamerica,2013,Scopus,Scaptotrigona,Scaptotrigona,Scaptotrigona,Neotropical,Meliponina,Neotropical,Meliponina,Scaptotrigona,1,APIDOLOGIE,10.1007/s13592-012-0146-9
15,0.0035206966279800055,2.347783972590224e-7,8.336212964386914e-4,7.512201149098875e-5,1.930436891286134e-4,0.003380080214345322,0.9873400159916536,0.0010711220691857963,5.59728457385479e-5,0.0035300904756414295,15,15,"Exploring genetic and morphometric variations in Partamona ailyae, a widely distributed neotropical stingless bee of South America",2025,Scopus,Partamona,Partamona,Partamona,Neotropical,Meliponina,Neotropical,Meliponina,Partamona,1,JOURNAL OF INSECT CONSERVATION,10.1007/s10841-025-00687-3
16,0.3151251854917135,1.6451742412993514e-5,0.004093727519122573,0.0012738503762312438,0.004636284496066665,0.01054812664375974,0.644486151941238,0.015187902850778243,7.617038521628899e-4,0.0038706150865145876,16,16,Unveiling the Genetic Structure and Ecological Niche Diversification of the Stingless Bee Tetragonisca angustula (Meliponini) in Peruvian Amazon,2025,Scopus,Tetragonisca,Tetragonisca,Tetragonisca,Neotropical,Meliponina,Neotropical,Meliponina,Tetragonisca,1,JOURNAL OF BIOGEOGRAPHY,10.1111/jbi.70107
17,0.007547702640242275,1.013697303631329e-4,0.004820998995660295,0.1717689832223247,5.011633113024065e-4,0.33498943852783153,0.4743875476378711,0.0019823139561832466,2.1550188069340709e-4,0.0036849800975278808,17,17,Population structure of the stingless bee (Tetragonula pagdeni Schwarz) in Thailand determined by cytochrome b and ATPase6–tRNAASP sequence analysis,2014,Scopus,Tetragonula,Tetragonula,Tetragonula,Indo-Australasian,Hypotrigonina,Indo-Australasian,Hypotrigonina,Tetragonula,1,INTERNATIONAL JOURNAL OF INTEGRATIVE BIOLOGY,
18,0.0022834579140267454,0.07332826265217696,0.012869907110180682,0.0011768736280618843,3.15353182701495e-4,0.003370876351988945,4.3014869444482867e-4,0.0016211251567723494,0.9042810491226659,3.229461869801824e-4,18,18,Loss and gain of gut bacterial phylotype symbionts in afrotropical stingless bee species (Apidae: Meliponinae),2021,Scopus,Multiple,Multiple,Dactylurina; Hypotrigona; Liotrigona; Meliponula,Afrotropical,Hypotrigonina,Afrotropical,Hypotrigonina,Dactylurina; Hypotrigona; Liotrigona; Meliponula,4,MICROORGANISMS,10.3390/microorganisms9122420
19,0.004714348441928593,0.004775027728924392,0.9489163561307544,0.002474540582723216,1.523009892065112e-4,0.01300011393854085,0.010999301871157031,0.007175214943815662,0.005987622292744507,0.0018051730802048495,19,19,First detection of honey bee viruses in stingless bees in North America,2015,Scopus,Scaptotrigona,Scaptotrigona,Scaptotrigona,Neotropical,Meliponina,Neotropical,Meliponina,Scaptotrigona,1,JOURNAL OF APICULTURAL RESEARCH,10.1080/00218839.2015.1100154
20,8.599276336279253e-5,4.382127506031652e-4,3.573584447682243e-4,2.200246788306022e-5,0.002806389528788009,0.005209634537606875,0.008439885608081977,0.002557795476335668,0.001001515392680274,0.97908121302989,20,20,Biochemical genetic differentiation in the Trigona atripes species group of Malaysian stingless bees (insecta: hymenoptera: apidae),1991,Scopus,Trigona,Trigona,Trigona,Neotropical,Meliponina,Neotropical,Meliponina,Trigona,1,COMPARATIVE BIOCHEMISTRY AND PHYSIOLOGY -- PART B: BIOCHEMISTRY AND,10.1016/0305-0491(91)90345-e
21,0.013526700735750944,1.8665165977394007e-4,0.06253429851524527,0.013058105090082973,5.547465813843054e-4,0.282952369711265,0.5700161823203298,0.036401760668035556,0.002020703567455465,0.01874848115067662,21,21,Genetic variability of melipona subnitida (hymenoptera: Apidae) in introduced and native populations,2018,Scopus,Melipona,Melipona,Melipona,Neotropical,Meliponina,Neotropical,Meliponina,Melipona,1,JOURNAL OF INSECT SCIENCE,10.1093/jisesa/iey089
22,0.001279863110292701,3.9638160251658156e-4,0.001700731435643881,0.0012085341339976995,5.731196353217831e-4,4.3604087609988546e-4,0.0017794056794557802,0.9893574862631918,0.0019008669626372847,0.0013675703008424207,22,22,"Exploring integument transcriptomes, cuticle ultrastructure, and cuticular hydrocarbons profiles in eusocial and solitary bee species displaying heterochronic adult cuticle maturation",2019,Scopus,Frieseomelitta,Frieseomelitta,Frieseomelitta,Neotropical,Meliponina,Neotropical,Meliponina,Frieseomelitta,1,PLOS ONE,10.1371/journal.pone.0213796
23,0.003682503931354875,6.719297961844992e-4,0.0015881519806836895,0.9788990207003504,0.0029388627588662532,0.006972034600980567,3.981471452983335e-4,0.004662550458667766,1.2021092934732065e-4,6.658769826692699e-5,23,23,"The nuclear and mitochondrial genome assemblies of Tetragonisca angustula (Apidae: Meliponini), a tiny yet remarkable pollinator in the Neotropics",2024,Scopus,Tetragonisca,Tetragonisca,Tetragonisca,Neotropical,Meliponina,Neotropical,Meliponina,Tetragonisca,1,BMC GENOMICS,10.1186/s12864-024-10502-z
24,0.004947923267729907,1.8358070226763546e-4,0.012226486402170311,0.0016917550944514567,0.001499980283895133,0.0073957496872336164,0.20536993204615253,0.7191912655081577,0.002500935643332792,0.04499239136460877,24,24,Relatedness and dispersal distance of eusocial bee males on mating swarms,2016,Scopus,Tetragonisca,Tetragonisca,Tetragonisca,Neotropical,Meliponina,Neotropical,Meliponina,Tetragonisca,1,ENTOMOLOGICAL SCIENCE,10.1111/ens.12195
25,0.007727513218808328,4.7365990560078974e-5,0.0032597632730778066,0.0025455379066134493,0.0017768604272722338,0.47693472857167685,0.435076127224878,0.0017292713127524191,3.904771851405253e-4,0.07051235488922039,25,25,Intraspecific variation in the stingless bee Melipona beecheii assessed with PCR-RFLP of the ITS1 ribosomal DNA,2009,Scopus,Melipona,Melipona,Melipona,Neotropical,Meliponina,Neotropical,Meliponina,Melipona,1,APIDOLOGIE,10.1051/apido/2009036
26,0.0022765664505336207,6.255166617386051e-4,0.003368563511369737,0.0015621792097856675,0.0013158068983279436,0.0013502561380734004,0.00630231111494049,0.9742718443261583,0.002639760714230273,0.006287194974842028,26,26,Intraspecific queen parasitism in a highly eusocial bee,2011,Scopus,Melipona,Melipona,Melipona,Neotropical,Meliponina,Neotropical,Meliponina,Melipona,1,BIOLOGY LETTERS,10.1098/rsbl.2010.0819
27,0.007756521128601675,4.8617863164637066e-4,0.014656235044500403,0.004607367174176095,8.00337843053475e-5,0.762017614898854,0.20221676480595363,4.562232788641756e-4,8.386627466856377e-4,0.006884398506413031,27,27,Identification of stingless bees (Hymenoptera: Apidae) in Kenya using morphometrics and DNA barcoding; [Identificación de las abejas sin aguijón (Hymenoptera: Apidae) en Kenia usando morfometría y ADN barcoding (código de barras molecular)],2017,Scopus,Multiple,Multiple,Dactylurina; Meliponula; Plebeina,Afrotropical,Hypotrigonina,Afrotropical,Hypotrigonina,Dactylurina; Meliponula; Plebeina,3,JOURNAL OF APICULTURAL RESEARCH,10.1080/00218839.2017.1327939
28,0.21411666031865806,8.99911015987724e-4,8.696433633549512e-4,0.02512194141255776,0.6644463041859152,0.08139100011640746,0.0074596188691604766,0.0014242228330485457,8.617603171457692e-4,0.00340893756776442,28,28,"Chromosome Evolution in the Genus Partamona (Apidae: Meliponini), with Comments on B Chromosome Origin",2022,Scopus,Partamona,Partamona,Partamona,Neotropical,Meliponina,Neotropical,Meliponina,Partamona,1,CYTOGENETIC AND GENOME RESEARCH,10.1159/000520552
29,0.0014779510143307951,0.0022951672914871156,0.013815166012353797,0.003027187513588177,0.0010568376325341162,0.8370250044828578,0.016993071443715924,0.0012900253973529372,0.0011765764728743058,0.12184301273890509,29,29,Mitochondrial polymorphism in tetragonisca angustula and tetragonisca weyrauchi (Apidae) in northern Brazil,2020,Scopus,Tetragonisca,Tetragonisca,Tetragonisca,Neotropical,Meliponina,Neotropical,Meliponina,Tetragonisca,1,GENETICS AND MOLECULAR RESEARCH,10.4238/gmr18495
30,0.7449545261877892,2.2724987120375254e-4,0.0022714939487104404,0.0047519717277024354,0.15391244711874763,0.009818315964713465,0.0697233383882444,0.009288681449286606,0.0017029579138226217,0.0033490174297794197,30,30,"Genome size estimation of three stingless bee species (Hymenoptera, Meliponinae) by flow cytometry",2009,Scopus,Multiple,Multiple,Melipona; Scaptotrigona,Neotropical,Meliponina,Neotropical,Meliponina,Melipona; Scaptotrigona,2,APIDOLOGIE,10.1051/apido/2009030
31,0.00405113855023419,9.791367679814588e-4,3.684782019754717e-4,0.001121072255804403,0.862002328821322,0.007158549131113862,0.008010910166808643,0.003802780185490182,0.0018895530891161734,0.11061605283015355,31,31,Karyotype description of cephalotrigona femorata Smith (Hymenoptera: Apidae) and the C-banding pattern as a specific marker for Cephalotrigona,2013,Scopus,Cephalotrigona,Other_rare_genera,Cephalotrigona,Neotropical,Meliponina,Neotropical,Meliponina,Cephalotrigona,1,SOCIOBIOLOGY,10.13102/sociobiology.v60i1.125-127
32,0.30525705505251394,3.9059704689920984e-4,6.457912989708401e-4,0.0032528052202490205,0.6740437962703989,0.0028650637266474815,0.007276418315447357,0.0035341266195305656,0.001282816617453715,0.0014515298318889863,32,32,An intraspecific origin of B chromosomes in Tetragonisca fiebrigi (Apidae: Meliponini) inferred from cytogenetic and nuclear genome size data,2026,Scopus,Tetragonisca,Tetragonisca,Tetragonisca,Neotropical,Meliponina,Neotropical,Meliponina,Tetragonisca,1,SCIENTIFIC REPORTS,10.1038/s41598-026-39709-8
33,0.005133283814117566,1.2121431220030637e-4,0.10220270675026583,1.1645111756252937e-4,5.953730753932253e-4,0.008229649006845356,0.7935810818647839,0.005345889178119941,0.04971925722398259,0.034955093656729004,33,33,"Does beekeeping reduce genetic variability in Melipona scutellaris (Apidae, Meliponini)?",2009,Scopus,Melipona,Melipona,Melipona,Neotropical,Meliponina,Neotropical,Meliponina,Melipona,1,GENETICS AND MOLECULAR RESEARCH : GMR,10.4238/vol8-2kerr006
34,0.0021014737994162515,7.197699463357146e-4,0.0036100249950045504,3.102421829509502e-4,0.0063860459430044435,0.08374867609844817,0.12621504189984,0.004651822403883472,0.013087427010614668,0.7591694757205018,34,34,"Genetic analysis of Melipona quadrifasciata LEP. (Hymenoptera: Apidae, Meliponinae) with RAPD markers",2002,Scopus,Melipona,Melipona,Melipona,Neotropical,Meliponina,Neotropical,Meliponina,Melipona,1,BRAZILIAN JOURNAL OF BIOLOGY,10.1590/s1519-69842002000500022
35,3.6488860243515743e-4,0.9874044233879986,0.0036453657081539762,0.0026073182123243733,9.818441013854046e-5,0.002189460216623714,9.427474913683408e-6,2.77987222480627e-4,0.0033326269696449745,7.031779528553846e-5,35,35,Quantification of bioactive components and evaluation of microbial community and antibacterial activity from Heterotrigona itama and Tetrigona binghami honeys,2023,Scopus,Heterotrigona,Heterotrigona,Heterotrigona,Indo-Australasian,Hypotrigonina,Indo-Australasian,Hypotrigonina,Heterotrigona,1,INTERNATIONAL JOURNAL OF FOOD SCIENCE AND TECHNOLOGY,10.1111/ijfs.16325
36,0.005595633469443654,0.0033830167048088033,0.023832546973145838,0.008300861175290134,6.266096846813084e-4,0.1096814504068994,0.01938504840486016,0.5179814693293813,0.3024222957422134,0.008791068109275862,36,36,Evaluation of reference genes for gene expression analysis by real-time quantitative PCR (qPCR) in three stingless bee species (Hymenoptera: Apidae: Meliponini),2019,Scopus,Multiple,Multiple,Frieseomelitta; Melipona; Scaptotrigona,Neotropical,Meliponina,Neotropical,Meliponina,Frieseomelitta; Melipona; Scaptotrigona,3,SCIENTIFIC REPORTS,10.1038/s41598-019-53544-0
37,0.013724213095137215,6.090382055001668e-4,0.0017641989539422414,0.02776123254191473,0.6859710532634583,0.08440384568699483,0.07457385757614794,0.01764662823242615,0.0019008977552968606,0.09164503468918157,37,37,"Comparative study on the physical mapping of ribosomal genes and repetitive sequences in Friesella schrottkyi (Friese 1900) (Hymenoptera: Apidae, Meliponini)",2021,Scopus,Friesella,Other_rare_genera,Friesella,Neotropical,Meliponina,Neotropical,Meliponina,Friesella,1,ZOOLOGISCHER ANZEIGER,10.1016/j.jcz.2021.04.006
38,5.903605630534856e-4,0.0064459040108729064,0.004620959127951309,5.8208802969332283e-5,0.005483157066693117,0.00798756969541659,0.009796819336575398,0.0096834733794119,0.47827294084377603,0.47706060717327997,38,38,Isoenzymes and cytochemical analysis in Tetragonisca angustula and Tetragonisca fiebrigi after herbicide contamination,2011,Scopus,Tetragonisca,Tetragonisca,Tetragonisca,Neotropical,Meliponina,Neotropical,Meliponina,Tetragonisca,1,SOCIOBIOLOGY,
39,0.6462710499410715,9.046491237349448e-4,0.0027031189828132236,0.01999049495846927,0.2673578313093368,0.006196295036928291,0.016274271914614707,0.036292977629166126,0.00239552321992695,0.0016137878839382674,39,39,"Genome size diversity in stingless bees (Hymenoptera: Apidae, Meliponini)",2012,Scopus,Multiple,Multiple,Melipona; Paratrigona,Neotropical,Meliponina,Neotropical,Meliponina,Melipona; Paratrigona,2,APIDOLOGIE,10.1007/s13592-012-0145-x
40,0.005332363891385115,0.0010536576190315991,0.0028880227758797906,0.802369706676828,0.0037206326861694543,0.17693962249925604,0.0033673271295964866,0.002911567346656593,2.0595714600664476e-4,0.001211142229190022,40,40,"The complete mitochondrial genome of Trigonisca nataliae (Hymenoptera, Apidae) assemblage reveals heteroplasmy in the control region",2023,Scopus,Multiple,Multiple,Melipona; Trigonisca,Neotropical,Meliponina,Neotropical,Meliponina,Trigonisca,1,GENE,10.1016/j.gene.2023.147621
41,1.6219093241838517e-4,7.675796488761683e-4,6.552666863997089e-4,4.397149783314367e-5,0.004045264345503163,0.006621348361245583,0.011197220371759157,0.00560043179207959,0.0018217824211194079,0.9690849439427657,41,41,Glycerol-3-phosphate dehydrogenase (G-3-PDH; EC 1.1.1.8) variation in Brazilian stingless bees and in wasp species,1991,Scopus,Tetragona,Other_rare_genera,Tetragona,Neotropical,Meliponina,Neotropical,Meliponina,Tetragona,1,BIOCHEMICAL GENETICS,10.1007/bf00590105
42,0.014789112261969821,3.4077828334858557e-6,0.002717155904655585,0.0011884137870754059,7.893646062807618e-4,0.04728543510754733,0.9234553436811554,0.0019658830857648074,1.7038012449686372e-4,0.007635503658220562,42,42,Genetic and phenotypic differentiation in endemic Scaptotrigona hellwegeri (Apidae: Meliponini): Implications for the conservation of stingless bee populations in contrasting environments,2012,Scopus,Scaptotrigona,Scaptotrigona,Scaptotrigona,Neotropical,Meliponina,Neotropical,Meliponina,Scaptotrigona,1,INSECT CONSERVATION AND DIVERSITY,10.1111/j.1752-4598.2011.00179.x
43,0.004403247448424189,0.0022269141175778593,0.001708420420202709,0.004770980645465528,0.09770525591804172,0.0035497427623514544,0.006674139625380532,0.8277002365110062,0.0030713256195610402,0.048189736931988865,43,43,Sequence and expression pattern of the germ line marker vasa in honey bees and stingless bees,2009,Scopus,Melipona,Melipona,Melipona,Neotropical,Meliponina,Neotropical,Meliponina,Melipona,1,GENETICS AND MOLECULAR BIOLOGY,10.1590/s1415-47572009005000043
44,2.568633080016999e-4,0.0013480200983123512,0.001084487592072531,1.1573835469359048e-4,0.0047140527884113525,0.006939892356982144,0.012145014676587254,0.03353754319205019,0.0025237529409955126,0.9373346346918934,44,44,Evidence of hybridization between two species of Melipona bees,2000,Scopus,Melipona,Melipona,Melipona,Neotropical,Meliponina,Neotropical,Meliponina,Melipona,1,GENETICS AND MOLECULAR BIOLOGY,10.1590/s1415-47572000000100014
45,0.006731770261043602,7.594879164344784e-5,0.004022976607114281,0.09318821435209264,4.0760085712985796e-4,0.34001885926345377,0.5493101502678288,0.0014727129860053008,2.0014917241135106e-4,0.004571617441277152,45,45,Genetic differentiation of the stingless bee tetragonula pagdeni in Thailand using SSCP analysis of a large subunit of mitochondrial ribosomal DNA,2011,Scopus,Tetragonula,Tetragonula,Tetragonula,Indo-Australasian,Hypotrigonina,Indo-Australasian,Hypotrigonina,Tetragonula,1,BIOCHEMICAL GENETICS,10.1007/s10528-011-9425-9
46,0.02517530838805378,0.002049652813709374,0.005202255213081259,0.08700420397612232,0.03138387189503369,0.8087472595549777,0.019935558321869384,0.0029178618438052356,0.0011619402314009437,0.01642208776194603,46,46,Mitochondrial DNA restriction and genomic maps of seven species of Melipona (Apidae: Meliponini),2004,Scopus,Multiple,Multiple,Melipona; Scaptotrigona,Neotropical,Meliponina,Neotropical,Meliponina,Melipona,1,APIDOLOGIE,10.1051/apido:2004027
47,0.0015780954930743267,5.125688648784166e-4,0.0022204572779382934,0.0014461920365748332,7.79734447167398e-4,6.249293456607518e-4,0.0024511307772225334,0.9864555113419197,0.0018786178133925117,0.0020527626021709746,47,47,Reproductive potential shapes the expression of nurse-to-forager transition genes in the workers of stingless bees (Meliponini),2023,Scopus,Multiple,Multiple,Frieseomelitta; Melipona,Neotropical,Meliponina,Neotropical,Meliponina,Frieseomelitta; Melipona,2,APIDOLOGIE,10.1007/s13592-023-01021-z
48,0.004197193464429925,0.0018351053938661414,0.008561628212009082,3.4995721331615616e-4,4.318233337688671e-4,0.00714661884324521,0.05171287347720097,0.0026558008479252884,0.9192838715237218,0.0038251276905166974,48,48,"The composition of bacteria in gut and beebread of stingless bees (Apidae: Meliponini) from tropics Yunnan, China",2021,Scopus,Multiple,Multiple,Lepidotrigona; Tetragonula,Indo-Australasian,Hypotrigonina,Indo-Australasian,Hypotrigonina,Lepidotrigona; Tetragonula,2,"ANTONIE VAN LEEUWENHOEK, INTERNATIONAL JOURNAL OF GENERAL AND MOLECULAR MICROBIOLOGY",10.1007/s10482-021-01602-x
49,0.005224880817443955,3.808568916397106e-5,0.003217945568822365,0.001227039923741633,0.0023612084640514176,0.21736433634733954,0.6292153511443527,0.0025927218481071935,4.8482379938701915e-4,0.1382736063975902,49,49,"Genetic diversity of Melipona mandacaia, Smith 1863 in natural and rational breeding populations",2024,Scopus,Melipona,Melipona,Melipona,Neotropical,Meliponina,Neotropical,Meliponina,Melipona,1,CURRENT SCIENCE,10.18520/cs/v126/i12/1479-1484
50,0.004879095738267064,0.0027466620782102867,0.2850874768740504,3.4854710818158646e-4,5.485624169471996e-4,0.004068833671731007,0.02514223398586532,0.010559916484350682,0.6622101814369358,0.004408490205460963,50,50,Longitudinal survey reveals delayed effects of low gene expression on stingless bee colony health,2022,Scopus,Melipona,Melipona,Melipona,Neotropical,Meliponina,Neotropical,Meliponina,Melipona,1,JOURNAL OF APICULTURAL RESEARCH,10.1080/00218839.2021.1962123
51,0.7889181611090043,0.003317120076670133,0.005960388770227668,0.16320659848191302,0.009280800970421813,0.016181968264362648,0.007290399119285329,0.0031233394145140287,0.00266755784634869,5.366594725210531e-5,51,51,Conserved but mechanistically diverse piRNA defence against endogenous retroviruses in insects,2026,Scopus,Tetragonula,Tetragonula,Tetragonula,Indo-Australasian,Hypotrigonina,Indo-Australasian,Hypotrigonina,Tetragonula,1,EMBO REPORTS,10.1038/s44319-026-00741-4
52,0.5424586286732881,6.794218253127717e-4,0.004048557498997504,0.011700824425884472,0.0016226438210999357,0.006093918416779984,0.07420233731754038,0.356178278493573,0.0025042311717410263,5.111583557830647e-4,52,52,Multi-Omic Analysis Reveals Population Differentiation and Signatures of Social Evolution in Tetragonula Stingless Bees,2025,Scopus,Tetragonula,Tetragonula,Tetragonula,Indo-Australasian,Hypotrigonina,Indo-Australasian,Hypotrigonina,Tetragonula,1,MOLECULAR ECOLOGY,10.1111/mec.17823
53,0.1525881189932647,3.1519163824830076e-6,0.002676836359319516,2.955063929422234e-4,0.0016550629308538603,0.004116410244647134,0.8331173005749883,0.0029793837255813927,3.5073692905469704e-4,0.002217491932965681,53,53,Fragmentation in the clouds? The population genetics of the native bee Partamona bilineata (Hymenoptera: Apidae: Meliponini) in the cloud forests of Guatemala,2017,Scopus,Partamona,Partamona,Partamona,Neotropical,Meliponina,Neotropical,Meliponina,Partamona,1,CONSERVATION GENETICS,10.1007/s10592-017-0950-x
54,0.010078229892297681,1.490115115349002e-4,0.00391515580042797,0.0024268532772064966,0.0057366953410559664,0.3823137073512857,0.3919868254760396,0.003186032599467191,8.457618428987627e-4,0.1993617269077857,54,54,DNA barcoding reveals long-term speciation processes in subspecies of the Melipona (Michmelia) seminigra complex (Hymenoptera: Apidae),2022,Scopus,Melipona,Melipona,Melipona,Neotropical,Meliponina,Neotropical,Meliponina,Melipona,1,EUROPEAN JOURNAL OF ENTOMOLOGY,10.14411/eje.2022.032
55,0.14526406741056153,1.155342015400753e-5,0.002615238097170901,6.26471864114914e-4,0.005707421520339085,0.01255686209267323,0.8181865877232439,0.0044665275638118025,5.902127316423546e-4,0.009975057576288669,55,55,"Genetic structure of Partamona helleri (Apidae, Meliponini) from Neotropical Atlantic rainforest",2010,Scopus,Partamona,Partamona,Partamona,Neotropical,Meliponina,Neotropical,Meliponina,Partamona,1,INSECTES SOCIAUX,10.1007/s00040-010-0098-x
56,0.0013843917877526825,0.010981328426310322,0.003963464462442267,0.09381794501232414,0.008374241599490533,0.016286146320204975,0.0051993807011972565,0.7663435763638452,0.0021354803395618903,0.09151404498687081,56,56,"Farnesoic Acid O-Methyl Transferase (FAMeT) isoforms: Conserved traits and gene expression patterns related to caste differentiation in the stingless bee, Melipona scutellaris",2008,Scopus,Melipona,Melipona,Melipona,Neotropical,Meliponina,Neotropical,Meliponina,Melipona,1,ARCHIVES OF INSECT BIOCHEMISTRY AND PHYSIOLOGY,10.1002/arch.20224
57,0.01343407813128698,7.497167107350306e-4,0.059937217539609094,0.0015048888483393352,0.006382239355264158,0.05601355528142155,0.6059383653682222,0.02622041098508479,0.007398390173115571,0.22242113760692112,57,57,"A scientific note on the isolation and characterization of microsatellite loci of Frieseomelitta varia (Hymenoptera, apidae, Meliponini)",2011,Scopus,Frieseomelitta,Frieseomelitta,Frieseomelitta,Neotropical,Meliponina,Neotropical,Meliponina,Frieseomelitta,1,APIDOLOGIE,10.1007/s13592-011-0008-x
58,0.004165950933778347,6.960657184509847e-4,0.00145882371065715,0.9740458691310514,0.005164918595728573,0.0071849949712788136,5.237554157897472e-4,0.006509537782996145,1.4766259264917812e-4,1.0242114761879635e-4,58,58,Mitochondria tRNA gene translocations in highly eusocial bees,2006,Scopus,Melipona,Melipona,Melipona,Neotropical,Meliponina,Neotropical,Meliponina,Melipona,1,GENETICS AND MOLECULAR BIOLOGY,10.1590/s1415-47572006000300030
59,0.17740046591502628,5.890763535823431e-6,0.0030637498841303585,8.007908842105668e-4,0.0025980230148252206,0.007820836844026933,0.799209054862809,0.005716920767613654,4.6097204906394955e-4,0.0029232950147581338,59,59,"Phylogeography of Partamona rustica (Hymenoptera, Apidae), an endemic stingless bee from the neotropical dry forest diagonal",2016,Scopus,Partamona,Partamona,Partamona,Neotropical,Meliponina,Neotropical,Meliponina,Partamona,1,PLOS ONE,10.1371/journal.pone.0164441
60,0.8294246104913192,0.003107308871219093,6.173854243281913e-4,0.04335595738283708,0.1097592515513025,0.004740457632726592,0.004865848982778128,0.0013314336234933094,0.001270404675041988,0.001527341364954251,60,60,"Molecular phylogeny of the stingless bees (Apidae, Apinae, Meliponini) inferred from mitochondrial 16S rDNA sequences",2003,Scopus,Multiple,Multiple,Austroplebeia; Axestotrigona; Heterotrigona; Hypotrigona; Lepidotrigona; Meliplebeia; Plebeia; Plebeina; Trigona,Multi-region,Multi-subtribe,Multi-region article,Multi-subtribe article,Austroplebeia; Axestotrigona; Heterotrigona; Hypotrigona; Lepidotrigona; Meliplebeia; Plebeia; Plebeina,8,APIDOLOGIE,10.1051/apido:2002051
61,0.016317972642920304,1.4689592599919234e-6,0.0012148721453891795,1.3685094677727547e-4,0.0011072201142752456,0.005005810977861296,0.9647967528858057,0.002388826687325358,1.9409349537182554e-4,0.008836131145013587,61,61,"Is the São Francisco River a historical barrier to gene flow for populations of Melipona mandacaia Smith, 1863 (Hymenoptera: Apidae)?",2023,Scopus,Melipona,Melipona,Melipona,Neotropical,Meliponina,Neotropical,Meliponina,Melipona,1,JOURNAL OF INSECT CONSERVATION,10.1007/s10841-023-00466-y
62,0.005138668042647649,0.002707579492180589,0.027191771386033254,0.9321257839126533,0.002433631448085755,0.016757048108987857,0.0014551844478725416,0.011278139337031338,6.807292661498325e-4,2.3146455835709487e-4,62,62,"Complete mitochondrial genome sequence of Melipona scutellaris, a Brazilian stingless bee",2016,Scopus,Melipona,Melipona,Melipona,Neotropical,Meliponina,Neotropical,Meliponina,Melipona,1,MITOCHONDRIAL DNA,10.3109/19401736.2015.1018233
63,0.003027582472238607,0.0026803971681748084,8.787183789137192e-4,0.005672347319102666,0.2678202797009212,0.2971766363250923,0.011622320059555722,0.0025693422028912104,0.0015542220815607678,0.40699815429154906,63,63,"A RAPD marker associated with B chromosomes in Partamona helleri (Hymenoptera, Apidae)",2004,Scopus,Partamona,Partamona,Partamona,Neotropical,Meliponina,Neotropical,Meliponina,Partamona,1,CYTOGENETIC AND GENOME RESEARCH,10.1159/000079299
64,0.0158891336068202,0.011251731942178243,0.003792483643737196,0.7961762429587343,0.002612269994433818,0.13475281643227593,0.009909265391561966,0.0036240635725633998,7.447153929724894e-4,0.021247277064722524,64,64,The mitochondrial genome of Melipona fasciculata and Melipona quadrifasciata: molecular evolution dynamics in stingless bees (Hymenoptera: Meliponini) mitogenomes,2025,Scopus,Multiple,Multiple,Lepidotrigona; Melipona; Tetragonula,Multi-region,Multi-subtribe,Multi-region article,Multi-subtribe article,Lepidotrigona; Melipona; Tetragonula,3,JOURNAL OF APICULTURAL RESEARCH,10.1080/00218839.2025.2477412
65,0.001936970535395495,0.8735866251534535,0.0069906172367976355,0.010039122002234275,4.8311266324686965e-4,0.09657888849225005,2.465685518711813e-4,4.875593239047075e-4,0.008099714961296096,0.0015508210795504348,65,65,"Unveiling the Cultivation-Dependent Gut Bacterial Microbiota in the Feral Stingless Bee, Tetragonula iridipennis Smith (Hymenoptera: Apidae)",2025,Scopus,Tetragonula,Tetragonula,Tetragonula,Indo-Australasian,Hypotrigonina,Indo-Australasian,Hypotrigonina,Tetragonula,1,SOCIOBIOLOGY,10.13102/sociobiology.v72i3.11205
66,0.006369834357769629,3.606406646401661e-6,0.003090090572523096,0.0015162268518850198,2.7477928168937685e-4,0.18652703802164514,0.792088140690556,9.249395494639291e-4,1.1337968491023008e-4,0.009091964582911404,66,66,Evidence for morphological and genetic structuring of Plebeia flavocincta (Apidae: Meliponini) populations in Northeast Brazil,2022,Scopus,Plebeia,Plebeia,Plebeia,Neotropical,Meliponina,Neotropical,Meliponina,Plebeia,1,FRONTIERS IN ECOLOGY AND EVOLUTION,10.3389/fevo.2022.1057624
67,0.003054321898552906,6.429739335317823e-4,0.0012564481861753276,0.9754613256396567,0.0033656237269614427,0.005618047995095064,4.010985030031625e-4,0.009982179521475345,1.3328857377275293e-4,8.469202177475597e-5,67,67,Mitochondrial genome characterization of Melipona bicolor: Insights from the control region and gene expression data,2019,Scopus,Melipona,Melipona,Melipona,Neotropical,Meliponina,Neotropical,Meliponina,Melipona,1,GENE,10.1016/j.gene.2019.04.042
68,0.011984237060603512,5.142132625202659e-6,0.0036243912627419964,6.518100306488896e-4,0.0010244292963606453,0.022605577869825276,0.9434190651105442,0.003925843479825382,3.3535514512917524e-4,0.012424148611696016,68,68,Study of microsatellite markers in stingless bees Melipona colimana and M. beecheii from mesoamerica; [Estudio de microsatélites en las abejas sin aguijón Melipona colimana y M. beecheii de mesoamérica],2014,Scopus,Melipona,Melipona,Melipona,Neotropical,Meliponina,Neotropical,Meliponina,Melipona,1,ARCHIVOS DE ZOOTECNIA,10.4321/s0004-05922014000100014
69,0.47519602075819956,9.400005062107454e-4,9.567700703568082e-4,0.008422067270239496,0.46744643112327816,0.03579498119326648,0.006505261122164591,0.0013447382280675317,0.0012096190403617336,0.0021841106878549765,69,69,Cytogenomics of Frieseomelitta varia (Hymenoptera: Apidae) and the Sharing of a Satellite DNA Family in Several Neotropical Meliponini Genera,2025,Scopus,Frieseomelitta,Frieseomelitta,Frieseomelitta,Neotropical,Meliponina,Neotropical,Meliponina,Frieseomelitta,1,GENES,10.3390/genes16010086
70,0.005524065447125241,3.5627392922760214e-4,1.6379178581509926e-4,0.0018277626708970312,0.9792936115965236,0.0022643161503049917,0.0020690697443194422,0.0015961820948994718,7.910000673654374e-4,0.0061139265135217846,70,70,Similarity of heterochromatic regions in the stingless bees (Hymenoptera: Meliponini) revealed by chromosome painting,2014,Scopus,Multiple,Multiple,Melipona; Tetragonisca,Neotropical,Meliponina,Neotropical,Meliponina,Melipona; Tetragonisca,2,CARYOLOGIA,10.1080/0144235x.2014.974349
71,0.0089376922644437,0.2484259513502971,0.14872889218456223,0.016570296691459614,0.0016929219567404976,0.5230405521208663,0.00470057583514819,0.010286291774240789,0.016693297945529824,0.020923527876711936,71,71,"Extraction of genomic DNA from Melipona quadrifasciata (Hymenoptera: Apidae, Meliponinae)",1997,Scopus,Multiple,Multiple,Melipona; Scaptotrigona,Neotropical,Meliponina,Neotropical,Meliponina,Melipona,1,BRAZILIAN JOURNAL OF GENETICS,10.1590/s0100-84551997000300011
72,0.014175196856521643,0.0016695685064331697,0.010400028796174543,0.0033864120908438365,0.0016923763848537084,0.2895936906123277,0.5442511656417861,0.002848461060809319,0.0028320834992772654,0.12915101655097264,72,72,Molecular Characterization of the Indigenous Stingless Bees (Tetragonula spp. Complex) Using ISSR Marker from Southern Peninsular India,2018,Scopus,Tetragonula,Tetragonula,Tetragonula,Indo-Australasian,Hypotrigonina,Indo-Australasian,Hypotrigonina,Tetragonula,1,NEOTROPICAL ENTOMOLOGY,10.1007/s13744-017-0538-7
73,0.9765612845163026,0.0027030702154030323,0.00510205582862566,0.006349940516653313,9.470233060398062e-4,0.002087283850802004,0.004152218841018157,7.958149566781439e-4,0.0010900787560931518,2.112292123837326e-4,73,73,"Phylogenomic insights into the worldwide evolutionary relationships of the stingless bees (Apidae, Meliponini)",2024,Scopus,Multiple,Multiple,Cephalotrigona; Ebaiotrigona; Frieseomelitta; Lepidotrigona; Oxytrigona; Papuatrigona; Paratrigonoides; Pariotrigona; Trichotrigona,Multi-region,Multi-subtribe,Multi-region article,Multi-subtribe article,Cephalotrigona; Ebaiotrigona; Frieseomelitta; Lepidotrigona; Oxytrigona; Papuatrigona; Paratrigonoides; Pariotrigona; Trichotrigona,9,MOLECULAR PHYLOGENETICS AND EVOLUTION,10.1016/j.ympev.2024.108219
74,0.00479034784645641,2.2760907547634887e-4,0.056852496844751695,0.0014364468322795249,3.647224121830796e-4,0.0031176917561697307,0.1253067330568163,0.7961311515974074,0.0034589459678328843,0.008313854610626765,74,74,"Diploid males of Scaptotrigona depilis are able to join reproductive aggregations (Apidae, Meliponini)",2015,Scopus,Scaptotrigona,Scaptotrigona,Scaptotrigona,Neotropical,Meliponina,Neotropical,Meliponina,Scaptotrigona,1,JOURNAL OF HYMENOPTERA RESEARCH,10.3897/jhr.42.4769
75,0.0037382628338889657,0.001116387236152136,0.0026688790970838504,0.33714938942344075,0.001927995462738385,0.6460178980896624,0.003147793883609545,0.0016822689248538424,2.1048739668237405e-4,0.0023406376518874065,75,75,A protocol for isolating insect mitochondrial genomes: A case study of NUMT in Melipona flavolineata (Hymenoptera: Apidae),2016,Scopus,Melipona,Melipona,Melipona,Neotropical,Meliponina,Neotropical,Meliponina,Melipona,1,MITOCHONDRIAL DNA,10.3109/19401736.2015.1028049
76,0.0028855298001630855,8.9540881435182e-5,0.0014840080699574899,2.090845935064518e-4,0.013417822489753935,0.03012693132634274,0.32397279529942674,0.004261507935149135,0.0011367293448960607,0.6224160502593691,76,76,"Alelle number and heterozigosity for microsatellite loci in different stingless bee species (Hymenoptera: Apidae, Meliponini)",2006,Scopus,Multiple,Multiple,Melipona; Partamona; Plebeia; Scaptotrigona,Neotropical,Meliponina,Neotropical,Meliponina,Partamona; Plebeia,2,NEOTROPICAL ENTOMOLOGY,10.1590/s1519-566x2006000500011
77,0.008965271464597274,7.890311801226546e-4,3.8922520819962956e-4,0.05821148529361397,0.9197133232476794,0.004911641930429824,0.0013768152590062982,0.003253584564844599,6.376242470732095e-4,0.001751997604433139,77,77,The extensive amplification of heterochromatin in Melipona bees revealed by high throughput genomic and chromosomal analysis,2021,Scopus,Melipona,Melipona,Melipona,Neotropical,Meliponina,Neotropical,Meliponina,Melipona,1,CHROMOSOMA,10.1007/s00412-021-00764-x
78,0.1296141643264302,0.1377835363141266,0.03210170076788469,0.006934293555594765,0.023506366210470815,0.012718773397486546,0.029931004466979508,0.5785457727589376,0.018934560951253,0.02992982725083632,78,78,"A Study on Intraspecific Resource Partitioning in the Stingless bee Scaptotrigona mexicana Guérin (Apidae, Meliponini) Using Behavioral and Molecular Techniques",2016,Scopus,Scaptotrigona,Scaptotrigona,Scaptotrigona,Neotropical,Meliponina,Neotropical,Meliponina,Scaptotrigona,1,NEOTROPICAL ENTOMOLOGY,10.1007/s13744-016-0404-z
79,0.1039830289157927,0.001655451687000728,0.7572164577584171,0.003586889884725127,8.966479869870682e-4,0.029216162143862374,0.09030422491446917,0.006469164449407378,0.0044293304089912736,0.002242641850347479,79,79,Unraveling genetic parameters for the corbicular area of Tetragonisca angustula (Hymenoptera: Apidae),2024,Scopus,Tetragonisca,Tetragonisca,Tetragonisca,Neotropical,Meliponina,Neotropical,Meliponina,Tetragonisca,1,JOURNAL OF APICULTURAL RESEARCH,10.1080/00218839.2022.2077545
80,0.0026498026454386584,0.002115483690534509,7.407495958638453e-4,0.001216117962144494,0.0028381567517124897,0.0099276823766144,0.04088352263086322,0.003883225326567436,0.0013953574541343415,0.9343499015661266,80,80,"Glucose phosphate isomerase, malate dehydrogenase and isocitrate dehydrogenase allozyme variation in the stingless bee, trigona (tetragonula) fuscobalteata (insecta: hymenoptera: apidae), from peninsular malaysia",1987,Scopus,Multiple,Multiple,Tetragonula; Trigona,Multi-region,Multi-subtribe,Multi-region article,Multi-subtribe article,Tetragonula; Trigona,2,COMPARATIVE BIOCHEMISTRY AND PHYSIOLOGY -- PART B: BIOCHEMISTRY AND,10.1016/0305-0491(87)90037-x
81,0.0050032103554317735,1.7823421695443466e-5,0.0026612171893797202,2.0115796992236428e-4,0.0029985090951665802,0.021612543419413783,0.8253888019041916,0.003946262712830251,7.327067201329127e-4,0.1374377672118355,81,81,Isolation and characterization of ten microsatellite loci in stingless bee Trigona spinipes (Apidae: Meliponini),2015,Scopus,Multiple,Multiple,Frieseomelitta; Partamona; Tetragonisca; Trigona,Neotropical,Meliponina,Neotropical,Meliponina,Frieseomelitta; Partamona; Tetragonisca; Trigona,4,ENTOMOLOGICAL SCIENCE,10.1111/ens.12095
82,0.01039408576027385,1.1641381556202706e-4,0.00744235962389025,0.03404341232700871,0.004291559289157079,0.13859671477610172,0.6575488138972334,0.06667893346062004,9.044937393271479e-4,0.07998321331082596,82,82,Molecular genetic diversity in populations of the stingless bee Plebeia remota: A case study,2013,Scopus,Plebeia,Plebeia,Plebeia,Neotropical,Meliponina,Neotropical,Meliponina,Plebeia,1,GENETICS AND MOLECULAR BIOLOGY,10.1590/s1415-47572013000100017
83,0.003543572068730996,2.59101485732105e-4,1.0857022084078065e-4,0.0012888885912073636,0.9851793209054872,0.0012148671738413665,0.001455672384201444,0.0014657868029203103,6.853422762427923e-4,0.0047988780907957905,83,83,"Karyotypes and heterochromatin variation (C-bands) in Melipona species (Hymenoptera, Apidae, Meliponinae)",1998,Scopus,Melipona,Melipona,Melipona,Neotropical,Meliponina,Neotropical,Meliponina,Melipona,1,GENETICS AND MOLECULAR BIOLOGY,10.1590/s1415-47571998000100008
84,0.001963984667057585,0.005466692421232176,0.02779537282510891,5.135231815195366e-4,7.780370899121205e-5,0.0030152246185214753,0.001993716483728807,0.0015449228097339455,0.9573635890758386,2.6517020826795953e-4,84,84,Temporal changes in the microbiome of stingless bee foragers following colony relocation,2021,Scopus,Tetragonula,Tetragonula,Tetragonula,Indo-Australasian,Hypotrigonina,Indo-Australasian,Hypotrigonina,Tetragonula,1,FEMS MICROBIOLOGY ECOLOGY,10.1093/femsec/fiaa236
85,0.012006689510351798,6.160938379463007e-5,0.020168508128531458,6.979955872535257e-4,0.0011813968042325865,0.004073667928048737,0.6280879347032464,0.2666687086745267,0.054805613003436095,0.012247876276577778,85,85,Outbreeding and lack of temporal genetic structure in a drone congregation of the neotropical stingless bee Scaptotrigona mexicana,2012,Scopus,Scaptotrigona,Scaptotrigona,Scaptotrigona,Neotropical,Meliponina,Neotropical,Meliponina,Scaptotrigona,1,ECOLOGY AND EVOLUTION,10.1002/ece3.203
86,0.004601811527070022,5.397904006907605e-4,0.006840958032088565,7.789926143491059e-4,0.006957905804141755,0.02182841165194946,0.2516501401866134,0.16945193046786272,0.004301669036222855,0.5330483902790113,86,86,"Proportion of males sons-of-the-queen and sons-of-workers in Plebeia droryana (Hymenoptera, Apidae) estimated from data of an MDH isozymic polymorphic system",1984,Scopus,Plebeia,Plebeia,Plebeia,Neotropical,Meliponina,Neotropical,Meliponina,Plebeia,1,GENETICA,10.1007/bf00122905
87,0.007665309839054783,3.3057011938528917e-4,0.0020616185307957666,0.0018787144804108687,0.37853625525566575,0.009976661846771763,0.176650645409954,0.10852114572393895,0.0035228229107341397,0.31085625588328875,87,87,"Development of a SCAR marker for the analysis of B chromosome presence in Partamona helleri (Hymenoptera, Apidae)",2007,Scopus,Partamona,Partamona,Partamona,Neotropical,Meliponina,Neotropical,Meliponina,Partamona,1,CYTOGENETIC AND GENOME RESEARCH,10.1159/000097430
88,0.0019992702696044005,0.0037719163455278756,0.9749640874510405,0.0010247607988100008,5.055681807283687e-5,0.004400205679142137,0.004579432284557313,0.004030934166921086,0.004464847532107353,7.139886542166555e-4,88,88,Viruses in Brazilian stingless bees,2024,Scopus,Multiple,Multiple,Melipona; Nannotrigona; Partamona; Scaptotrigona; Tetragonisca; Trigona,Neotropical,Meliponina,Neotropical,Meliponina,Melipona; Nannotrigona; Partamona; Scaptotrigona; Tetragonisca; Trigona,6,JOURNAL OF APICULTURAL RESEARCH,10.1080/00218839.2024.2317066
89,0.001293288323049139,1.9445878065990178e-5,0.0013021127309082465,5.644712873928722e-5,0.0018537549065757012,0.005475735449152948,0.5444218450173087,0.024577869395882697,8.07574479570993e-4,0.4201919266907464,89,89,"Gene variation, population differentiation, and sociogenetic structure of nests of partamona seridoensis (Hymenoptera: Apidae, Meliponini)",2012,Scopus,Partamona,Partamona,Partamona,Neotropical,Meliponina,Neotropical,Meliponina,Partamona,1,BIOCHEMICAL GENETICS,10.1007/s10528-011-9465-1
90,0.002041042576520121,0.005913813921154447,0.04195720197509425,2.8562152102701006e-4,8.304598427382332e-4,0.001959931821502444,0.0020055953432233297,0.006187190643386836,0.9368371823005065,0.0019819600548471534,90,90,The Insecticide Imidacloprid Decreases Nannotrigona Stingless Bee Survival and Food Consumption and Modulates the Expression of Detoxification and Immune-Related Genes,2022,Scopus,Nannotrigona,Other_rare_genera,Nannotrigona,Neotropical,Meliponina,Neotropical,Meliponina,Nannotrigona,1,INSECTS,10.3390/insects13110972
91,0.7889553287355479,2.0528261783012904e-5,0.0027369186922194923,0.0010948376228859759,0.004167555450076769,0.006557424877868747,0.19187901709027583,0.0031774707508994506,5.67844616304766e-4,8.430739021383221e-4,91,91,"Molecular species delimitation and historical biogeography among species of the genus Partamona (Hymenoptera: Apidae: Meliponini), with emphasis on the Eastern group from South America",2025,Scopus,Partamona,Partamona,Partamona,Neotropical,Meliponina,Neotropical,Meliponina,Partamona,1,ZOOLOGICAL JOURNAL OF THE LINNEAN SOCIETY,10.1093/zoolinnean/zlaf006
92,0.0019629901507458745,1.4526298036660097e-5,0.0013563031531492202,9.093887673117776e-5,0.002302336768103158,0.01887226977059977,0.6735550922673517,0.00313739430696472,5.079313485891546e-4,0.2982002170597287,92,92,"Genetic variability in five populations of Partamona helleri (Hymenoptera, Apidae) from Minas Gerais state, Brazil",2010,Scopus,Partamona,Partamona,Partamona,Neotropical,Meliponina,Neotropical,Meliponina,Partamona,1,GENETICS AND MOLECULAR BIOLOGY,10.1590/s1415-47572010005000087
93,0.04963156485806657,2.6078765820467645e-5,0.0043531777837524975,0.001531732728760693,0.003058560502235458,0.09859707406722346,0.8125947668699512,0.002790857854077794,5.446633533915789e-4,0.02687152321672009,93,93,Morphometric and genetic analyses differentiate Mesoamerican populations of the endangered stingless bee Melipona beecheii (Hymenoptera: Meliponidae) and support their conservation as two separate units,2012,Scopus,Melipona,Melipona,Melipona,Neotropical,Meliponina,Neotropical,Meliponina,Melipona,1,JOURNAL OF INSECT CONSERVATION,10.1007/s10841-012-9457-4
94,0.007230115628779973,0.0014754172932790466,0.22203956871663688,0.004705037529307946,1.580183538041767e-4,0.6801210121275199,0.07044903961257865,0.0015825571567270483,0.0028291094645961404,0.00941012411677046,94,94,"DNA Barcoding applied to the identification of Meliponini in the Lençóis Maranhenses microregion, Brazil; [DNA Barcoding aplicado à identificação de meliponíneos na microrregião Lençóis Maranhenses, Brasil]",2025,Scopus,Melipona,Melipona,Melipona,Neotropical,Meliponina,Neotropical,Meliponina,Melipona,1,BRAZILIAN JOURNAL OF BIOLOGY,10.1590/1519-6984.295935
95,0.52384973593203,3.3500059600076427e-4,6.027672517306081e-4,0.0033919088776864933,0.4593297131722946,0.002290961079140356,0.005696498378502916,0.0028088778590948183,0.0010424667687806111,6.520700847392536e-4,95,95,Robertsonian rearrangements in Neotropical Meliponini karyotype evolution (Hymenoptera: Apidae: Meliponini),2021,Scopus,Melipona,Melipona,Melipona,Neotropical,Meliponina,Neotropical,Meliponina,Melipona,1,INSECT MOLECULAR BIOLOGY,10.1111/imb.12702
96,0.003584931117640671,7.185666097160084e-6,0.0017687963328024644,9.10194330460203e-5,0.002178098308130243,0.009043542672852472,0.8785250558814846,0.0034329853160163203,4.866807161998901e-4,0.1008817045557303,96,96,"Microsatellite loci for an endemic stingless bee Melipona seminigra merrillae (Apidae, meliponini) from Amazon",2009,Scopus,Melipona,Melipona,Melipona,Neotropical,Meliponina,Neotropical,Meliponina,Melipona,1,CONSERVATION GENETICS RESOURCES,10.1007/s12686-009-9113-9
97,0.008470977707432622,0.0027567952727055836,0.11546280340118278,0.08270734915759508,9.557444962330605e-4,0.7485185936448443,0.027032998567810735,0.004665060067502901,0.001569882313998879,0.007859795370694346,97,97,Mitochondrial DNA characterization of five species of Plebeia (Apidae: Meliponini): RFLP and restriction maps,2001,Scopus,Multiple,Multiple,Plebeia; Scaptotrigona,Neotropical,Meliponina,Neotropical,Meliponina,Plebeia,1,APIDOLOGIE,10.1051/apido:2001132
98,0.013493640222399525,0.002168993797828385,0.01406783652295477,0.014749120555711228,2.801233643379194e-4,0.03882369593692203,0.06977625879664313,0.8330224465860779,0.00840812162937647,0.005209762587748758,98,98,Shifting range in a stingless bee leads to pre-mating reproductive interference between species,2023,Scopus,Tetragonula,Tetragonula,Tetragonula,Indo-Australasian,Hypotrigonina,Indo-Australasian,Hypotrigonina,Tetragonula,1,CONSERVATION GENETICS,10.1007/s10592-023-01512-7
99,0.0028838228076612897,5.961568376320078e-4,2.499167603175647e-4,8.293705546278072e-4,0.9257403162419581,0.0035009782345913417,0.005160081024712364,0.0028193751948412996,0.0015316148277085674,0.05668836751594965,99,99,"Karyotypic description of the stingless bee Melipona quinquefasciata Lepeletier, 1836 (Hymenoptera, Meliponini) with emphasis on the presence of B chromosomes",2018,Scopus,Melipona,Melipona,Melipona,Neotropical,Meliponina,Neotropical,Meliponina,Melipona,1,COMPARATIVE CYTOGENETICS,10.3897/compcytogen.v12i4.29165
100,0.0029474641278781142,4.301959185608719e-6,0.001287598566582829,7.86172391254075e-5,0.0014775421716245495,0.008461580814113929,0.8990827626499006,0.0031206259735885636,3.4490511540106507e-4,0.08319460138259935,100,100,"Genetic variability and population structure in Melipona scutellaris (Hymenoptera: Apidae) from Bahia, Brazil, based on molecular markers",2013,Scopus,Melipona,Melipona,Melipona,Neotropical,Meliponina,Neotropical,Meliponina,Melipona,1,APIDOLOGIE,10.1007/s13592-013-0220-y
101,0.014416855654620047,2.6147666829771016e-4,0.01973304934386644,0.002809013873840813,1.5736958547495314e-4,0.0061328027218803755,0.4469570366287234,0.5013102358142753,0.004145984440553534,0.004076175268467546,101,101,Males Are Capable of Long-Distance Dispersal in a Social Bee,2022,Scopus,Tetragonula,Tetragonula,Tetragonula,Indo-Australasian,Hypotrigonina,Indo-Australasian,Hypotrigonina,Tetragonula,1,FRONTIERS IN ECOLOGY AND EVOLUTION,10.3389/fevo.2022.843156
102,0.005425130740465418,0.0025816463576055545,9.638421968657351e-4,0.033175925961469385,0.4140577346002393,0.4354690989877123,0.0071671561927567785,0.0029550434648049754,0.0012153814242405944,0.09698904007384039,102,102,Possible introgression of B chromosomes between bee species (genus partamona),2014,Scopus,Partamona,Partamona,Partamona,Neotropical,Meliponina,Neotropical,Meliponina,Partamona,1,CYTOGENETIC AND GENOME RESEARCH,10.1159/000370171
103,0.016654963914960314,0.006191961896537871,0.0175674503159087,0.009848118737554843,0.8813131883853327,0.01100614320605959,0.011222859098006676,0.013054272529129465,0.011985198592063909,0.021155843324446044,103,103,"Karyological Analysis of a Stingless Bee, Melipona favosa (Apidae, Hymenoptera)",1988,Scopus,Melipona,Melipona,Melipona,Neotropical,Meliponina,Neotropical,Meliponina,Melipona,1,CYTOLOGIA,10.1508/cytologia.53.153
104,9.450958679081963e-4,0.9108265725975337,0.005741606033942956,0.004119059668866863,1.749140546807892e-4,0.07294595881847174,1.335328357096894e-4,2.4597403142075406e-4,0.0036680420853176902,0.0011992440061474802,104,104,Effect of symbiotic bee fungus on survival of stingless bee Heterotrigona itama larvae,2022,Scopus,Heterotrigona,Heterotrigona,Heterotrigona,Indo-Australasian,Hypotrigonina,Indo-Australasian,Hypotrigonina,Heterotrigona,1,MALAYSIAN JOURNAL OF MICROBIOLOGY,10.21161/mjm.211205
105,0.003196851986852284,8.767366514445088e-5,0.0029509720310689886,1.7797524032967836e-4,0.0051776762247364005,0.01698282945170451,0.46710297870702,0.016454571323984937,0.0020542112169083665,0.48581426015225043,105,105,An absence of enzyme variability within two species of Trigona (Hymenoptera),1983,Scopus,Trigona,Trigona,Trigona,Neotropical,Meliponina,Neotropical,Meliponina,Trigona,1,HEREDITY,10.1038/hdy.1983.12
106,0.0010347710235600245,0.2703897304123578,0.008763824657262472,3.950484993654803e-4,0.0026395996567662506,0.01788005788987089,0.0055236662216403875,0.0037243377755331224,0.5241559828024752,0.1654929810611684,106,106,"Distinct fungal microbiomes of two Thai commercial stingless bee species, Lepidotrigona terminata and Tetragonula pagdeni suggest a possible niche separation in a shared habitat",2024,Scopus,Multiple,Multiple,Lepidotrigona; Tetragonula,Indo-Australasian,Hypotrigonina,Indo-Australasian,Hypotrigonina,Lepidotrigona; Tetragonula,2,FRONTIERS IN CELLULAR AND INFECTION MICROBIOLOGY,10.3389/fcimb.2024.1367010
107,0.0027887346577193774,2.200959318980828e-6,0.0011216012892032118,6.959171641533888e-5,9.783798881200737e-4,0.006000521171669958,0.9399891875416261,0.00287441756152127,2.404606805858098e-4,0.045934904533820035,107,107,Genetic structure of drone congregations of the stingless bee Scaptotrigona mexicana,2008,Scopus,Scaptotrigona,Scaptotrigona,Scaptotrigona,Neotropical,Meliponina,Neotropical,Meliponina,Scaptotrigona,1,INSECTES SOCIAUX,10.1007/s00040-007-0966-1
108,0.015355890581451764,3.821085174391105e-5,0.04545732829473867,0.003216664789609174,4.5345068419559703e-4,0.08511083155934376,0.8352607463776172,0.005300792457002048,8.559155793724246e-4,0.00895016882492543,108,108,"Genetic and morphometric variation in populations of Partamona cupira and Partamona mulata, stingless bees endemic to the Cerrado biome in Brazil",2025,Scopus,Partamona,Partamona,Partamona,Neotropical,Meliponina,Neotropical,Meliponina,Partamona,1,BIOLOGICAL JOURNAL OF THE LINNEAN SOCIETY,10.1093/biolinnean/blae072
109,0.004391969746250741,0.01337687401678134,0.5523581697331355,0.005666111356773735,3.774123915896198e-4,0.37826377139642514,0.01541687221567016,0.003334785756341594,0.005852837119988046,0.020961196267044076,109,109,"ENHANCED DNA EXTRACTION FROM TRIGONA HONEY: A LOW-VOLUME OF SAMPLE, HIGH-PURITY APPROACH FOR MOLECULAR RESEARCH",2025,Scopus,Trigona,Trigona,Trigona,Neotropical,Meliponina,Neotropical,Meliponina,Trigona,1,POLISH JOURNAL OF NATURAL SCIENCES,10.31648/pjns.11421
110,0.0029206690162800206,0.006003902708607436,0.002239196585670489,0.980290775805363,4.3771003085581964e-4,0.006759018688496472,1.2197152680657253e-4,9.699362172216205e-4,2.482356007891522e-4,8.583819909392468e-6,110,110,"Complete Mitochondrial Genome Characterization and Phylogenomics of the Stingless Bee, Heterotrigona itama (Apidae: Meliponini)",2025,Scopus,Multiple,Multiple,Heterotrigona; Tetragonula,Indo-Australasian,Hypotrigonina,Indo-Australasian,Hypotrigonina,Heterotrigona,1,INSECTS,10.3390/insects16050535
111,0.2113033208193869,2.909731999656948e-4,0.008317856206342844,5.915273903878482e-4,0.010828603782096928,0.047451596102791524,0.6164868165829002,0.007127632103059942,0.015604654848853766,0.08199701896421437,111,111,"Morphometrical, biochemical and molecular tools for assessing biodiversity. An example in Plebeia remota (Holmberg, 1903) (Apidae, Meliponini)",2008,Scopus,Plebeia,Plebeia,Plebeia,Neotropical,Meliponina,Neotropical,Meliponina,Plebeia,1,INSECTES SOCIAUX,10.1007/s00040-008-0992-7
112,0.0014481658207805925,0.001502475127979484,0.002107293115641442,0.0034337103692904615,0.0034386420608007047,0.7371982462058327,0.01688689075226249,0.001551165157422382,8.193330428738701e-4,0.23161407834711586,112,112,Development of a species-diagnostic marker for identification of the stingless bee Trigona pagdeni in Thailand,2010,Scopus,Trigona,Trigona,Trigona,Neotropical,Meliponina,Neotropical,Meliponina,Trigona,1,BIOCHEMICAL GENETICS,10.1007/s10528-009-9300-0
113,0.0036117012391625168,3.662214441836756e-4,0.004161512704800528,6.16201837948006e-4,0.005138903160389523,0.012148029471516743,0.20394275463346237,0.3316596506574364,0.0033737353680366538,0.4349812894830637,113,113,"Quantitative genetics of multivariate morphometric variation in the neotropical stingless bee, Scaptotrigona postica (Hymenoptera: Meliponinae)",1994,Scopus,Scaptotrigona,Scaptotrigona,Scaptotrigona,Neotropical,Meliponina,Neotropical,Meliponina,Scaptotrigona,1,BRAZILIAN JOURNAL OF GENETICS,
114,0.005177271538575148,9.115299350083368e-5,0.002891434062450678,5.566751785923437e-4,0.00475597186880047,0.12891800875193357,0.47507241327348293,0.0029412249376326582,8.539006589555121e-4,0.3787419467360759,114,114,Geographic distribution and spatial differentiation in the color pattern of abdominal stripes of the neotropical stingless bee Melipona quadrifasciata (Hymenoptera:Apidae),2009,Scopus,Melipona,Melipona,Melipona,Neotropical,Meliponina,Neotropical,Meliponina,Melipona,1,ZOOLOGIA,10.1590/s1984-46702009000200003
115,0.0030444236255098623,0.005952907469047856,0.1268495142815882,0.007981379799219602,1.5959352224161486e-5,0.8360394729541071,0.014540406047325675,3.66408847857161e-4,0.0034954112213281445,0.0017141164017921604,115,115,"Stingless Bee, Tetragonula iridipennis Smith, 1854 (Hymenoptera: Apidae: Meliponini): Molecular and Morphological Characterization",2018,Scopus,Tetragonula,Tetragonula,Tetragonula,Indo-Australasian,Hypotrigonina,Indo-Australasian,Hypotrigonina,Tetragonula,1,PROCEEDINGS OF THE NATIONAL ACADEMY OF SCIENCES INDIA SECTION B - BIOLOGICAL SCIENCES,10.1007/s40011-016-0757-4
116,0.002186088184891202,0.0014879639923780555,0.0011077364093952547,0.9879787155794382,3.525137517817517e-4,0.005958986217516489,1.4271370001177206e-4,6.801574967943041e-4,9.899512058695459e-5,6.129547206449708e-6,116,116,"Heteroplasmy, inverted repeats, and genetic differentiation of the stingless bee Heterotrigona itama (Hymenoptera, Apidae, Meliponini) mitochondrial genome",2025,Scopus,Heterotrigona,Heterotrigona,Heterotrigona,Indo-Australasian,Hypotrigonina,Indo-Australasian,Hypotrigonina,Heterotrigona,1,APIDOLOGIE,10.1007/s13592-025-01230-8
117,0.854556484964563,4.8083869322685643e-4,0.003929753411390728,0.06294092381211391,0.0026587693747877677,0.023368813762377903,0.04865450311318733,0.002495949418932289,8.032876798981662e-4,1.1067576952150288e-4,117,117,Reassessing Hybridisation in Australian Tetragonula Stingless Bees Using Multiple Genetic Markers,2025,Scopus,Tetragonula,Tetragonula,Tetragonula,Indo-Australasian,Hypotrigonina,Indo-Australasian,Hypotrigonina,Tetragonula,1,ECOLOGY AND EVOLUTION,10.1002/ece3.70912
118,0.011885495033398868,0.2741222879585847,0.014138103467175327,0.313830144830942,6.141232523702895e-4,0.37721384432507715,0.0032963041969302567,0.0010595690318665298,7.440999981289233e-4,0.0030960279055257754,118,118,"Scaptona ramosa gen. nov., sp. nov., isolated from nest of the stingless bee",2024,Scopus,Scaptotrigona,Scaptotrigona,Scaptotrigona,Unassigned,Unassigned,No region assigned,No subtribe assigned,NA,0,INTERNATIONAL JOURNAL OF SYSTEMATIC AND EVOLUTIONARY MICROBIOLOGY,10.1099/ijsem.0.006227
119,0.027087977448724963,1.1121776358897962e-4,0.02874208960518924,0.004744561805613874,7.84722370890121e-4,0.4655537635526627,0.45531463246095405,0.0021842842812488136,9.078595399489757e-4,0.014568891171178107,119,119,"Mitochondrial DNA: a promising tool for characterising the population of the Tiúba stingless bee, Melipona fasciculata (Apidae, Meliponini); [DNA mitocondrial: uma ferramenta promissora para caracterizar a população da abelha-sem-ferrão Tiúba, Melipona fasciculata (Apidae, Meliponini)]",2024,Scopus,Melipona,Melipona,Melipona,Neotropical,Meliponina,Neotropical,Meliponina,Melipona,1,BRAZILIAN JOURNAL OF BIOLOGY,10.1590/1519-6984.288003
120,0.03326088497033702,4.331922941642586e-5,0.0019272510786262802,9.875210133303363e-4,0.07586126420695558,0.022436113260234317,0.7415723072073334,0.007602173249703087,0.001173628953124016,0.11513553683093934,120,120,"Characterization of microsatellite loci of tetragonisca angustula (Hymenoptera, Apidae, Meliponini)",2009,Scopus,Multiple,Multiple,Lestrimelitta; Schwarziana; Tetragonisca,Neotropical,Meliponina,Neotropical,Meliponina,Lestrimelitta; Schwarziana; Tetragonisca,3,CONSERVATION GENETICS RESOURCES,10.1007/s12686-009-9045-4
121,0.0025432081980216142,0.4766817326047107,0.008122587973706916,0.006063220277548528,0.003252360258388879,0.0018202039678855034,1.8437308445391336e-4,0.4805417445638133,0.017457869921637715,0.003332699149832984,121,121,Stingless Bee Larvae Require Fungal Steroid to Pupate,2018,Scopus,Scaptotrigona,Scaptotrigona,Scaptotrigona,Neotropical,Meliponina,Neotropical,Meliponina,Scaptotrigona,1,SCIENTIFIC REPORTS,10.1038/s41598-018-19583-9
122,0.001444970963763027,0.004350262347401641,0.9807249283364211,0.0015202549248675068,1.2674041523989855e-6,0.005438168121703037,0.0027817996975169814,7.328345072759392e-4,0.0029644394278188083,4.10742690794228e-5,122,122,Black queen cell virus detected in endemic African stingless bees (Apidae: Meliponinae),2024,Scopus,Multiple,Multiple,Hypotrigona; Meliponula,Afrotropical,Hypotrigonina,Afrotropical,Hypotrigonina,Hypotrigona; Meliponula,2,INTERNATIONAL JOURNAL OF TROPICAL INSECT SCIENCE,10.1007/s42690-024-01303-8
123,0.0022220525641875725,0.002342813745487956,0.005750774472165603,0.0067351045167110485,4.856419476515399e-5,0.9729403358906298,0.007261864371587735,1.0566324064123771e-4,5.999134222973273e-4,0.0019929135815269523,123,123,"Species description, morphometric measurement and molecular identification of stingless bees (Hymenoptera: Apidae: Meliponini) in meliponiculture industry in West Java Province, Indonesia",2021,Scopus,Multiple,Multiple,Heterotrigona; Lepidotrigona; Tetragonula,Indo-Australasian,Hypotrigonina,Indo-Australasian,Hypotrigonina,Heterotrigona; Lepidotrigona; Tetragonula,3,SERANGGA,
124,0.00290302579857298,1.883630137943488e-4,6.876225834659758e-5,0.0010561471063948165,0.9895481477398271,8.746638867101489e-4,9.377957683007052e-4,9.100365743629922e-4,4.5629774332368856e-4,0.0030567601103661003,124,124,"Karyotypic description and repetitive DNA chromosome mapping of melipona interrupta latreille, 1811 (Hymenoptera: Meliponini)",2019,Scopus,Melipona,Melipona,Melipona,Neotropical,Meliponina,Neotropical,Meliponina,Melipona,1,CARYOLOGIA,10.13128/cayologia-239
125,0.0010991935028398904,0.0020497940454147594,0.0023851820038364334,0.0014999000336155198,0.0057590458885375265,0.15846573973556619,0.02613487571854936,0.019315094121695842,0.0019830755049804016,0.7813080994449642,125,125,"A molecular marker distinguishes the subspecies Melipona quadrifasciata quadrifasciata and Melipona quadrifasciata anthidioides (Hymenoptera: Apidae, Meliponinae)",2000,Scopus,Melipona,Melipona,Melipona,Neotropical,Meliponina,Neotropical,Meliponina,Melipona,1,GENETICS AND MOLECULAR BIOLOGY,10.1590/s1415-47572000000300019
126,0.007001257288791976,1.5872381961545473e-4,0.007564337582371104,0.004283670619176037,0.002021557917828382,0.2843028301198488,0.5075406958988955,0.038300621810590255,0.0017668232398227286,0.14705948170305974,126,126,Very low mitochondrial variability in a stingless bee endemic to cerrado,2013,Scopus,Partamona,Partamona,Partamona,Neotropical,Meliponina,Neotropical,Meliponina,Partamona,1,GENETICS AND MOLECULAR BIOLOGY,10.1590/s1415-47572013000100018
127,0.029502625505028482,3.395849139236291e-5,0.019255338674722688,6.814238388080291e-4,1.0025972296957809e-4,0.00895953010800053,0.9376583381422288,0.0014710970252517542,0.0012345573226772294,0.0011028711689208331,127,127,"Genetic diversity and population structure of an endemic bee Wallacetrigona incisa in South Sulawesi, Indonesia",2025,Scopus,Wallacetrigona,Other_rare_genera,Wallacetrigona,Indo-Australasian,Hypotrigonina,Indo-Australasian,Hypotrigonina,Wallacetrigona,1,BIODIVERSITAS,10.13057/biodiv/d260235
128,0.0017749412166641425,0.7761139452563451,0.02703559507146897,0.0037455312301443444,0.0014849949115876507,0.0023916665989512985,1.8351616097750696e-4,0.16807949654939974,0.015995672476953052,0.0031946405275086243,128,128,Fungal diversity in larval diets of Melipona interrupta: Impacts on queen development and survival,2025,Scopus,Melipona,Melipona,Melipona,Neotropical,Meliponina,Neotropical,Meliponina,Melipona,1,GENETICS AND MOLECULAR BIOLOGY,10.1590/1678-4685-gmb-2025-0021
129,0.006577751633886665,2.512390076667882e-4,0.028393814935585744,0.0053050081124974054,3.163375040009009e-4,0.8198095374144911,0.12385439947764423,0.001270243339828607,7.808815156161783e-4,0.013440787058782742,129,129,"Intraspecific variation in the first internal transcribed spacer (ITS1) of the nuclear ribosomal DNA in Melipona subnitida (Hymenoptera, Apidae), an endemic stingless bee from northeastern Brazil",2006,Scopus,Multiple,Multiple,Melipona; Scaptotrigona,Neotropical,Meliponina,Neotropical,Meliponina,Melipona,1,APIDOLOGIE,10.1051/apido:2006003
130,0.0504516295726906,5.621225817480208e-4,4.1131195409242554e-4,0.003938924275346954,0.931200038391954,0.002825867273768086,0.003331873677534926,0.003517266294400036,0.0012803699528066196,0.0024805960256578754,130,130,Insights into the heterochromatin evolution in the genus Melipona (Apidae: Meliponini),2020,Scopus,Melipona,Melipona,Melipona,Neotropical,Meliponina,Neotropical,Meliponina,Melipona,1,INSECTES SOCIAUX,10.1007/s00040-020-00773-6
131,2.602933306478697e-4,0.9902850312210538,0.0030328169519311353,0.0018619601147337153,6.989353409561577e-5,0.0018419543695727119,6.644396607223577e-6,1.9829060627082014e-4,0.0023834467925424744,5.9668682543792534e-5,131,131,Probiotic properties of bacteria isolated from bee bread of stingless bee Heterotrigona itama,2020,Scopus,Heterotrigona,Heterotrigona,Heterotrigona,Indo-Australasian,Hypotrigonina,Indo-Australasian,Hypotrigonina,Heterotrigona,1,JOURNAL OF APICULTURAL RESEARCH,10.1080/00218839.2020.1801152
132,0.3040848651133005,0.0014032835494957774,0.002144429096111185,0.00878928573361277,0.4786621697906516,0.003888553799345623,0.013993615366098453,0.17759744355950774,0.004337396047342387,0.005098957944534234,132,132,"Detection of diploid males in a natural colony of the cleptobiotic bee Lestrimelitta sp (Hymenoptera, apidae)",2010,Scopus,Lestrimelitta,Other_rare_genera,Lestrimelitta,Neotropical,Meliponina,Neotropical,Meliponina,Lestrimelitta,1,GENETICS AND MOLECULAR BIOLOGY,10.1590/s1415-47572010000300019
133,0.0036853264572368548,0.0012738665647396583,0.003608745703360003,0.01565829979204178,6.557609238379379e-4,0.07564129017170083,0.0055469449002885475,0.8855169512988771,0.001547137900754544,0.006865676287163138,133,133,"Gene expression profiles underlying alternative caste phenotypes in a highly eusocial bee, Melipona quadrifasciata",2006,Scopus,Multiple,Multiple,Melipona; Scaptotrigona,Neotropical,Meliponina,Neotropical,Meliponina,Melipona,1,INSECT MOLECULAR BIOLOGY,10.1111/j.1365-2583.2005.00605.x
134,0.010025000900822761,0.0064818003158386,0.0035032201366704137,0.019223250548531048,0.29738335658508747,0.2071610205138969,0.005469222935270367,0.003351837790750094,0.42352296935843015,0.023878320914702305,134,134,DNA methylation in stingless bees with low and high heterochromatin contents as assessed by restriction enzyme digestion and image analysis,2006,Scopus,Melipona,Melipona,Melipona,Neotropical,Meliponina,Neotropical,Meliponina,Melipona,1,CYTOMETRY PART A,10.1002/cyto.a.20312
135,0.00441697898394158,8.120883171381676e-4,4.2554268298804047e-4,0.0022403556535236114,0.9121666076645353,0.003989282500201229,0.007028873397065738,0.01859632590047686,0.0019634763525809965,0.04836046854754853,135,135,"Cytogenetic characterization of Partamona cupira (Hymenoptera, Apidae) by fluorochromes",2010,Scopus,Partamona,Partamona,Partamona,Neotropical,Meliponina,Neotropical,Meliponina,Partamona,1,GENETICS AND MOLECULAR BIOLOGY,10.1590/s1415-47572010005000029
136,9.648013004332284e-4,0.001148362650299749,0.0019165276475235809,0.0020189593011394292,0.0028570052971492598,0.6873023745270944,0.015659603346008362,0.0015605887668437254,7.062610700489701e-4,0.2858655160934593,136,136,Matrilineage differentiation of the genus Tetragonisca using mitochondrial DNA markers and the polymerase chain reaction-restriction fragment length polymorphism technique,2015,Scopus,Tetragonisca,Tetragonisca,Tetragonisca,Neotropical,Meliponina,Neotropical,Meliponina,Tetragonisca,1,GENETICS AND MOLECULAR RESEARCH,10.4238/2015.october.21.2
137,0.004052530505499183,7.581887126450214e-5,0.16973648198981056,4.229880366366128e-4,9.148397890336543e-6,0.007430959706481933,0.8131628699650875,0.0021486485986958004,0.0015663113485494405,0.0013942425800839062,137,137,Anthropogenic hive movements are changing the genetic structure of a stingless bee (Tetragonula carbonaria) population along the east coast of Australia,2018,Scopus,Tetragonula,Tetragonula,Tetragonula,Indo-Australasian,Hypotrigonina,Indo-Australasian,Hypotrigonina,Tetragonula,1,CONSERVATION GENETICS,10.1007/s10592-017-1040-9
138,0.0010736792461372702,0.5963101232562695,0.38194572140253646,0.00278905915102673,1.380104616860179e-5,0.00562971159188986,2.273232132802904e-4,9.98322513286261e-4,0.010886651269403951,1.2560731000087818e-4,138,138,Stingless bee honey: Evaluating its antibacterial activity and bacterial diversity,2020,Scopus,Multiple,Multiple,Heterotrigona; Homotrigona,Indo-Australasian,Hypotrigonina,Indo-Australasian,Hypotrigonina,Heterotrigona; Homotrigona,2,INSECTS,10.3390/insects11080500
139,0.3267070979617675,0.0018039282256040667,0.0018149614492447477,0.03361039040104791,0.5106317680068072,0.10640331280457242,0.010183928902587343,0.0024586608775447145,0.001557127616221707,0.004828823754602471,139,139,The Satellite DNAs Populating the Genome of Trigona hyalinata and the Sharing of a Highly Abundant satDNA in Trigona Genus,2023,Scopus,Trigona,Trigona,Trigona,Neotropical,Meliponina,Neotropical,Meliponina,Trigona,1,GENES,10.3390/genes14020418
140,0.08343716979983588,7.618246671430458e-5,0.004732766556050759,0.002046550551240452,0.004870114615389352,0.17804694600738066,0.6711285011696855,0.004335219156376412,8.636953014785327e-4,0.05046285437584808,140,140,Morphometric and genetic differentiation in isolated populations of the endangered Mesoamerican stingless bee Melipona yucatanica (Hymenoptera: Apoidea) suggest the existence of a two species complex,2010,Scopus,Melipona,Melipona,Melipona,Neotropical,Meliponina,Neotropical,Meliponina,Melipona,1,CONSERVATION GENETICS,10.1007/s10592-010-0087-7
141,0.037657429683625836,0.49400800880439283,0.008957986224139784,0.1029450110947657,0.00133868994340062,0.25856072563075233,0.017168761670443476,0.055627730881941125,0.002227525956599314,0.02150813010993865,141,141,"Starmerella neotropicalis f. a., sp. nov., a yeast species found in bees and pollen",2013,Scopus,Melipona,Melipona,Melipona,Unassigned,Unassigned,No region assigned,No subtribe assigned,NA,0,INTERNATIONAL JOURNAL OF SYSTEMATIC AND EVOLUTIONARY MICROBIOLOGY,10.1099/ijs.0.055897-0
142,0.005232137118241578,3.814893721540961e-6,0.002759736760424721,7.078652231271238e-4,4.647316743400343e-4,0.06868033754915931,0.9035911729149871,0.001547599635699558,1.6569414237075364e-4,0.01684691008792861,142,142,Genetic diversity and population structure of Trigona pagdeni Schwarz in Thailand,2008,Scopus,Trigona,Trigona,Trigona,Neotropical,Meliponina,Neotropical,Meliponina,Trigona,1,APIDOLOGIE,10.1051/apido:2008026
143,0.05221354513227074,1.2949625341709671e-5,0.003671846967082348,0.0025202659540900113,0.0018611200722888303,0.08666761186155063,0.8357122307698539,0.006343069101675137,4.0589023255132185e-4,0.010591470283295138,143,143,"Morphological and molecular characters reveal differentiation in a Neotropical social bee, Melipona beecheii (Apidae: Meliponini)",2007,Scopus,Melipona,Melipona,Melipona,Neotropical,Meliponina,Neotropical,Meliponina,Melipona,1,APIDOLOGIE,10.1051/apido:2007006
144,0.008395014923466818,0.38568507307667327,0.002614439981624739,0.5551433012385031,0.03818674963991292,0.005275506014297724,3.1527052230602626e-4,0.002677909743393722,0.0011164352430014428,5.902996168203406e-4,144,144,"Complete Genome Sequence of Bacillus velezensis GMEKP1, Isolated from a Natural Bamboo Hive of Stingless Bees",2021,Scopus,Trigona,Trigona,Trigona,Unassigned,Unassigned,No region assigned,No subtribe assigned,NA,0,MICROBIOLOGY RESOURCE ANNOUNCEMENTS,10.1128/mra.00659-21
145,6.304040327977915e-4,0.9934915933335945,0.0023543786839503914,0.0017145810117064981,8.114866614495212e-5,3.9620856373139647e-4,1.6548856038593328e-5,3.1486760646269287e-4,9.02294218696706e-4,9.797502687588869e-5,145,145,"The screening of probiotic lactic acid bacteria from honey of stingless bee from West Sumatra, Indonesia and using as starter culture",2022,Scopus,Multiple,Multiple,Geniotrigona; Heterotrigona; Tetragonula,Unassigned,Unassigned,No region assigned,No subtribe assigned,NA,0,BIODIVERSITAS,10.13057/biodiv/d231235
146,0.032066986886782424,4.320257140885645e-4,0.01503501622184962,0.1717594207029327,0.025117146137756004,0.22586294696440506,0.44502843958984106,0.03425516655255208,0.0015774625600330331,0.04886538866975953,146,146,Characterization of dinucleotide microsatellite loci for stingless bees,1999,Scopus,Scaptotrigona,Scaptotrigona,Scaptotrigona,Neotropical,Meliponina,Neotropical,Meliponina,Scaptotrigona,1,MOLECULAR ECOLOGY,10.1046/j.1365-294x.1999.00874.x
147,0.015584789434859544,0.04140156454900683,0.1189030334312861,0.07437351952872363,3.648926097418319e-4,0.007758613623218513,0.00288274649705987,0.015535042883269252,0.7216093526453469,0.0015864447974879346,147,147,Functional orthologs of honeybee CYP6AQ1 in stingless bees degrade the butenolide insecticide flupyradifurone,2023,Scopus,Multiple,Multiple,Frieseomelitta; Heterotrigona; Melipona; Tetragonula,Multi-region,Multi-subtribe,Multi-region article,Multi-subtribe article,Frieseomelitta; Heterotrigona; Melipona; Tetragonula,4,ECOTOXICOLOGY AND ENVIRONMENTAL SAFETY,10.1016/j.ecoenv.2023.115719
148,0.0014187521576935855,0.004765999303087943,0.005599738287925621,1.4735088841961823e-4,0.0017277948596453258,0.001190680668039066,9.223065243273665e-4,0.0038456232443859133,0.9781244442461112,0.0022573098203640483,148,148,A Genetically Modified Anti-Plasmodium Bacterium Is Harmless to the Foragers of the Stingless Bee Partamona helleri,2022,Scopus,Partamona,Partamona,Partamona,Neotropical,Meliponina,Neotropical,Meliponina,Partamona,1,MICROBIAL ECOLOGY,10.1007/s00248-021-01805-9
149,0.0014484728932779405,0.0018183850288376576,0.004126333722000279,1.0519968624456856e-4,0.0015029534726381908,9.359452867121729e-4,0.0014301249870623271,0.004069233802184673,0.9825708674275141,0.001992483693528481,149,149,"The impact of early-life exposure to three agrochemicals on survival, behavior, and gut microbiota of stingless bees (Partamona helleri)",2023,Scopus,Partamona,Partamona,Partamona,Neotropical,Meliponina,Neotropical,Meliponina,Partamona,1,ENVIRONMENTAL SCIENCE AND POLLUTION RESEARCH,10.1007/s11356-023-27385-4
150,0.3581259177296189,7.886532288323289e-4,0.0032367146616669395,0.004924091278570683,0.0051152429674624755,0.001901648566762539,0.007263239812575633,0.6148867277834459,0.0031638273037122022,5.939366673527169e-4,150,150,Gene expression and epigenetics reveal species-specific mechanisms acting upon common molecular pathways in the evolution of task division in bees,2021,Scopus,Tetragonisca,Tetragonisca,Tetragonisca,Neotropical,Meliponina,Neotropical,Meliponina,Tetragonisca,1,SCIENTIFIC REPORTS,10.1038/s41598-020-75432-8
151,0.002375082484566971,1.7026618794083718e-5,0.00143418842080835,8.183481160100185e-5,0.003616046201902654,0.011831118348415423,0.6656616032147153,0.00467277830138216,6.60832121901447e-4,0.3096494894759126,151,151,"Comparative study on the use of specific and heterologous microsatellite primers in the stingless bees Melipona rufiventris and M. mondury (Hymenoptera, Apidae)",2010,Scopus,Melipona,Melipona,Melipona,Neotropical,Meliponina,Neotropical,Meliponina,Melipona,1,GENETICS AND MOLECULAR BIOLOGY,10.1590/s1415-47572010005000017
152,0.008710516331274168,0.002194321047493641,0.016764983038399774,0.23366971724801353,0.0017499378433206599,0.7261938997232845,0.005546075440292062,0.002064453903192506,5.72309182872371e-4,0.0025337862418562934,152,152,Presence of nuclear copies of mitochondrial origin (NUMTs) in two related species of stingless bee genus Melipona (Hymenoptera: Meliponini),2013,Scopus,Melipona,Melipona,Melipona,Neotropical,Meliponina,Neotropical,Meliponina,Melipona,1,JOURNAL OF ZOOLOGICAL SYSTEMATICS AND EVOLUTIONARY RESEARCH,10.1111/jzs.12011
153,0.004994887851722223,2.595998140468477e-4,1.7273769179409581e-4,0.001495659129973374,0.9740741549735296,0.0023823720854352654,0.003633920462391181,0.0021762294841649217,7.830979166603962e-4,0.010027340590282296,153,153,"Occurrence of b chromosomes in tetragonisca latreille, 1811 (hymenoptera, apidae, meliponini): A new contribution to the cytotaxonomy of the genus",2011,Scopus,Tetragonisca,Tetragonisca,Tetragonisca,Neotropical,Meliponina,Neotropical,Meliponina,Tetragonisca,1,GENETICS AND MOLECULAR BIOLOGY,10.1590/s1415-47572010005000100
154,0.9749543243724978,2.3250111970612376e-4,0.002470732475438114,0.0023375106992182633,0.004190707264810486,0.004131075301430405,0.007778391259173278,0.0028369101820938407,9.316908911814055e-4,1.3615643444950644e-4,154,154,Sympatric cleptobiotic stingless bees have species-specific cuticular profiles that resemble their hosts,2022,Scopus,Multiple,Multiple,Lestrimelitta; Scaptotrigona,Neotropical,Meliponina,Neotropical,Meliponina,Lestrimelitta; Scaptotrigona,2,SCIENTIFIC REPORTS,10.1038/s41598-022-06683-w
155,0.002488223539066551,0.0019736148216844876,0.0014311376609727749,0.9868324416025853,3.3829354413919576e-4,0.005934459315066489,1.3844572429683465e-4,7.33528178046394e-4,1.2393555751461549e-4,5.920056626836966e-6,155,155,"The complete mitochondrial genome of the Indian dammer bee, Tetragonula iridipennis, and the phylogenomics of Meliponini",2023,Scopus,Multiple,Multiple,Lepidotrigona; Tetragonula,Indo-Australasian,Hypotrigonina,Indo-Australasian,Hypotrigonina,Lepidotrigona; Tetragonula,2,FRONTIERS IN ECOLOGY AND EVOLUTION,10.3389/fevo.2023.1171242
156,0.0017341672146673325,0.001580097694690237,9.85821265145139e-4,0.9877009576275415,2.8859325002916417e-4,0.0069585976551332866,1.2151441588082174e-4,5.380441414439259e-4,8.59818511698994e-5,6.224884299447546e-6,156,156,"Complete mitochondrial genome of the stingless bee Geniotrigona thoracica (Hymenoptera, Apidae, Meliponini): presence of genome duplication, heteroplasmy and inverted repeats",2026,Scopus,Multiple,Multiple,Ebaiotrigona; Geniotrigona; Heterotrigona; Lepidotrigona; Melipona; Plebeina; Tetragonula,Indo-Australasian,Hypotrigonina,Indo-Australasian,Hypotrigonina,Geniotrigona; Heterotrigona; Lepidotrigona; Tetragonula,4,MOLECULAR BIOLOGY REPORTS,10.1007/s11033-026-11603-6
157,0.002731207266729663,1.5874013045089077e-4,5.3288433310341765e-5,0.0010453780720275903,0.991788902495884,6.19217987503728e-4,6.377295076167127e-4,7.864595152658263e-4,3.7278255229122805e-4,0.0018062940389199228,157,157,"New highly discordant chromosome number and cytogenetic characterization in Trigona (Apidae, Meliponini)",2025,Scopus,Trigona,Trigona,Trigona,Neotropical,Meliponina,Neotropical,Meliponina,Trigona,1,APIDOLOGIE,10.1007/s13592-025-01189-6
158,5.386120519869509e-4,0.9760237539732445,0.003807039609026233,0.0030432013654483102,1.3899980537298808e-4,0.012661510343267865,3.301099362273664e-5,2.3806863775331446e-4,0.003198931887735554,3.1687133254226985e-4,158,158,Antimicrobial activity and antibiotic resistance of lactic acid bacteria isolated from Malaysian stingless bee's gut,2019,Scopus,Multiple,Multiple,Geniotrigona; Heterotrigona; Tetragonula,Indo-Australasian,Hypotrigonina,Indo-Australasian,Hypotrigonina,Geniotrigona; Heterotrigona; Tetragonula,3,MALAYSIAN JOURNAL OF MICROBIOLOGY,10.21161/mjm.1915410
159,0.012997793691771502,1.6408509440475285e-4,0.04352917136665198,0.023908067122679268,1.586355504234944e-4,0.07757455380674826,0.83455397813721,0.0035758809180338625,0.0011729798205731617,0.002364854491503604,159,159,Human-mediated dispersal of Geniotrigona thoracica (Apidae: Meliponini) colonies promotes high genetic diversity and reduces population structuring in managed populations,2025,Scopus,Geniotrigona,Other_rare_genera,Geniotrigona,Indo-Australasian,Hypotrigonina,Indo-Australasian,Hypotrigonina,Geniotrigona,1,PEERJ,10.7717/peerj.20460
160,0.12914170629060356,0.0019244372206231562,0.0029494594247174615,0.007384374056295394,5.234019344543518e-4,0.8460287976802956,0.010502483235112724,1.0907377154760725e-4,7.349373933235193e-4,7.013289930268087e-4,160,160,"Phylogenetic and Morphological Characteristics Reveal Cryptic Speciation in Stingless Bee, Tetragonula laeviceps s.l. Smith 1857 (Hymenoptera; Meliponinae)",2023,Scopus,Tetragonula,Tetragonula,Tetragonula,Indo-Australasian,Hypotrigonina,Indo-Australasian,Hypotrigonina,Tetragonula,1,INSECTS,10.3390/insects14050438
161,0.00831754841544775,0.004294343654571904,0.005220932261751938,0.5183421868125225,6.519427909974464e-4,0.4569296394977276,0.004354718524792126,8.896125613793879e-4,5.086663493116948e-4,4.904091314972201e-4,161,161,"The partial mitochondrial sequence of the Old World stingless bee, Tetragonula pagdeni",2013,Scopus,Tetragonula,Tetragonula,Tetragonula,Indo-Australasian,Hypotrigonina,Indo-Australasian,Hypotrigonina,Tetragonula,1,JOURNAL OF GENETICS,10.1007/s12041-013-0243-1
162,0.013540690950007447,0.5613152813880268,0.39960117403210477,0.005434958607213073,8.080644873120971e-5,0.006535626892624235,6.360563649312062e-4,0.0017527442493998834,0.010990654376976241,1.1200668998567959e-4,162,162,"Effect of bee species on the physicochemical, bioactive, and microbiological properties of longan honey in Thailand",2026,Scopus,Multiple,Multiple,Heterotrigona; Tetragonula,Indo-Australasian,Hypotrigonina,Indo-Australasian,Hypotrigonina,Heterotrigona; Tetragonula,2,JOURNAL OF FOOD COMPOSITION AND ANALYSIS,10.1016/j.jfca.2026.108998
163,0.004083023655044367,2.4238316965347084e-4,9.670886759047869e-5,0.0015686580215562456,0.987285412458928,0.0011001875268358407,0.0010763319846701146,0.0011587821952462336,5.56218014119202e-4,0.0028322941063559114,163,163,"Cytogenetic characterization of two partamona species (Hymenoptera, Apinae, Meliponini) by fluorochrome staining and localization of 18S rDNA Clusters by FISH",2005,Scopus,Partamona,Partamona,Partamona,Neotropical,Meliponina,Neotropical,Meliponina,Partamona,1,CYTOLOGIA,10.1508/cytologia.70.373
164,0.004561790862068089,2.871208401692094e-4,1.239087338651832e-4,0.0020876508148003296,0.9836419533624065,0.0017156206975638842,0.0014597765235771808,0.0014823289621887692,6.007317064726283e-4,0.004039117496887866,164,164,"Longitudinal differentiation in Melipona mandacaia (Hymenoptera, Meliponini) chromosomes",2003,Scopus,Multiple,Multiple,Melipona; Scaptotrigona,Neotropical,Meliponina,Neotropical,Meliponina,Melipona,1,HEREDITAS,10.1034/j.1601-5223.2003.01699.x
165,0.00896949346471518,0.19619985223217593,0.026322516104546227,0.12895933538774676,0.00510115398492969,0.010633495222011477,9.21109157267867e-4,0.611080960614295,0.008970490888073303,0.0028415929442388048,165,165,Identification of chemosensory genes in the stingless bee Tetragonisca fiebrigi,2024,Scopus,Tetragonisca,Tetragonisca,Tetragonisca,Neotropical,Meliponina,Neotropical,Meliponina,Tetragonisca,1,"G3: GENES, GENOMES, GENETICS",10.1093/g3journal/jkae060
166,0.0030051385947209436,0.2943381793456646,0.6244191500492476,0.0022153147498472302,5.580263054545401e-4,0.005376508461228867,9.447384298619665e-4,0.010714452979473809,0.056329258395376565,0.002099232689124186,166,166,"Maturation of honey from Uruçú-Amarela (Melipona mondury): Metagenomics, metabolomics by NMR 1H, physicochemical and antioxidant properties",2023,Scopus,Melipona,Melipona,Melipona,Neotropical,Meliponina,Neotropical,Meliponina,Melipona,1,FOOD CHEMISTRY: MOLECULAR SCIENCES,10.1016/j.fochms.2022.100157
167,0.002673208313895263,1.740815809308234e-4,5.2492285036509733e-5,0.0012138555402615198,0.99190014215706,6.273887903526174e-4,5.526322825989061e-4,7.884340813510298e-4,3.564892237732656e-4,0.0016612757447398265,167,167,"Karyotypes and Chromosomal Mapping of Some Repetitive DNAs in Two Stingless Bee Species (Apidae: Meliponini), with the Description of a B Chromosome in Plebeia Genus",2025,Scopus,Multiple,Multiple,Frieseomelitta; Plebeia,Neotropical,Meliponina,Neotropical,Meliponina,Frieseomelitta; Plebeia,2,CYTOGENETIC AND GENOME RESEARCH,10.1159/000542295
168,0.00046847583409671166,0.001059591542858107,0.0013704558415138881,1.2012367533001687e-4,0.007233765123327202,0.014335234433410515,0.023292920922267726,0.007807854081690657,0.0029877960632439084,0.9413237824822612,168,168,"Glycerol-3-phosphate dehydrogenase (G-3-PDH; EC 1.1.1.8) variation in adult Plebeia droryana bees (Apidae, hymenoptera)",1989,Scopus,Plebeia,Plebeia,Plebeia,Neotropical,Meliponina,Neotropical,Meliponina,Plebeia,1,BIOCHEMICAL GENETICS,10.1007/bf02399676
169,0.00606351456723564,3.0587284242107555e-4,1.336015403171528e-4,0.0019725813647980157,0.9834685525814282,0.0017120673461088441,0.001387671050777515,0.001185111454861526,6.270016208317304e-4,0.0031440256312201824,169,169,Cytotaxonomy and karyotype evolution in Neotropical Meliponini (Hymenoptera: Apidae) inferred by chromosomal mapping of 18S rDNA and five microsatellites,2024,Scopus,Tetragonisca,Tetragonisca,Tetragonisca,Neotropical,Meliponina,Neotropical,Meliponina,Tetragonisca,1,JOURNAL OF APICULTURAL RESEARCH,10.1080/00218839.2023.2179228
170,0.0018325012551164554,7.686476272409239e-4,0.003322777767814237,0.002161106730363822,0.0011171602228275948,9.669187527732568e-4,0.003031317395402227,0.9816297980394999,0.0021719438423321927,0.0029978283666294687,170,170,Caste-specific gene expression in the stingless bee Melipona quadrifasciata - Are there common patterns in highly eusocial bees?,2004,Scopus,Multiple,Multiple,Melipona; Scaptotrigona,Neotropical,Meliponina,Neotropical,Meliponina,Melipona,1,INSECTES SOCIAUX,10.1007/s00040-004-0771-z
171,0.012490894627348842,0.6488528259492016,0.049498840189410184,0.16946977885433462,0.05402660407836221,0.019571185496298615,6.204843303923648e-4,0.025434775399588584,0.016459295094174202,0.0035753159808889563,171,171,"Whole-Genome sequence of Bacillus sp. SDLI1, isolated from the social bee Scaptotrigona depilis",2016,Scopus,Scaptotrigona,Scaptotrigona,Scaptotrigona,Neotropical,Meliponina,Neotropical,Meliponina,Scaptotrigona,1,GENOME ANNOUNCEMENTS,10.1128/genomea.00174-16
172,0.017147420250025584,8.540825788888215e-4,0.0033215013654566646,0.006241322820390898,0.002907769932029928,0.0013974575586870276,0.0040453625691050125,0.9606785833203945,0.0021168435240709114,0.0012896560809511168,172,172,Positive selection in cytochrome P450 genes is associated with gonad phenotype and mating strategy in social bees,2023,Scopus,Melipona,Melipona,Melipona,Neotropical,Meliponina,Neotropical,Meliponina,Melipona,1,SCIENTIFIC REPORTS,10.1038/s41598-023-32898-6
173,0.12268395484718271,3.363876680069774e-5,0.006008901585551824,0.005747753837840572,0.0023983863051529634,0.2433536883057944,0.6086855591230171,0.0024782707949509235,4.5635104386015826e-4,0.008153495389848397,173,173,Multilocus species delimitation in Mesoamerican Scaptotrigona stingless bees (Apidae: Meliponini) supports the existence of cryptic species,2017,Scopus,Scaptotrigona,Scaptotrigona,Scaptotrigona,Neotropical,Meliponina,Neotropical,Meliponina,Scaptotrigona,1,SYSTEMATIC ENTOMOLOGY,10.1111/syen.12201
174,0.004474495997886164,2.0692533461592257e-5,0.003881709141030066,1.521856507161758e-4,0.0024637519274282402,0.013514794493502697,0.834789029797316,0.005707190239806514,0.0010029637002817405,0.13399318651857095,174,174,Isolation and characterization of microsatellite markers from the stingless bee Nannotrigona testaceicornis,2009,Scopus,Nannotrigona,Other_rare_genera,Nannotrigona,Neotropical,Meliponina,Neotropical,Meliponina,Nannotrigona,1,CONSERVATION GENETICS RESOURCES,10.1007/s12686-009-9023-x
175,0.0063284667964301775,0.0015121978762804365,4.403293202965218e-4,0.9860999175920108,7.318129444791133e-4,0.0037017847259834887,2.600213576437191e-4,7.548993164100704e-4,6.833519629926942e-5,1.022348741656988e-4,175,175,Structural Variations in Complete Mitogenome of Stingless Bees Serve as Auxiliary Molecular Markers for Generic Systematics,2026,Scopus,Multiple,Multiple,Frieseomelitta; Lepidotrigona; Melipona; Tetragonisca; Tetragonula,Multi-region,Multi-subtribe,Multi-region article,Multi-subtribe article,Frieseomelitta; Lepidotrigona; Melipona; Tetragonisca; Tetragonula,5,JOURNAL OF APICULTURAL SCIENCE,10.2478/jas-2026-0004
176,0.26060972558961404,0.01871471427749617,0.0024016673259564174,0.06799850748756779,0.6316100378576972,0.005066511099805712,0.0013568983049929131,0.008775979384147824,0.0026612946704370273,8.04664002284627e-4,176,176,The evolution of haploid chromosome numbers in Meliponini,2019,Scopus,Melipona,Melipona,Melipona,Neotropical,Meliponina,Neotropical,Meliponina,Melipona,1,PLOS ONE,10.1371/journal.pone.0224463
177,0.0011600232250404748,0.0018183306636190232,0.9863054261577389,5.638955156091586e-4,1.8110785443033334e-5,0.0023886695763804438,0.0030260442598905165,0.0020050360412638434,0.0024031855737693566,3.1127820124513667e-4,177,177,Occurrence of deformed wing virus variants in the stingless bee melipona subnitida and honey bee Apis mellifera populations in Brazil,2019,Scopus,Melipona,Melipona,Melipona,Neotropical,Meliponina,Neotropical,Meliponina,Melipona,1,JOURNAL OF GENERAL VIROLOGY,10.1099/jgv.0.001206
178,0.01169178152379505,1.6108637332582406e-6,0.0015882342111010488,4.2688740923180283e-4,7.408925984631497e-4,0.01657357758957302,0.9595972237297479,0.002050414282370309,1.4080688489404803e-4,0.007188570907090389,178,178,Genetic variability in captive populations of the stingless bee Tetragonisca angustula,2016,Scopus,Tetragonisca,Tetragonisca,Tetragonisca,Neotropical,Meliponina,Neotropical,Meliponina,Tetragonisca,1,GENETICA,10.1007/s10709-016-9908-z
179,0.005879834604900323,0.0026190429584843564,0.017187037153279724,0.11834708944266935,0.001735615114559989,0.8356738132606848,0.008533769181735212,0.0028015504612392017,8.821014385851942e-4,0.0063401463838621205,179,179,"Mitochondrial DNA characterization of two Partamona species (Hymenoptera, Apidae, Meliponini) by PCR+RFLP and sequencing",2005,Scopus,Multiple,Multiple,Melipona; Partamona; Scaptotrigona,Neotropical,Meliponina,Neotropical,Meliponina,Partamona,1,APIDOLOGIE,10.1051/apido:2005020
180,0.003346920891653559,0.004571325683836867,0.13294621625206415,0.0064882992845348335,1.1802690813158188e-5,0.8309534585365228,0.017997031203913383,2.8700799588205465e-4,0.0018780476220536296,0.0015198898387251214,180,180,Resolving taxonomic ambiguity and cryptic speciation of Hypotrigona species through morphometrics and DNA barcoding; [Resolviendo la ambigüedad taxonómica y la especiación críptica de las especies de Hypotrigona a través de la morfometría y el código de barras de ADN],2018,Scopus,Hypotrigona,Other_rare_genera,Hypotrigona,Afrotropical,Hypotrigonina,Afrotropical,Hypotrigonina,Hypotrigona,1,JOURNAL OF APICULTURAL RESEARCH,10.1080/00218839.2018.1426348
181,0.09656641766110696,8.653726028022282e-4,8.974107030399417e-4,0.06357187121640757,0.8168482796055417,0.005588760199140338,0.0039316373538315985,0.009354590801379811,0.00108710779142999,0.0012885520653198106,181,181,"Comparative cytogenetic analysis reveals chromosomal variability in five stingless bees of the genus Trigona (Apidae, Apinae, Meliponini)",2023,Scopus,Trigona,Trigona,Trigona,Neotropical,Meliponina,Neotropical,Meliponina,Trigona,1,APIDOLOGIE,10.1007/s13592-023-01002-2
182,0.15697273906438858,0.0047294734678181355,0.005341247567828331,0.009640853612596272,0.48555465733187553,0.017990687198931165,0.03808132260023004,0.2114884579498109,0.016848164671040826,0.0533523965354804,182,182,"Analyses of G-bands in Chromosomes of the Melipona quadrifasciata anthidioides Lepeletier (Hymenoptera, Apidae, Meliponinae)",1979,Scopus,Melipona,Melipona,Melipona,Neotropical,Meliponina,Neotropical,Meliponina,Melipona,1,CYTOLOGIA,10.1508/cytologia.44.21
183,0.006181324756402614,6.347820066204776e-4,2.665221661015766e-4,0.001399931919800743,0.9356998069867748,0.005923206096255684,0.005655683455142088,0.002132799549247811,0.0011804987132373423,0.040925444350416944,183,183,Chromosomal variation and cytogenetics of plebeia lucii and P. phrynostoma (Hymenoptera: Apidae),2013,Scopus,Plebeia,Plebeia,Plebeia,Neotropical,Meliponina,Neotropical,Meliponina,Plebeia,1,FLORIDA ENTOMOLOGIST,10.1653/024.096.0439
184,0.002137004374310108,0.002465602411904324,0.0033423593581300656,6.680949534300473e-4,0.0018529900912832022,7.457688486060257e-4,0.0017868531061718948,0.4599564078663596,0.5240349959027196,0.0030099230870853913,184,184,Transcriptomic analysis of Malpighian tubules from the stingless bee Melipona scutellaris reveals thiamethoxam-induced damages,2022,Scopus,Melipona,Melipona,Melipona,Neotropical,Meliponina,Neotropical,Meliponina,Melipona,1,SCIENCE OF THE TOTAL ENVIRONMENT,10.1016/j.scitotenv.2022.158086
185,0.004641204083604054,0.0010593723718055868,0.0037534654045621326,0.005832605990451374,9.706187946015735e-4,0.016889405677867515,0.006293128936324444,0.9522482877405807,0.0024428838377923623,0.005869027162410737,185,185,Epigenetic modifications and their relation to caste and sex determination and adult division of labor in the stingless bee Melipona scutellaris,2017,Scopus,Melipona,Melipona,Melipona,Neotropical,Meliponina,Neotropical,Meliponina,Melipona,1,GENETICS AND MOLECULAR BIOLOGY,10.1590/1678-4685-gmb-2016-0242
186,0.005937041565017432,0.00975897939188636,0.03617124439241582,0.0799178499800365,8.457541115470206e-5,0.8610240026932826,0.004912737188083786,4.23792065061207e-4,0.0010966335968260043,6.731437162357173e-4,186,186,"Potential DNA Barcoding of Local Stingless Honeybee (Tantadan) from Kiulu, Sabah using 28S Ribosomal DNA",2019,Scopus,Multiple,Multiple,Heterotrigona; Lepidotrigona; Tetragonula,Indo-Australasian,Hypotrigonina,Indo-Australasian,Hypotrigonina,Heterotrigona; Lepidotrigona; Tetragonula,3,JOURNAL OF PHYSICS: CONFERENCE SERIES,10.1088/1742-6596/1358/1/012023
187,0.00858754225066522,2.8718638899710303e-5,5.179338714940529e-4,0.023827049048156714,0.8594425366783496,0.008155010303186903,0.08649014339501876,0.003071638667322432,3.060312885242443e-4,0.009573395858382043,187,187,"Cytogenetic Analysis in Trigona spinipes Fabricius (Hymenoptera, Meliponina) Reveals Intraspecific Variation",2021,Scopus,Trigona,Trigona,Trigona,Neotropical,Meliponina,Neotropical,Meliponina,Trigona,1,NEOTROPICAL ENTOMOLOGY,10.1007/s13744-021-00853-7
188,0.7783453665030017,3.7687727678493814e-4,7.142596958450057e-4,0.004829610798393633,0.2062094868177666,0.0021000156065388038,0.003620852634187558,0.002554739561440056,9.852545555074962e-4,2.635365505338289e-4,188,188,Retroelement expansions underlie genome evolution in stingless bees,2026,Scopus,Melipona,Melipona,Melipona,Neotropical,Meliponina,Neotropical,Meliponina,Melipona,1,BMC GENOMICS,10.1186/s12864-025-12478-w
189,0.008614281359554325,0.007045823394386361,0.4180777982526344,0.007280312229761086,0.020085992449620595,0.004213491659451588,0.015043736637903562,0.5014390869039427,0.008744363310086064,0.00945511380265972,189,189,Diploid male production of two amazonian melipona bees (Hymenoptera: Apidae),2012,Scopus,Melipona,Melipona,Melipona,Neotropical,Meliponina,Neotropical,Meliponina,Melipona,1,PSYCHE (LONDON),10.1155/2012/484618
190,0.005236906762435019,0.0029081997085610408,0.0485235966291375,0.0052125766641327445,0.0012422394456160907,0.0040138409534696265,0.011798729935491485,0.906728612849944,0.00819457823300434,0.006140718818208434,190,190,Sex determination in bees. IV. Genetic control of juvenile hormone production in Melipona quadrifasciata (Apidae),1975,Scopus,Melipona,Melipona,Melipona,Neotropical,Meliponina,Neotropical,Meliponina,Melipona,1,GENETICS,
191,0.006573413620046776,7.931390175028233e-6,0.002672892842888458,2.9302723418584374e-4,0.0019127782413970007,0.01710590488178125,0.9213856915473196,0.004296736311467058,4.716467687965992e-4,0.04527997716194245,191,191,"Characterization of microsatellite loci for the stingless bee Scaura latitarsis (Hymenoptera, Apidae, Meliponini)",2012,Scopus,Multiple,Multiple,Plebeia; Scaura; Schwarziana,Neotropical,Meliponina,Neotropical,Meliponina,Plebeia; Scaura; Schwarziana,3,JOURNAL OF HYMENOPTERA RESEARCH,10.3897/jhr.30.3870
192,0.0027052039518168755,3.0437335617311545e-4,0.0018235177569444706,0.004832714702366638,4.4187420955234057e-4,0.9758344281881544,0.007597384711441083,2.2085535547582258e-4,2.1278610936446667e-4,0.006026861658711269,192,192,"Genetic variability in Melipona quinquefasciata (Hymenoptera, Apidae, Meliponini) from northeastern Brazil determined using the first internal transcribed spacer (ITS1)",2009,Scopus,Melipona,Melipona,Melipona,Neotropical,Meliponina,Neotropical,Meliponina,Melipona,1,GENETICS AND MOLECULAR RESEARCH,10.4238/vol8-2kerr025
193,0.005332881940594389,0.03648138978571033,0.013381967733703476,0.2470149514713543,0.00910168386970271,0.6268566831159895,0.007832678141718688,0.006568357745937755,0.003427164764902513,0.04400224143038628,193,193,mt-COI heteroplasmy characterization of Tetragonisca angustula (Hymenoptera: Apidae),2025,Scopus,Tetragonisca,Tetragonisca,Tetragonisca,Neotropical,Meliponina,Neotropical,Meliponina,Tetragonisca,1,APIDOLOGIE,10.1007/s13592-025-01181-0
194,0.010579148590116733,0.15087022934489389,0.26316082606696295,0.10885341350053336,0.0054351827146245845,0.04321478472483837,0.0028665445684322856,0.015862455016177706,0.39609822285338697,0.0030591926200331646,194,194,Tailed bacteriophages (Caudoviricetes) dominate the microbiome of a diseased stingless bee,2023,Scopus,Melipona,Melipona,Melipona,Neotropical,Meliponina,Neotropical,Meliponina,Melipona,1,GENETICS AND MOLECULAR BIOLOGY,10.1590/1678-4685-gmb-2023-0120
195,0.0028394700023335133,0.007333020723195028,0.23255662451379291,3.457178453066595e-4,5.192814137640271e-4,0.0031988745257638417,0.004852836672575344,0.005905469630737307,0.7398238320089651,0.0026248726635666802,195,195,Bacterial communities of indoor surface of stingless bee nests,2021,Scopus,Multiple,Multiple,Frieseomelitta; Melipona; Tetragonisca; Trigona,Neotropical,Meliponina,Neotropical,Meliponina,Frieseomelitta; Melipona; Tetragonisca; Trigona,4,PLOS ONE,10.1371/journal.pone.0252933
196,0.02139313069059715,0.005798022202448604,0.12253602319606344,0.01888774355737901,0.08987584389607052,0.0054713479432516934,0.022920963656475724,0.6824132864480221,0.018031919847225065,0.012671718562466289,196,196,Characterization of sex-specific variants of doublesex and feminizer genes in stingless bee species,2020,Scopus,Multiple,Multiple,Frieseomelitta; Melipona; Scaptotrigona,Neotropical,Meliponina,Neotropical,Meliponina,Frieseomelitta; Melipona; Scaptotrigona,3,APIDOLOGIE,10.1007/s13592-020-00735-8
197,0.0027758208628962224,6.92087557092889e-4,0.0016593679401431091,0.7676474562590223,0.0018668986793538185,0.0026501451369748286,5.889098530780338e-4,0.22170674544330776,2.736952388108975e-4,1.388730293209684e-4,197,197,The nuclear and mitochondrial genomes of Frieseomelitta varia - A highly eusocial stingless bee (Meliponini) with a permanently sterile worker caste,2020,Scopus,Multiple,Multiple,Frieseomelitta; Melipona,Neotropical,Meliponina,Neotropical,Meliponina,Frieseomelitta,1,BMC GENOMICS,10.1186/s12864-020-06784-8
198,0.013310148722260936,0.025725636074876244,0.02455002556347487,0.005629685729794498,6.652858734690479e-4,0.003620614523469298,0.0037772665280750833,0.28231213789317444,0.6396132529121363,7.959461792689545e-4,198,198,Bacterial microbiota associated with the reproductive tissue of stingless bees,2025,Scopus,Tetragonula,Tetragonula,Tetragonula,Indo-Australasian,Hypotrigonina,Indo-Australasian,Hypotrigonina,Tetragonula,1,APIDOLOGIE,10.1007/s13592-025-01228-2
199,0.0011998372291299522,0.8492541908231936,0.13025343446916435,0.004211589178327187,3.4778306423315004e-5,0.006020397688807394,1.312617800186757e-4,9.498485518667269e-4,0.0078072274484883766,1.3743452458027887e-4,199,199,Exploring the Potential of Alcohol-Fermenting Yeast Isolated from Heterotrigona itama Stingless Bees for Beverage Production,2024,Scopus,Heterotrigona,Heterotrigona,Heterotrigona,Indo-Australasian,Hypotrigonina,Indo-Australasian,Hypotrigonina,Heterotrigona,1,MAKARA JOURNAL OF SCIENCE,10.7454/mss.v28i1.2199
200,0.005533038133144971,0.008738988983054296,0.009154085232555686,0.026426070719343824,0.003826847777449587,0.0037282762855693286,0.0020174241236074215,0.7201809078050393,0.21816374159748783,0.0022306193427479937,200,200,Investigating the molecular basis of cleptobiosis in eusocial stingless bees (Apidae: Hymenoptera),2025,Scopus,Multiple,Multiple,Lestrimelitta; Nannotrigona; Scaptotrigona; Tetragonisca,Neotropical,Meliponina,Neotropical,Meliponina,Lestrimelitta; Nannotrigona; Scaptotrigona; Tetragonisca,4,COMPARATIVE BIOCHEMISTRY AND PHYSIOLOGY - PART D: GENOMICS AND PROTEOMICS,10.1016/j.cbd.2025.101645
201,0.0073231100757623685,5.256447200938122e-5,2.0646640006911253e-4,0.001411766511926626,0.9546628670866186,0.002839625631356813,0.020105359444293647,0.0019341023482815005,5.439831962183421e-4,0.010920154833463173,201,201,"New occurrence of B chromosomes in Partamona helleri (Friese, 1900) (Hymenoptera, Meliponini)",2009,Scopus,Partamona,Partamona,Partamona,Neotropical,Meliponina,Neotropical,Meliponina,Partamona,1,GENETICS AND MOLECULAR BIOLOGY,10.1590/s1415-47572009005000065
202,0.28045595320728994,0.0073043966955722425,0.008627657928501661,0.0012129936801608793,0.04852696106913521,0.010429571855579783,0.011572696680435217,0.008727928977026853,0.6148525448305,0.008289295075797972,202,202,Comparative analysis of the gut microbiota of the sympatric stingless bee species Melipona beecheii and Melipona yucatanica,2026,Scopus,Melipona,Melipona,Melipona,Neotropical,Meliponina,Neotropical,Meliponina,Melipona,1,BRAZILIAN JOURNAL OF MICROBIOLOGY,10.1007/s42770-026-01905-z
203,0.006987187368612862,0.0018710494813692236,4.900723044837188e-4,0.9850488858838254,8.781608217827479e-4,0.0033408086119263,2.5853898637318576e-4,9.327261703162397e-4,8.564103771065405e-5,1.0692933359913163e-4,203,203,The Complete Mitochondrial Genome of Lepidotrigona flavibasis (Hymenoptera: Meliponini) and High Gene Rearrangement in Lepidotrigona Mitogenomes,2021,Scopus,Multiple,Multiple,Lepidotrigona; Melipona,Multi-region,Multi-subtribe,Multi-region article,Multi-subtribe article,Lepidotrigona; Melipona,2,JOURNAL OF INSECT SCIENCE,10.1093/jisesa/ieab038
204,0.0028255575577658307,0.007040989762374623,0.9473859125735034,0.004247475566204231,3.583447744040857e-6,0.0280132071470862,0.006035026627052411,9.050844768379586e-4,0.003409259958797076,1.3390288263433878e-4,204,204,Taxonomic patterns of host plants and its impact on honey properties by two sympatric Afrotropical stingless bee species in Zanzibar (Tanzania),2024,Scopus,Multiple,Multiple,Hypotrigona; Meliponula,Afrotropical,Hypotrigonina,Afrotropical,Hypotrigonina,Hypotrigona; Meliponula,2,AFRICAN JOURNAL OF ECOLOGY,10.1111/aje.13257
205,0.06456421261395283,2.4418035082120378e-5,5.321608640111301e-4,0.001888578610790436,0.7846997721655782,0.004853502057436221,0.13212098051162294,0.0024886094083470364,6.395250637182418e-4,0.008188240669460936,205,205,Inter- and intra-population B chromosome variability in Partamona helleri (Apidae: Meliponini),2021,Scopus,Partamona,Partamona,Partamona,Neotropical,Meliponina,Neotropical,Meliponina,Partamona,1,APIDOLOGIE,10.1007/s13592-021-00904-3
206,0.022106298892765365,0.017644146221131116,0.0630625125547593,0.5062125815428735,0.005761567149191931,0.026407726185229165,0.005953897744661057,0.3455579924217859,0.005298150579728459,0.001995126707873818,206,206,Insights into miRNAs of the Stingless Bee Melipona quadrifasciata,2025,Scopus,Melipona,Melipona,Melipona,Neotropical,Meliponina,Neotropical,Meliponina,Melipona,1,NON-CODING RNA,10.3390/ncrna11030048
207,0.006785539415647956,1.0484379579033083e-4,5.314982257837149e-4,6.208023698271441e-4,0.6320438755166748,0.0070165000990482255,0.1278104523906633,0.006323151082511899,0.0013207059374762866,0.21744263116657608,207,207,"Unprecedented record of ten novel B chromosomes in the stingless bee Partamona helleri (Apidae, Meliponini)",2014,Scopus,Partamona,Partamona,Partamona,Neotropical,Meliponina,Neotropical,Meliponina,Partamona,1,APIDOLOGIE,10.1007/s13592-013-0257-y
208,0.0029402751788544772,2.1036625867356412e-6,9.888541583865742e-4,5.973297678819206e-5,9.06805197814571e-4,0.00688906346264959,0.9358607630661537,0.0020018703226481797,2.0666692388731568e-4,0.05014386505023035,208,208,"Genetic differentiation in the stingless bee, scaptotrigona xanthotricha moure, 1950 (Apidae, Meliponini): A species with wide geographic distribution in the atlantic rainforest",2014,Scopus,Scaptotrigona,Scaptotrigona,Scaptotrigona,Neotropical,Meliponina,Neotropical,Meliponina,Scaptotrigona,1,JOURNAL OF HEREDITY,10.1093/jhered/esu031
209,0.47461055315142636,0.0020839749889473885,0.009522292533263458,0.395722441850348,0.05369224776047239,0.01086095540155372,0.006001921115260282,0.045273081736956065,0.001956841049658656,2.756904121136688e-4,209,209,Insights from Melipona bicolor hybrid genome assembly: a stingless bee genome with chromosome-level scaffold,2024,Scopus,Melipona,Melipona,Melipona,Neotropical,Meliponina,Neotropical,Meliponina,Melipona,1,BMC GENOMICS,10.1186/s12864-024-10075-x
210,3.440271921143588e-4,3.4791136294755315e-4,8.889215156116841e-4,5.816672967112574e-5,0.0040968506369053435,0.01158864415004194,0.03575092588324786,0.0042593672709722846,0.0013918705901281264,0.9412733146683597,210,210,"Molecular Marker to identify two stingless bee species: Tetragonisca angustula and Tetragoniscafiebrigi (Hymenoptera, Meliponinae)",2012,Scopus,Tetragonisca,Tetragonisca,Tetragonisca,Neotropical,Meliponina,Neotropical,Meliponina,Tetragonisca,1,SOCIOBIOLOGY,10.13102/sociobiology.v59i1.671
211,0.7720659998539082,0.0019731974596947127,0.0066697681140193595,0.011132680519751087,0.002045209166574013,0.16577537718060997,0.037350686681740915,7.279446506591773e-4,0.0017268769399180117,5.322594331240582e-4,211,211,"Combining morphology and DNA barcoding resolves the taxonomy of Western Malagasy Liotrigona Moure, 1961 (Hymenoptera: Apidae: Meliponini)",2010,Scopus,Liotrigona,Other_rare_genera,Liotrigona,Afrotropical,Hypotrigonina,Afrotropical,Hypotrigonina,Liotrigona,1,AFRICAN INVERTEBRATES,10.5733/afin.051.0210
212,0.0015134519051392,7.6440458006763e-4,0.002456905263315103,2.882271155367067e-4,0.012842228340210851,0.01396234755333468,0.07550575386299237,0.037990646787688105,0.003965900361865871,0.8507101342298494,212,212,"Allozyme variation in the stingless bee Trigona fuscobalteata (hymenoptera, apidae) from Peninsular Malaysia",1986,Scopus,Trigona,Trigona,Trigona,Neotropical,Meliponina,Neotropical,Meliponina,Trigona,1,COMPARATIVE BIOCHEMISTRY AND PHYSIOLOGY -- PART B: BIOCHEMISTRY AND,10.1016/0305-0491(86)90307-x
213,0.0025843162522514473,5.487920369775368e-4,0.0023325462589188104,0.002089208543930655,0.0014563809573275646,0.001156562345507372,0.004570213403413186,0.9792508597655182,0.0021917499936135384,0.0038193704425419305,213,213,Sex determination in bees. III. Caste determination and genetic control in Melipona,1974,Scopus,Melipona,Melipona,Melipona,Neotropical,Meliponina,Neotropical,Meliponina,Melipona,1,INSECTES SOCIAUX,10.1007/bf02331565
214,0.1443321376643016,0.003268937428231218,0.005257766251403371,0.00514082718527088,0.01250972108597646,0.16572005968658227,0.43376237910521315,0.03204048059594651,0.0035610873985856602,0.19440660359848883,214,214,Genetic architecture of the Tetragonula carbonaria species complex of Australian stingless bees (Hymenoptera: Apidae: Meliponini),2014,Scopus,Tetragonula,Tetragonula,Tetragonula,Indo-Australasian,Hypotrigonina,Indo-Australasian,Hypotrigonina,Tetragonula,1,BIOLOGICAL JOURNAL OF THE LINNEAN SOCIETY,10.1111/bij.12292
215,0.0018651603395987207,0.8430577652245353,0.0036242993588754945,0.11970069358320756,7.970400448459949e-4,0.02788275457539024,4.808519655640976e-5,7.989243614987604e-4,0.0020508658224454857,1.7441149304575206e-4,215,215,"Apilactobacillus apisilvae sp. nov., Nicolia spurrieriana gen. nov. sp. nov., Bombilactobacillus folatiphilus sp. nov. and Bombilactobacillus thymidiniphilus sp. nov., four new lactic acid bacterial isolates from stingless bees Tetragonula carbonaria and Austroplebeia australis",2022,Scopus,Multiple,Multiple,Austroplebeia; Tetragonula,Indo-Australasian,Hypotrigonina,Indo-Australasian,Hypotrigonina,Austroplebeia; Tetragonula,2,INTERNATIONAL JOURNAL OF SYSTEMATIC AND EVOLUTIONARY MICROBIOLOGY,10.1099/ijsem.0.005588
216,0.0038071364616764506,1.434926012070565e-5,0.013474508058229815,1.809974674440064e-4,6.130826833483298e-4,0.005622695351700696,0.9256283199656608,0.014885141769170279,0.0010006103218716284,0.0347731586607773,216,216,"Genetic variability in Melipona scutellaris from Recôncavo, Bahia, Brazil",2013,Scopus,Melipona,Melipona,Melipona,Neotropical,Meliponina,Neotropical,Meliponina,Melipona,1,GENETICS AND MOLECULAR RESEARCH,10.4238/2013.september.10.1
217,0.008264495937598303,4.914191327303028e-4,2.554693767857567e-4,0.00276090032090666,0.9706911298528612,0.0037475162721100205,0.002900269589454918,0.002115181025412562,0.001005671809473798,0.007767946682666712,217,217,"First karyotype characterization of four species of Partamona (Friese, 1980) (Hymenoptera, Apidae, Meliponinae) in Mato Grosso State, Brazil",1999,Scopus,Partamona,Partamona,Partamona,Neotropical,Meliponina,Neotropical,Meliponina,Partamona,1,CYTOBIOS,
218,6.700922153211833e-4,0.6628583721178568,0.007692541436246289,4.123661125502676e-4,0.0034375205482378057,0.003958287059350122,2.600138214498944e-4,0.008942918392672347,0.2830763531946588,0.028691535101656746,218,218,"Isolation, Molecular Identification, and Enzymatic Activity of Microorganisms Associated with the Gut of Stingless Bees Tetragonisca angustula Latreille, 1811",2025,Scopus,Tetragonisca,Tetragonisca,Tetragonisca,Neotropical,Meliponina,Neotropical,Meliponina,Tetragonisca,1,NEOTROPICAL ENTOMOLOGY,10.1007/s13744-025-01342-x
219,0.011230680937204132,0.0011717355446828857,0.6193835601542829,0.002670434957642926,4.933343056419136e-4,0.05663717786949878,0.27239714156570055,0.0113162549863766,0.007494339974359132,0.017205339704609995,219,219,Prevalence of begomoviruses in Trigona fuscipennis and Trigona fulviventris visitors of Jatropha curcas,2023,Scopus,Trigona,Trigona,Trigona,Neotropical,Meliponina,Neotropical,Meliponina,Trigona,1,JOURNAL OF APICULTURAL RESEARCH,10.1080/00218839.2020.1756181
220,0.0033265890799408448,2.2007953161092123e-6,0.0012792801538133623,9.170636997860807e-5,9.268630932312602e-4,0.007405923082477515,0.9487818639313317,0.0024725968928352472,2.3037219715240785e-4,0.03548260440392287,220,220,"Genetic diversity of Melipona mandacaia SMITH 1863 (Hymenoptera, Apidae), an endemic bee species from Brazilian Caatinga, using ISSR",2012,Scopus,Melipona,Melipona,Melipona,Neotropical,Meliponina,Neotropical,Meliponina,Melipona,1,PSYCHE (LONDON),10.1155/2012/372138
221,0.11812364895189591,0.13483466775185385,0.06937639330667869,0.008699010000095788,0.10400239624926477,0.009808298785762186,0.0081105266008261,0.15819679949129806,0.3763811297347995,0.012467129127524831,221,221,Effect of low temperature on male meiosis in melipona marginata,1972,Scopus,Melipona,Melipona,Melipona,Neotropical,Meliponina,Neotropical,Meliponina,Melipona,1,JOURNAL OF APICULTURAL RESEARCH,10.1080/00218839.1972.11099705
222,0.0027400461850517126,0.019532721946046355,0.595313129798141,0.009353627939459336,9.808957857185114e-5,0.36001934481227427,0.00460223680310956,0.001528096086097973,0.0033786619253597773,0.003434044925888488,222,222,Identification of Potential Medicinal Plant Species in Multiflora Trigona Species Honey from Riau Using a Metabarcoding Approach,2025,Scopus,Trigona,Trigona,Trigona,Neotropical,Meliponina,Neotropical,Meliponina,Trigona,1,TROPICAL JOURNAL OF NATURAL PRODUCT RESEARCH,10.26538/tjnpr/v9i3.39
223,0.004527376966479095,0.003264312741871027,0.00247301473578608,0.973950935909878,6.276425448872648e-4,0.01330806613807283,3.6111565183399196e-4,0.001210406021872558,2.585612396352416e-4,1.8568049684520054e-5,223,223,Complete mitochondrial genome of the stingless bee Lepidotrigona terminata (Hymenoptera: Meliponinae) and phylogenetic analysis,2020,Scopus,Lepidotrigona,Other_rare_genera,Lepidotrigona,Indo-Australasian,Hypotrigonina,Indo-Australasian,Hypotrigonina,Lepidotrigona,1,MITOCHONDRIAL DNA PART B: RESOURCES,10.1080/23802359.2020.1715298
224,0.025011120340496053,0.0034500981171037464,0.9395902557575966,0.003184806519875566,2.7300983331759055e-4,0.008575962514407487,0.009212035336807154,0.005449832704252898,0.004742449217344057,5.104296587993394e-4,224,224,Contrasting patterns of foraging behavior in neotropical stingless bees using pollen and honey metabarcoding,2023,Scopus,Multiple,Multiple,Melipona; Scaptotrigona; Tetragonisca,Neotropical,Meliponina,Neotropical,Meliponina,Melipona; Scaptotrigona; Tetragonisca,3,SCIENTIFIC REPORTS,10.1038/s41598-023-41304-0
225,0.016754060912426892,1.77045297898245e-5,0.004428256447238107,0.0022936737748772084,0.0012497078997687678,0.19906706222975615,0.7504652521161457,0.0024818724727433544,3.5621228885863673e-4,0.022886197328395644,225,225,Genetic and morphometric variation in Schwarziana quadripunctata and Schwarziana mourei (Hymenoptera: Apidae: Meliponini),2022,Scopus,Schwarziana,Other_rare_genera,Schwarziana,Neotropical,Meliponina,Neotropical,Meliponina,Schwarziana,1,INSECTES SOCIAUX,10.1007/s00040-022-00878-0
226,0.2745027422814367,0.241719135775571,0.07327838062512358,0.0045161946233668515,0.0016896904719038593,0.00567604845993188,0.0020020679789086843,0.003430426626294024,0.3930369658092825,1.4834734818163018e-4,226,226,Microbial communities of three sympatric Australian stingless bee species,2014,Scopus,Multiple,Multiple,Austroplebeia; Tetragonula,Indo-Australasian,Hypotrigonina,Indo-Australasian,Hypotrigonina,Austroplebeia; Tetragonula,2,PLOS ONE,10.1371/journal.pone.0105718
227,0.00394181697909761,4.2969743408639276e-5,0.002846982473392154,0.0012568701447207805,0.0016069120480854326,0.34046426299311416,0.4986306053567629,0.0021253991738649004,4.246168774568049e-4,0.14865956421009668,227,227,Transferability of microsatellite primers developed for stingless bees to four other species of the genus Melipona,2011,Scopus,Multiple,Multiple,Melipona; Trigona,Neotropical,Meliponina,Neotropical,Meliponina,Melipona,1,GENETICS AND MOLECULAR RESEARCH,10.4238/2011.november.22.11
228,0.0025689117985925676,1.837491675864003e-4,6.031196262120136e-5,0.0010772414680573102,0.9906185209848402,7.879643885898768e-4,7.679953496019236e-4,8.516668971069047e-4,4.0794840178672443e-4,0.0026756895812164896,228,228,"Karyotype characterization of Trigona fulviventris Guérin, 1835 (Hymenoptera, Meliponini) by C banding and fluorochrome staining: Report of a new chromosome number in the genus",2005,Scopus,Trigona,Trigona,Trigona,Neotropical,Meliponina,Neotropical,Meliponina,Trigona,1,GENETICS AND MOLECULAR BIOLOGY,10.1590/s1415-47572005000300009
229,0.0012871322752420781,0.007534890439336477,0.005092458619047138,4.205376811058677e-4,1.692740614997616e-4,0.0020256893940899974,6.784549779776796e-4,0.0011472765226868949,0.9813860320828767,2.5825394613774184e-4,229,229,"Hive Transplantation Has Minimal Impact on the Core Gut Microbiome of the Australian Stingless Bee, Tetragonula carbonaria",2023,Scopus,Tetragonula,Tetragonula,Tetragonula,Indo-Australasian,Hypotrigonina,Indo-Australasian,Hypotrigonina,Tetragonula,1,MICROBIAL ECOLOGY,10.1007/s00248-023-02222-w
230,0.004521351936589635,0.001149685653131034,0.017842650689212435,0.0013910249804630274,0.005258207213932846,0.012284226748898348,0.13985436873307364,0.5686095861919112,0.006521247587479564,0.2425676502653082,230,230,Origin of males in Melipona subnitida estimated from data of an isozymic polymorphic system,1976,Scopus,Melipona,Melipona,Melipona,Neotropical,Meliponina,Neotropical,Meliponina,Melipona,1,GENETICA,10.1007/bf00055470
231,0.007689596955246159,0.01126256023837681,0.006249068339950488,0.010180466880215417,2.6306533928368274e-4,0.0010026565410654424,0.008874565541907386,0.9501956177902284,0.002243447652266054,0.002038954721459995,231,231,Evidences that genetically determined melipona queens can become workers.,1966,Scopus,Melipona,Melipona,Melipona,Unassigned,Unassigned,No region assigned,No subtribe assigned,NA,0,GENETICS,
232,0.4301847423633143,2.46727277427654e-4,0.004341100485329643,6.249548975151372e-4,0.00788377073596272,0.04261250068963636,0.43537176667356015,0.007724649955624894,0.0027905873092257116,0.06821919961240372,232,232,"Phylogeography and historical demography of the neotropical stingless bee Melipona quadrifasciata (Hymenoptera, Apidae): Incongruence between morphology and mitochondrial DNA",2010,Scopus,Melipona,Melipona,Melipona,Neotropical,Meliponina,Neotropical,Meliponina,Melipona,1,APIDOLOGIE,10.1051/apido/2010001
233,0.006612541161229232,1.7371421781177808e-4,0.04061205734928651,0.19457736872035514,1.7823376973946897e-4,0.1542529684571388,0.598068324429484,0.0033415411347506164,5.018444074123428e-4,0.0016814063527921261,233,233,Genetic structure of the commercial stingless bee Heterotrigona itama (Apidae: Meliponini) in Thailand,2024,Scopus,Heterotrigona,Heterotrigona,Heterotrigona,Indo-Australasian,Hypotrigonina,Indo-Australasian,Hypotrigonina,Heterotrigona,1,PLOS ONE,10.1371/journal.pone.0312386
234,0.020522357163611074,1.60457254214447e-5,0.007583654590878412,0.003568285952324929,8.969170853073311e-4,0.07627052864976071,0.8601777535465978,0.019582351004627442,5.630073456078115e-4,0.010819098935863209,234,234,Morphometric and genetic analyses show differentiation of the widely distributed stingless bee Nannotrigona perilampoides (Hymenoptera: Meliponini) across geographic regions in Mexico,2022,Scopus,Nannotrigona,Other_rare_genera,Nannotrigona,Neotropical,Meliponina,Neotropical,Meliponina,Nannotrigona,1,JOURNAL OF APICULTURAL RESEARCH,10.1080/00218839.2022.2093576
235,0.12496922488609666,0.6618975111534068,0.043859000549158006,0.015091914220475604,0.005782323447365848,0.1253621402031574,0.0023728089335869587,0.005977829286238871,0.008359293353515464,0.006327953966998043,235,235,"New Penicillium and Talaromyces species from honey, pollen and nests of stingless bees",2018,Scopus,Melipona,Melipona,Melipona,Neotropical,Meliponina,Neotropical,Meliponina,Melipona,1,"ANTONIE VAN LEEUWENHOEK, INTERNATIONAL JOURNAL OF GENERAL AND MOLECULAR MICROBIOLOGY",10.1007/s10482-018-1081-1
236,0.0034877740198106205,5.4201406137633844e-5,0.003244467691200002,3.7208296790394794e-4,0.002700320286870066,0.06682568458721669,0.5999818427144756,0.004818975772970227,8.829796086251062e-4,0.3176316709447901,236,236,"RAPD polymorphism in Tetragonisca angustula (Hymenoptera; Meliponinae, Trigonini) populations",2006,Scopus,Tetragonisca,Tetragonisca,Tetragonisca,Neotropical,Meliponina,Neotropical,Meliponina,Tetragonisca,1,SOCIOBIOLOGY,
237,8.893567001753787e-4,0.817886616064889,0.002291010096758407,0.17285970609957105,4.639500456763727e-4,0.003696039556052779,6.176034932101322e-6,5.906360447420072e-4,0.0012991718406108067,1.733751659238453e-5,237,237,Characterisation of probiotic potential and whole genome analysis of lactic acid bacteria isolated from Tetragonula Laeviceps and Heterotrigona Itama bee bread,2025,Scopus,Multiple,Multiple,Heterotrigona; Tetragonula,Indo-Australasian,Hypotrigonina,Indo-Australasian,Hypotrigonina,Heterotrigona; Tetragonula,2,"ANTONIE VAN LEEUWENHOEK, INTERNATIONAL JOURNAL OF GENERAL AND MOLECULAR MICROBIOLOGY",10.1007/s10482-025-02191-9
238,0.15224771738411738,9.821972931683572e-4,0.0026876643473382786,0.7559969712622684,0.028872060832755283,0.04925750849849646,0.004049944122362514,0.00519660851363783,3.979999679842153e-4,3.11327777870494e-4,238,238,"Preliminary characterization of mitochondrial genome of Melipona scutellaris, a Brazilian stingless bee",2014,Scopus,Melipona,Melipona,Melipona,Neotropical,Meliponina,Neotropical,Meliponina,Melipona,1,BIOMED RESEARCH INTERNATIONAL,10.1155/2014/927546
239,0.009799260509534178,0.0023707216684380993,0.0033971973723379875,0.21312196867856067,0.05112614051371727,0.6907175991777468,0.010107088455847355,0.003173378134047122,9.062377692819272e-4,0.015280407720488862,239,239,"Mitochondrial and nuclear DNA characterization in the Melipona species (hymenoptera, meliponini) by RFLP analysis",2002,Scopus,Melipona,Melipona,Melipona,Neotropical,Meliponina,Neotropical,Meliponina,Melipona,1,HEREDITAS,10.1034/j.1601-5223.2002.01685.x
240,0.003320984056636398,0.0019534705420008545,0.00507071471255624,0.009526396342134119,0.0018177183542878311,0.06099516864253524,0.012801568835214591,0.8649563446924238,0.002697794888982657,0.03685983893322806,240,240,"Analysis of the intercaste transcriptional profile of Melipona scutellaris latreille, 1811 (hymenoptera, apidae, meliponini) by mRNA differential display",2009,Scopus,Melipona,Melipona,Melipona,Neotropical,Meliponina,Neotropical,Meliponina,Melipona,1,BIOLOGICAL RESEARCH,10.4067/s0716-97602009000100011
241,0.006940209830075372,2.419531869974427e-4,1.4862448862161716e-4,0.0018023264446681167,0.9814072612521286,0.001539016668300149,0.002074414546361941,0.0015148611662760304,6.96608567312717e-4,0.0036347238492579798,241,241,"Karyotypic description of the stingless bee Oxytrigona cf. flaveola (Hymenoptera, Apidae, Meliponina) of a colony from Tangará da Serra, Mato Grosso state, Brazil",2010,Scopus,Oxytrigona,Other_rare_genera,Oxytrigona,Neotropical,Meliponina,Neotropical,Meliponina,Oxytrigona,1,GENETICS AND MOLECULAR BIOLOGY,10.1590/s1415-47572010000300020
242,0.00723428696196218,0.02545137067875113,0.829814774580967,0.04275200135695122,4.7190929218131046e-4,0.07991831431378696,0.004496884599517093,0.004569190567956208,0.0037031335348500383,0.0015881341130768345,242,242,The virome of an endangered stingless bee suffering from annual mortality in Southern Brazil,2019,Scopus,Melipona,Melipona,Melipona,Neotropical,Meliponina,Neotropical,Meliponina,Melipona,1,JOURNAL OF GENERAL VIROLOGY,10.1099/jgv.0.001273
243,8.355857368439024e-4,0.9747502893717329,0.004257102673518316,0.0021315836612134645,0.003563258749894281,0.0029971747769829333,3.527105124552856e-5,0.0031595334258226956,0.005947984259544119,0.002322216293201384,243,243,Further evidences of an emerging stingless bee-yeast symbiosis,2023,Scopus,Multiple,Multiple,Melipona; Partamona; Scaptotrigona; Tetragona,Neotropical,Meliponina,Neotropical,Meliponina,Melipona; Partamona; Scaptotrigona; Tetragona,4,FRONTIERS IN MICROBIOLOGY,10.3389/fmicb.2023.1221724
244,0.022576821272833985,9.803934507877067e-5,0.004984114383608735,0.001952970018299516,0.0037767539007689988,0.004976479894076556,0.2389433725626225,0.6992887235607946,0.002879193442919442,0.020523531618996747,244,244,"Prediction of social structure and genetic relatedness in colonies of the facultative polygynous stingless bee Melipona bicolor (Hymenoptera, Apidae)",2011,Scopus,Melipona,Melipona,Melipona,Neotropical,Meliponina,Neotropical,Meliponina,Melipona,1,GENETICS AND MOLECULAR BIOLOGY,10.1590/s1415-47572011005000008
245,0.0014221747265186601,0.7450158281010195,0.22965845681927768,0.00495600160669608,2.544345929018675e-5,0.011907099142326287,2.5070633236727016e-4,8.873338370412023e-4,0.005681236056249873,1.9571991921382042e-4,245,245,Bacterial Community in Apis cerana and Heterotrigona itama Honey Using a Metabarcoding Approach,2026,Scopus,Heterotrigona,Heterotrigona,Heterotrigona,Indo-Australasian,Hypotrigonina,Indo-Australasian,Hypotrigonina,Heterotrigona,1,HAYATI JOURNAL OF BIOSCIENCES,10.4308/hjb.33.2.310-320
246,0.07270235644459166,0.0011956804546608118,0.0020388330346493774,0.9110838684350502,0.001919459412977724,0.00822923144348048,0.0011922436505472772,0.001375314998662508,2.5459783024464817e-4,8.41429513458277e-6,246,246,"Rapid evolution, rearrangements and whole mitogenome duplication in the Australian stingless bees Tetragonula (Hymenoptera: Apidae): A steppingstone towards understanding mitochondrial function and evolution",2023,Scopus,Tetragonula,Tetragonula,Tetragonula,Indo-Australasian,Hypotrigonina,Indo-Australasian,Hypotrigonina,Tetragonula,1,INTERNATIONAL JOURNAL OF BIOLOGICAL MACROMOLECULES,10.1016/j.ijbiomac.2023.124568
247,0.004713392677069548,2.7859824876801608e-5,0.0025923470368737415,7.88929817329561e-4,0.0017254506320257144,0.007363008776996032,0.5013055257285413,0.4090562981894712,0.0010817477998539664,0.07134543951696208,247,247,Genetic structure of nest aggregations and drone congregations of the southeast Asian stingless bee Trigona collina,2004,Scopus,Multiple,Multiple,Scaptotrigona; Trigona,Neotropical,Meliponina,Neotropical,Meliponina,Trigona,1,MOLECULAR ECOLOGY,10.1111/j.1365-294x.2004.02194.x
248,0.0025687574528795113,8.543304005293256e-4,0.003040705023572879,0.002516488464706296,0.0022077622760510807,0.0022431469355333284,0.006711953871361534,0.9677580330595635,0.0027527144757542163,0.00934610804004797,248,248,"Differentially displayed expressed sequence tags in Melipona scutellaris (Hymenoptera, Apidae, Meliponini) development",2006,Scopus,Melipona,Melipona,Melipona,Neotropical,Meliponina,Neotropical,Meliponina,Melipona,1,ANAIS DA ACADEMIA BRASILEIRA DE CIENCIAS,10.1590/s0001-37652006000100008
249,0.006025446757326304,3.3721498227747935e-5,0.0033396374672538,3.15748096501362e-4,0.004510791042015078,0.024166252590716756,0.7753044246556134,0.008250962131594321,0.001148967298275709,0.17690404846247537,249,249,"Isolation and characterization of microsatellites from Scaptotrigona xanthotricha (Apidae, Meliponini): A stingless bee in the Brazilian Atlantic rainforest",2012,Scopus,Scaptotrigona,Scaptotrigona,Scaptotrigona,Neotropical,Meliponina,Neotropical,Meliponina,Scaptotrigona,1,APIDOLOGIE,10.1007/s13592-011-0109-6
250,0.005775758447419679,0.004348617949515254,0.7476458954345963,0.003350029352732446,2.4051312717754253e-5,0.08944239073986912,0.13633388878048674,0.0027355587496422627,0.006805695467581719,0.003538113765438802,250,250,Metabarcoding in diet assessment of heterotrigona itama based on trnl marker towards domestication program,2021,Scopus,Heterotrigona,Heterotrigona,Heterotrigona,Indo-Australasian,Hypotrigonina,Indo-Australasian,Hypotrigonina,Heterotrigona,1,INSECTS,10.3390/insects12030205
251,0.0030051711422805676,0.858456070661686,0.010143324225517527,0.00791168364842456,0.013122059731532867,0.05742890301605799,6.370142699140065e-4,0.004242230817689263,0.005542881580942245,0.03951066090595478,251,251,"Starmerella meliponinorum sp. nov., a novel ascomycetous yeast species associated with stingless bees",2003,Scopus,Multiple,Multiple,Melipona; Scaptotrigona; Tetragonisca; Trigona,Neotropical,Meliponina,Neotropical,Meliponina,Melipona; Scaptotrigona; Tetragonisca; Trigona,4,INTERNATIONAL JOURNAL OF SYSTEMATIC AND EVOLUTIONARY MICROBIOLOGY,10.1099/ijs.0.02262-0
252,0.11235154064964435,0.009273740705782997,0.4824051294100954,0.003489816151333726,2.607210549807913e-4,0.10398727089933012,0.0917754541067423,0.0017655589569001654,0.193214016025325,0.0014767520398649993,252,252,Biomonitoring via DNA metabarcoding and light microscopy of bee pollen in rainforest transformation landscapes of Sumatra,2022,Scopus,Tetragonula,Tetragonula,Tetragonula,Indo-Australasian,Hypotrigonina,Indo-Australasian,Hypotrigonina,Tetragonula,1,BMC ECOLOGY AND EVOLUTION,10.1186/s12862-022-02004-x
253,0.30770557668236553,0.0033021585229555607,0.2285765067095447,0.006159125934344883,0.0013960936448679012,0.3965309877343314,0.047141215890944436,0.0021465332100708153,0.003877023680995177,0.0031647779895797278,253,253,DNA Barcoding of Stingless Bees (Hymenoptera: Meliponini) in Northern Peruvian Forests: A Plea for Integrative Taxonomy,2022,Scopus,Multiple,Multiple,Geotrigona; Melipona; Nannotrigona; Partamona; Plebeia; Ptilotrigona; Scaptotrigona; Scaura; Tetragona; Tetragonisca; Trigona; Trigonisca,Neotropical,Meliponina,Neotropical,Meliponina,Geotrigona; Melipona; Nannotrigona; Partamona; Plebeia; Ptilotrigona; Scaptotrigona; Scaura; Tetragona; Tetragonisca; Trigona; Trigonisca,12,DIVERSITY,10.3390/d14080632
254,0.003833500797011843,0.0012718292727361153,5.335513359683506e-4,0.0013848137255366576,0.8028529917367344,0.006599778875082773,0.010382622575669674,0.012810917951043782,0.002710186682644951,0.15761980704757161,254,254,"Characterization and distribution of supernumerary chromosomes in 23 colonies of Partamona helleri (Hymenoptera, Apidae, Meliponinae)",1997,Scopus,Partamona,Partamona,Partamona,Neotropical,Meliponina,Neotropical,Meliponina,Partamona,1,BRAZILIAN JOURNAL OF GENETICS,
255,0.0012924917470895946,0.0014514194733936403,0.0025614073294147827,0.0019344967711135703,0.003837579191445999,0.4945785682168291,0.028749977863199296,0.002455757923585216,0.0011995378336440718,0.4619387636502847,255,255,"Differentiation of Melipona quadrifasciata L. (Hymenoptera, Apidae, Meliponini) subspecies using cytochrome b PCR-RFLP patterns",2008,Scopus,Melipona,Melipona,Melipona,Neotropical,Meliponina,Neotropical,Meliponina,Melipona,1,GENETICS AND MOLECULAR BIOLOGY,10.1590/s1415-47572008000300009
256,0.006553738686000583,0.0010727204784765155,0.14469428607916385,0.0011232153544241741,0.0020206686457207167,0.11871185598892911,0.4269675724083858,0.007258213361415396,0.002778664495924194,0.28881906450155964,256,256,"Genetic divergence in Tetragonisca angustula Latreille, 1811 (Hymenoptera, Meliponinae,Trigonini) based on rapd markers",2004,Scopus,Tetragonisca,Tetragonisca,Tetragonisca,Neotropical,Meliponina,Neotropical,Meliponina,Tetragonisca,1,GENETICS AND MOLECULAR BIOLOGY,10.1590/s1415-47572004000200009
257,0.019668439426813268,2.789814081135744e-6,0.0017204642488589921,3.495935346396816e-4,0.0015892888682739652,0.010775324193542395,0.9527410102213462,0.0023798504887635893,2.2119058321767393e-4,0.010552048620463342,257,257,"Genome-wide discovery and characterization of microsatellite markers from Melipona fasciculata (Hymenoptera: Apidae), cross-amplification and a snapshot assessment of the genetic diversity in two stingless bee populations",2018,Scopus,Melipona,Melipona,Melipona,Neotropical,Meliponina,Neotropical,Meliponina,Melipona,1,EUROPEAN JOURNAL OF ENTOMOLOGY,10.14411/eje.2018.058
258,0.0030996422493282413,0.6102389727894901,0.05310528684321062,0.004564711618874243,0.002937230914509546,0.20875652943864972,0.0033111200382357348,0.0049185042839441535,0.011564248784501904,0.09750375303925585,258,258,Yeasts from the nests of two Amazonian stingless bees: screening and PCR-RFLP molecular analysis,2022,Scopus,Multiple,Multiple,Cephalotrigona; Melipona,Neotropical,Meliponina,Neotropical,Meliponina,Cephalotrigona; Melipona,2,SYMBIOSIS,10.1007/s13199-022-00865-w
259,0.00147582354724254,3.764464785076253e-4,0.001530508924949343,0.0014338592522557688,8.804460597999457e-4,6.304878119527967e-4,0.002740653956885613,0.9868440218563124,0.0017193488738965709,0.0023684032381971368,259,259,Expression of methyl farnesoate epoxidase (Mfe) and juvenile hormone esterase (jhe) genes and their relation to social organization in the stingless bee melipona interrupta (hymenoptera: Apidae),2021,Scopus,Melipona,Melipona,Melipona,Neotropical,Meliponina,Neotropical,Meliponina,Melipona,1,GENETICS AND MOLECULAR BIOLOGY,10.1590/1678-4685-gmb-2020-0367
260,0.16872730902263253,0.005029259094958814,0.007082829242697426,0.2546777620377094,0.0024190744010447957,0.5467561029310427,0.012664982335488809,0.001034869277599617,0.0011177167602430768,4.900948965826048e-4,260,260,Phylogenetic analysis of tetragonula minangkabau and other species using cytochrome b gene,2019,Scopus,Tetragonula,Tetragonula,Tetragonula,Indo-Australasian,Hypotrigonina,Indo-Australasian,Hypotrigonina,Tetragonula,1,JOURNAL OF APICULTURAL SCIENCE,10.2478/jas-2019-0008
261,0.07906989344805573,5.004149874373459e-4,0.004700054021523597,0.006695215793035623,0.0929993543447001,0.29027219731292886,0.3474740368832856,0.0060997258476347335,0.002119443686679317,0.170069663674719,261,261,Hybridization and asymmetric introgression between Tetragonisca angustula and Tetragonisca fiebrigi,2014,Scopus,Tetragonisca,Tetragonisca,Tetragonisca,Neotropical,Meliponina,Neotropical,Meliponina,Tetragonisca,1,APIDOLOGIE,10.1007/s13592-013-0224-7
262,0.002294701119356331,0.6647106096541735,0.008757268959383746,0.319318049442169,2.7153967855931345e-4,0.002757769146760046,5.948718669836192e-5,0.001261612900791936,5.121710248739133e-4,5.679088723347178e-5,262,262,Exploring the genome of Lactobacillaceae spp. Sy-1 isolated from Heterotrigona itama honey,2022,Scopus,Heterotrigona,Heterotrigona,Heterotrigona,Unassigned,Unassigned,No region assigned,No subtribe assigned,NA,0,PEERJ,10.7717/peerj.13053
263,0.13136489658687708,2.990064729964713e-4,7.528219702324469e-4,0.0035480919869152194,0.8365662700871,0.004077873463058073,0.014525499823813013,0.003977339172335412,0.0015484013173933163,0.0033397991192787705,263,263,"Karyotype diversity of stingless bees of the genus frieseomelitta (Hymenoptera, apidae, meliponini)",2020,Scopus,Frieseomelitta,Frieseomelitta,Frieseomelitta,Neotropical,Meliponina,Neotropical,Meliponina,Frieseomelitta,1,CARYOLOGIA,10.13128/caryologia-610
264,0.0020400758879458975,0.9130703913922807,0.020648025981245804,0.060417740005099266,1.5795094129935505e-4,0.001678126982135683,7.419992283816759e-5,9.663283177984491e-4,8.691287683746591e-4,7.803180098267992e-5,264,264,"Bacterial diversity of stingless bee honey in Yunnan, China: isolation and genome sequencing of a novel acid-resistant Lactobacillus pentosus (SYBC-MI) with probiotic and L. tryptophan producing potential via millet fermentation",2023,Scopus,Trigona,Trigona,Trigona,Unassigned,Unassigned,No region assigned,No subtribe assigned,NA,0,FRONTIERS IN BIOENGINEERING AND BIOTECHNOLOGY,10.3389/fbioe.2023.1272308
265,1.1667368828987063e-4,7.762658588454054e-4,5.399043516727147e-4,3.541482608150657e-5,0.0033705124292897947,0.005527093624771428,0.008337284024054762,0.005550501005293352,0.0017189410952355528,0.9740274090964656,265,265,"Isoenzymatic characterization of the hexokinase in the development of Plebeia droryana (Hymenoptera, Apidae) and its relation with flight activity; [Caracterização isoenzimática da hexoquinase no desenvolvimento de Plebeia droryana (Hymenoptera, Apidae) e sua relação com a atividade de vôo.]",1995,Scopus,Plebeia,Plebeia,Plebeia,Neotropical,Meliponina,Neotropical,Meliponina,Plebeia,1,REVISTA BRASILEIRA DE BIOLOGIA,
266,0.001281407273000981,0.0020507375196244983,0.9837583905109897,6.206505801800976e-4,2.2044485547386746e-5,0.0028658868284886898,0.003433647390342498,0.002343431515777882,0.0032417102678079894,3.820936282398182e-4,266,266,Trouble in the tropics: Pathogen spillover is a threat for native stingless bees,2023,Scopus,Melipona,Melipona,Melipona,Neotropical,Meliponina,Neotropical,Meliponina,Melipona,1,BIOLOGICAL CONSERVATION,10.1016/j.biocon.2023.110150
267,0.001962286361808444,0.053833947543555985,0.007299741641686083,4.273002055346894e-4,0.003489265970882078,0.002648320805864622,4.7789417245394265e-4,0.004842080019252632,0.9210015601695022,0.004017603109459128,267,267,Supplementary Diets Impact the Abundance of Core Bacteria in the Gut of a Managed Stingless Bee but Not Its Fat Body Size,2025,Scopus,Melipona,Melipona,Melipona,Neotropical,Meliponina,Neotropical,Meliponina,Melipona,1,JOURNAL OF APPLIED ENTOMOLOGY,10.1111/jen.13422
268,5.903528762800696e-4,0.0010636802760752787,3.588106314706079e-4,2.3042654822875823e-4,0.08597652086532379,0.013799354023902699,0.009736878862079409,0.0029051113039031402,0.001343838955235804,0.8839950256575004,268,268,"Inheritance pattern of RAPD markers in Melipona quadrifasciata (Hymenoptera: Apidae, Meliponinae)",2001,Scopus,Melipona,Melipona,Melipona,Neotropical,Meliponina,Neotropical,Meliponina,Melipona,1,JOURNAL OF HEREDITY,10.1093/jhered/92.3.279
269,0.0037011877814930195,0.8510704535284781,0.13293159187605805,0.004527667380019265,4.186277567031097e-5,0.0018866028855617897,4.512910630306439e-4,0.0015085552218621155,0.0036163981414298538,2.6438934639701103e-4,269,269,"Comprehensive Insights into Malaysian Stingless Bee Honey: Biodiversity, Therapeutic Benefits, and Analytical Approaches",2025,Scopus,Multiple,Multiple,Geniotrigona; Heterotrigona,Unassigned,Unassigned,No region assigned,No subtribe assigned,NA,0,MALAYSIAN JOURNAL OF CHEMISTRY,10.55373/mjchem.v27i1.61
270,0.00380769800600746,0.001088329637360886,6.358605591154724e-5,0.0028724854939701674,0.9878053121115535,0.001942746818897485,6.334354351416288e-4,1.7500611279812646e-4,6.563863991534812e-4,9.550139292055372e-4,270,270,Cytogenetic characterization of Austroplebeia australis: evolutionary hints from a stingless bee outside the Neotropical region,2022,Scopus,Austroplebeia,Other_rare_genera,Austroplebeia,Indo-Australasian,Hypotrigonina,Indo-Australasian,Hypotrigonina,Austroplebeia,1,APIDOLOGIE,10.1007/s13592-022-00969-8
271,0.005277035747842774,0.6807510842000875,0.2415645277097775,0.005422163721051059,0.002659573896431835,0.01433915986730338,7.969656574659789e-4,0.006535345908553057,0.03875180717035541,0.003902336121131297,271,271,Home Sweet Home: Yeasts Living in Substrates Associated with Melipona scutellaris in the Brazilian Atlantic Forest,2024,Scopus,Melipona,Melipona,Melipona,Neotropical,Meliponina,Neotropical,Meliponina,Melipona,1,SOCIOBIOLOGY,10.13102/sociobiology.v71i2.10359
272,0.00560384460675047,0.0014532895992287907,0.27437731032207,0.0010479017016253188,0.0010233427247746433,0.011185347389341653,0.29116383277046975,0.29824822904980747,0.008005294436203646,0.10789160739972797,272,272,Gene Flow from Wild to Managed Colonies in the Stingless Bee Scaptotrigona Mexicana and an Update on its Mating Frequency,2021,Scopus,Scaptotrigona,Scaptotrigona,Scaptotrigona,Neotropical,Meliponina,Neotropical,Meliponina,Scaptotrigona,1,JOURNAL OF APICULTURAL SCIENCE,10.2478/jas-2021-0020
273,0.819329470983982,0.0021551005732952455,0.08938347299483644,0.05994868765138648,0.003809608267535688,0.010818803921993605,0.006766107633150462,0.005689335235496743,0.0020178447721501003,8.156796617236438e-5,273,273,A molecular phylogeny of the stingless bee genus Melipona (Hymenoptera: Apidae),2010,Scopus,Melipona,Melipona,Melipona,Neotropical,Meliponina,Neotropical,Meliponina,Melipona,1,MOLECULAR PHYLOGENETICS AND EVOLUTION,10.1016/j.ympev.2010.04.026
274,0.005844262157978046,0.003197453136314159,0.0029895259609350844,0.13920502253607855,3.0531929758543207e-4,0.8434292620413302,0.003734234062164991,2.684554596182869e-4,3.45165820298424e-4,6.81299527696582e-4,274,274,Conserved numts mask a highly divergent mitochondrial-COI gene in a species complex of Australian stingless bees Tetragonula (Hymenoptera: Apidae),2019,Scopus,Multiple,Multiple,Melipona; Tetragonula,Indo-Australasian,Hypotrigonina,Indo-Australasian,Hypotrigonina,Tetragonula,1,"MITOCHONDRIAL DNA PART A: DNA MAPPING, SEQUENCING, AND ANALYSIS",10.1080/24701394.2019.1665036
275,0.8089969232100233,3.768969609810917e-4,0.0014617423034816778,0.004855108379715317,0.16050365619000861,0.005688106413875472,0.012937856240890045,0.0030310452888518786,0.0013363614625826845,8.123035495902888e-4,275,275,Genome size variation in Melipona species (Hymenoptera: Apidae) and sub-grouping by their DNA content,2010,Scopus,Melipona,Melipona,Melipona,Neotropical,Meliponina,Neotropical,Meliponina,Melipona,1,APIDOLOGIE,10.1051/apido/20010023
276,0.02826521674443404,1.200012685206816e-4,5.203177302366856e-4,0.005148518355596545,0.9249366135673596,0.005519854026300288,0.02481525151960761,0.0031143513875943993,8.233901308133887e-4,0.006736485269536643,276,276,"Comparative cytogenetic analysis of three species of the genus Partamona (Apidae, Meliponini)",2021,Scopus,Partamona,Partamona,Partamona,Neotropical,Meliponina,Neotropical,Meliponina,Partamona,1,APIDOLOGIE,10.1007/s13592-020-00798-7
277,0.49107918694255764,4.120133146603711e-5,0.007029046741229722,0.00251283301891002,0.004355423516432623,0.04431152473694845,0.4435063595736328,0.0031074441589751846,8.112503903087326e-4,0.0032457295895391355,277,277,Integrative approach untangles the misconceptions about the range and identity of two stingless bees from the Brazilian semiarid region,2020,Scopus,Melipona,Melipona,Melipona,Neotropical,Meliponina,Neotropical,Meliponina,Melipona,1,JOURNAL OF APICULTURAL RESEARCH,10.1080/00218839.2019.1673594
278,0.004131607019056322,0.00668726529348294,0.02579226910248115,0.0015263874692101795,0.001217318221484086,0.0013381185853595357,0.003046896840568161,0.7538868670897987,0.19938245445538103,0.002990815923177857,278,278,Sugar response and gustatory gene expression in the stingless bee Tetragonisca fiebrigi,2025,Scopus,Tetragonisca,Tetragonisca,Tetragonisca,Neotropical,Meliponina,Neotropical,Meliponina,Tetragonisca,1,JOURNAL OF INSECT PHYSIOLOGY,10.1016/j.jinsphys.2025.104818
279,0.00407275311166997,8.288645005438917e-4,0.003957531696837574,0.135623402692223,0.0020946506746151424,0.07675049589528976,0.015270387514963098,0.7508912948250723,0.001251562620736556,0.009259056468048414,279,279,"Characterization of antennal sensilla, larvae morphology and olfactory genes of Melipona scutellaris stingless bee",2017,Scopus,Melipona,Melipona,Melipona,Neotropical,Meliponina,Neotropical,Meliponina,Melipona,1,PLOS ONE,10.1371/journal.pone.0174857
280,0.0020485265391829255,0.0021427367492077706,0.0042681657226821094,0.011776017931650748,0.007951081366515978,0.4945301762653674,0.035158557752433636,0.00433837068918548,0.0012567304806050464,0.436529636503169,280,280,Detection of mitochondrial DNA restriction site differences between the subspecies of Melipona quadrifasciata Lepeletier (Hymenoptera: Apidae: Meliponini); [Detecção de diferenças no padrão de restrição do DNA mitocondrial entre duas subespécies de Melipona quadrifasciata Lepeletier (Hymenoptera: Apidae: Meliponini)],2005,Scopus,Melipona,Melipona,Melipona,Neotropical,Meliponina,Neotropical,Meliponina,Melipona,1,NEOTROPICAL ENTOMOLOGY,10.1590/s1519-566x2005000300004
281,0.0016151644406845165,3.5794115157744826e-4,0.0014397241610928733,0.0012475995861718884,8.058624671091984e-4,5.026385707269819e-4,0.002317219072266294,0.9882372682885647,0.0017627794724895186,0.0017138027893164902,281,281,"Gene copy number and differential gene expression in haploid and diploid males of the stingless bee, Melipona quadrifasciata",2012,Scopus,Melipona,Melipona,Melipona,Neotropical,Meliponina,Neotropical,Meliponina,Melipona,1,INSECTES SOCIAUX,10.1007/s00040-012-0259-1
282,0.022175557026131495,1.9004807903449215e-4,0.008211191165349381,0.2312672045008098,0.007107619916776199,0.3714824289189698,0.300526668751851,0.03970552550402712,6.704713601615369e-4,0.01866328477688899,282,282,Microsatellite loci for stingless bees,1998,Scopus,Melipona,Melipona,Melipona,Neotropical,Meliponina,Neotropical,Meliponina,Melipona,1,MOLECULAR ECOLOGY,
283,0.003764545605657936,1.8886507484082403e-6,0.0026450251999210477,1.0383021871291571e-4,4.2098471721712803e-4,0.0056027122277506084,0.9701826075073685,0.0026584094265500948,2.45600686803542e-4,0.014374395759270004,283,283,Genetic diversity in nannotrigona testaceicornis (Hymenoptera: Apidae) aggregations in southeastern Brazil,2017,Scopus,Nannotrigona,Other_rare_genera,Nannotrigona,Neotropical,Meliponina,Neotropical,Meliponina,Nannotrigona,1,JOURNAL OF INSECT SCIENCE,10.1093/jisesa/iew101
284,0.005242188609359828,2.2630294539217508e-4,1.0047956585215612e-4,0.0016470528577665843,0.9856400073387274,0.0014650839149578136,0.001279403668377215,9.677351978372495e-4,4.94358127909095e-4,0.0029373877738206396,284,284,"DNA characterization and karyotypic evolution in the bee genus Melipona (Hymenoptera, Meliponini)",2002,Scopus,Multiple,Multiple,Melipona; Scaptotrigona,Neotropical,Meliponina,Neotropical,Meliponina,Melipona; Scaptotrigona,2,HEREDITAS,10.1034/j.1601-5223.2002.1360104.x
285,0.9062405934758826,3.8063900914400706e-4,0.0026050559712439652,0.004222105930696776,0.019126865103666516,0.0027945156667765394,0.01418733447865809,0.048274616699068684,0.0016351247058825852,5.331489589802717e-4,285,285,Recombination mapping of the Brazilian stingless bee Frieseomelitta varia confirms high recombination rates in social hymenoptera,2021,Scopus,Frieseomelitta,Frieseomelitta,Frieseomelitta,Neotropical,Meliponina,Neotropical,Meliponina,Frieseomelitta,1,BMC GENOMICS,10.1186/s12864-021-07987-3
286,0.006827158039960512,0.0076447015786374984,0.08133521830162184,0.014780145357832106,5.8562514695342464e-5,0.8648719038214916,0.01865641801047858,5.800770127333248e-4,0.002844970605273063,0.002400844757276355,286,286,Diagnostics of wild stingless bees from northeast india,2020,Scopus,Multiple,Multiple,Lepidotrigona; Tetragonula,Indo-Australasian,Hypotrigonina,Indo-Australasian,Hypotrigonina,Lepidotrigona; Tetragonula,2,INDIAN JOURNAL OF ENTOMOLOGY,10.5958/0974-8172.2020.00076.0
287,0.002993929631413574,2.5019609190317447e-4,0.0034643822398393834,0.0014631098191973393,0.0030549622933324404,0.40650507298423794,0.2077432164659586,0.00266115576693191,8.570374414988916e-4,0.37100693726568673,287,287,Preliminary molecular characterization of Angelita Bees (Tetragonisca Angustula) from Guarico state through RAPD markers; [Caracterización molecular preliminar de abejas Angelita (Tetragonisca Angustula) del estado Guárico mediante marcadores moleculares RAPD],2014,Scopus,Tetragonisca,Tetragonisca,Tetragonisca,Neotropical,Meliponina,Neotropical,Meliponina,Tetragonisca,1,ZOOTECNIA TROPICAL,
288,0.00969986382721887,8.335802020632888e-5,0.0035730228134927787,0.08063177615803023,0.0015527620897212964,0.7780145422191569,0.1164896260416903,0.001816278185554758,1.6810519914249185e-4,0.007970665445785854,288,288,Molecular identification of Amazonian stingless bees using polymerase chain reaction single-strand conformation polymorphism,2014,Scopus,Multiple,Multiple,Melipona; Scaptotrigona; Trigona,Neotropical,Meliponina,Neotropical,Meliponina,Melipona; Scaptotrigona; Trigona,3,GENETICS AND MOLECULAR RESEARCH,10.4238/2014.july.25.4
289,0.0017951860702874432,0.00511370265590685,0.8735680002083419,0.004720162155132978,1.7296820335292021e-6,0.10658839230646572,0.005723125768456561,3.8450375045080785e-4,0.0019269799629633854,1.782174399604309e-4,289,289,The first ITS2 sequence data set of eDNA from honey of Malaysian giant honeybees (Apis dorsata) and stingless bees (Heterotrigona itama) reveals plant species diversity,2023,Scopus,Heterotrigona,Heterotrigona,Heterotrigona,Indo-Australasian,Hypotrigonina,Indo-Australasian,Hypotrigonina,Heterotrigona,1,BMC RESEARCH NOTES,10.1186/s13104-023-06495-9
290,0.09619776685200171,2.8641987578483996e-5,0.004696042429128851,0.004399656819110755,0.0043024963186589675,0.168224124313907,0.7051739545971278,0.005025348628885383,5.941539298425805e-4,0.011357814123758614,290,290,"Morphological, chemical, and molecular analyses differentiate populations of the subterranean nesting stingless bee Mourella caerulea (Apidae: Meliponini)",2018,Scopus,Mourella,Other_rare_genera,Mourella,Neotropical,Meliponina,Neotropical,Meliponina,Mourella,1,APIDOLOGIE,10.1007/s13592-018-0563-5
291,0.007018620161573426,0.0038030969210572294,0.3750567813477971,0.0036281937656727705,4.489834739022852e-4,0.27987849597280784,0.07257509366600741,0.006002462555679512,0.23766505926327483,0.013923212872227846,291,291,Pot-pollen DNA barcoding as a tool to determine the diversity of plant species visited by Ecuadorian stingless bees,2025,Scopus,Multiple,Multiple,Melipona; Scaptotrigona; Tetragonisca,Neotropical,Meliponina,Neotropical,Meliponina,Melipona; Scaptotrigona; Tetragonisca,3,PLOS ONE,10.1371/journal.pone.0323306
292,0.09536615909528616,4.7044354247794654e-4,0.0054019668477629885,0.012021991302317897,6.440104361186589e-4,0.6906287645342649,0.19119842236479215,5.33384221824835e-4,7.655324119202051e-4,0.002969325243234027,292,292,Phylogenetic relationships of heterotrigona itama in Malaysia based on COI DNA sequences,2018,Scopus,Heterotrigona,Heterotrigona,Heterotrigona,Indo-Australasian,Hypotrigonina,Indo-Australasian,Hypotrigonina,Heterotrigona,1,SERANGGA,
293,5.817945838770235e-5,6.200187917259507e-4,4.2975743269295125e-4,1.671275577687001e-5,0.001969196107828463,0.0038011644244227956,0.005867181056652139,0.0027977052710953408,0.001055244730509492,0.9833848399709083,293,293,Isoenzymes related to flight activity in Tetragonisca angustula (Hymenoptera:Apidae:Meliponinae): Evidence of postranslational modification of the hexokinase and detection of new glycerol-3-phosphate dehydrogenase variants,1995,Scopus,Tetragonisca,Tetragonisca,Tetragonisca,Neotropical,Meliponina,Neotropical,Meliponina,Tetragonisca,1,BIOCHEMICAL GENETICS,10.1007/bf00554595
294,0.02382589589781934,7.09173966077417e-4,0.11161828168714401,0.005153894140710773,0.0021381259929123186,0.010194937449259993,0.22289896806395315,0.6022002261378929,0.0070418213943494725,0.014218675269880868,294,294,Sex determination in bees XXI. Number of xo-heteroalleles in a natural population of Melipona compressipes fasciculata (Apidae),1987,Scopus,Melipona,Melipona,Melipona,Neotropical,Meliponina,Neotropical,Meliponina,Melipona,1,INSECTES SOCIAUX,10.1007/bf02224359
295,0.21226176713726808,2.563292417168716e-4,0.05572576900115698,0.007821262147513237,0.0023814867252895146,0.17071547011557378,0.5297256452418176,0.010583979214991232,0.002516963851302612,0.008011327323370319,295,295,"Evidence of at least two evolutionary lineages in Melipona subnitida (Apidae, Meliponini) suggested by mtDNA variability and geometric morphometrics of forewings",2014,Scopus,Melipona,Melipona,Melipona,Neotropical,Meliponina,Neotropical,Meliponina,Melipona,1,NATURWISSENSCHAFTEN,10.1007/s00114-013-1123-5
296,9.962440254174352e-4,0.7453343138411107,0.008895513187039593,9.013606016773007e-4,0.002437375332750069,0.001758349896553756,5.540587404206919e-5,0.005911460087615487,0.23174920519864764,0.001960771955145804,296,296,"Bacteria, yeasts, and fungi associated with larval food of Brazilian native stingless bees",2023,Scopus,Multiple,Multiple,Frieseomelitta; Melipona; Tetragonisca,Neotropical,Meliponina,Neotropical,Meliponina,Frieseomelitta; Melipona; Tetragonisca,3,SCIENTIFIC REPORTS,10.1038/s41598-023-32298-w
297,0.0035504029509878625,2.427744742283915e-5,0.002054833927002943,7.057139981250477e-4,0.0016754386600156713,0.15693578231443217,0.6584229267040289,0.002590844283665811,3.7817640340374203e-4,0.1736616033109151,297,297,"Variation and genetic structure of Melipona quadrifasciata Lepeletier (Hymenoptera, Apidae) populations based on ISSR pattern",2010,Scopus,Melipona,Melipona,Melipona,Neotropical,Meliponina,Neotropical,Meliponina,Melipona,1,GENETICS AND MOLECULAR BIOLOGY,10.1590/s1415-47572010005000052
298,0.007466897219963393,3.057839051790079e-5,0.06271960344909856,3.197895067997168e-4,3.9412020049331973e-4,0.010888960289190949,0.897385106903699,0.004698580552338429,0.0014640234942109893,0.0146323399936879,298,298,Isolation and characterization of microsatellite loci in the stingless bee Melipona interrupta manaosensis (Apidae: Meliponini),2010,Scopus,Melipona,Melipona,Melipona,Neotropical,Meliponina,Neotropical,Meliponina,Melipona,1,CONSERVATION GENETICS RESOURCES,10.1007/s12686-009-9130-8
299,0.017454118092243242,0.10971730601744864,0.015677116618420188,0.0067487027750238755,0.06726559878941052,0.1507266014513669,0.009206513111323911,0.016758234336834304,0.4921240771283879,0.11432173167954031,299,299,Development of polyploidy in silk glands of Melipona quadrifasciata anthidioides Lep. (Hym. apoidea) during the larval stage,1969,Scopus,Melipona,Melipona,Melipona,Neotropical,Meliponina,Neotropical,Meliponina,Melipona,1,JOURNAL OF EXPERIMENTAL ZOOLOGY,10.1002/jez.1401700203
300,0.002292509251697931,1.4244354622499196e-4,4.404001878224629e-5,8.640515666957203e-4,0.9927295875232531,5.58811590226845e-4,5.605124654778279e-4,6.631491713760318e-4,3.3390568346266836e-4,0.0018109891828025468,300,300,Supernumerary B Chromosomes of Tetragonisca fiebrigi Share Repeat Content with Standard Chromosome Set of both T. fiebrigi and Tetragonisca angustula (Apidae: Meliponini),2023,Scopus,Tetragonisca,Tetragonisca,Tetragonisca,Neotropical,Meliponina,Neotropical,Meliponina,Tetragonisca,1,CYTOGENETIC AND GENOME RESEARCH,10.1159/000533431
301,0.4040390952773255,0.0030767114290366246,0.1885374397035091,0.3771388739717505,0.0037856092161156416,0.00913719783062874,0.004489807378290591,0.007449874957522727,0.002303976574633658,4.1413661187084444e-5,301,301,The genomes sequenced for the neotropical stingless bees Scaptotrigona bipunctata and S. depilis strengthen the phylogenomics support for the taxonomy of social bees,2025,Scopus,Scaptotrigona,Scaptotrigona,Scaptotrigona,Neotropical,Meliponina,Neotropical,Meliponina,Scaptotrigona,1,GENETICS AND MOLECULAR BIOLOGY,10.1590/1678-4685-gmb-2024-0255
302,0.006007322603142856,1.7229247005888517e-6,0.0018958850349266763,3.1973048569999563e-4,5.145596147256814e-4,0.012661121723395575,0.9649234043327127,0.003477986944580734,1.6903222238793148e-4,0.010029234113727144,302,302,Risk of local extinction and genetic diversity of Melipona quadrifasciata (Apidae: Meliponini) in a possible northeastern limit of its distribution in Brazil,2016,Scopus,Melipona,Melipona,Melipona,Neotropical,Meliponina,Neotropical,Meliponina,Melipona,1,SOCIOBIOLOGY,10.13102/sociobiology.v63i2.946
303,0.004453769297269937,4.252092167012239e-5,0.0057274426850548,3.498474390437016e-4,0.0022734784228266654,0.010757096677128042,0.7594376181842216,0.06604686743129118,0.0017965029738966172,0.14911485596759724,303,303,Genetic variability of stingless bees Melipona mondury Smith and Melipona quadrifasciata Lepeletier (Hymenoptera: Apidae) from a meliponary,2014,Scopus,Melipona,Melipona,Melipona,Neotropical,Meliponina,Neotropical,Meliponina,Melipona,1,SOCIOBIOLOGY,10.13102/sociobiology.v61i3.313-317
304,0.007052501593846103,0.010737505179814139,0.008164185417376346,0.18641238079797431,5.535220287481844e-4,0.7780620303873428,0.005688321625536676,7.834343502030889e-4,0.0011168058350116156,0.0014293127841466299,304,304,Enzymatic amplification and nucleotide sequencing of portions of the 18s rRNA gene of the bee Proplebeia dominicana (Apidae: Hymenoptera) isolated from 25-40 million year old Dominican amber,1992,Scopus,Proplebeia,Other_rare_genera,Proplebeia,Unassigned,Hypotrigonina,No region assigned,Hypotrigonina,Proplebeia,1,MEDICAL SCIENCE RESEARCH,
305,0.004367327096179385,0.001981321302820176,4.3354018513826805e-4,0.987826142125713,7.182884164027835e-4,0.003544311117089617,1.9554161384683112e-4,7.518873214938549e-4,7.321120735382232e-5,1.0842961396163804e-4,305,305,Unusual mitochondrial tRNA rearrangements in stingless bee Tetragonula pagdeni and phylogenetic analysis,2022,Scopus,Multiple,Multiple,Lepidotrigona; Melipona; Tetragonula,Multi-region,Multi-subtribe,Multi-region article,Multi-subtribe article,Lepidotrigona; Melipona; Tetragonula,3,ENTOMOLOGICAL SCIENCE,10.1111/ens.12526
306,0.006311125107758385,3.41691775718792e-5,0.012478768738139493,0.0011688589169402902,6.27798899206389e-4,0.003117349074493239,0.36506353427544175,0.598885949350236,0.0015328453225612953,0.010779601137651494,306,306,Eusocial bee male aggregations: Spatially and temporally separated but genetically homogenous,2016,Scopus,Tetragonisca,Tetragonisca,Tetragonisca,Neotropical,Meliponina,Neotropical,Meliponina,Tetragonisca,1,ENTOMOLOGIA EXPERIMENTALIS ET APPLICATA,10.1111/eea.12407
307,0.03005367172550915,5.437614303194828e-5,3.807899510816632e-4,0.0021247049140644798,0.9190018051973992,0.003508400602253297,0.03520095029898918,0.002606990197562213,7.076743279249776e-4,0.006360636642183777,307,307,"Investigation of Partamona helleri (Apidae, Meliponini) B chromosome origin. An approach by microdissection and whole chromosome painting",2013,Scopus,Partamona,Partamona,Partamona,Neotropical,Meliponina,Neotropical,Meliponina,Partamona,1,APIDOLOGIE,10.1007/s13592-012-0157-6
308,0.04316620380196596,1.72270605636224e-4,0.0064421708265731134,0.007862568541722355,0.003335372859296711,0.6695636175776964,0.2402062295529235,0.004397732101527733,8.511139324366601e-4,0.024002720200221296,308,308,"Sequence and RFLP analysis of the ITS2 ribosomal DNA in two Neotropical social bees, Melipona beecheii and Melipona yucatanica (Apidae, Meliponini)",2007,Scopus,Melipona,Melipona,Melipona,Neotropical,Meliponina,Neotropical,Meliponina,Melipona,1,INSECTES SOCIAUX,10.1007/s00040-007-0962-5
309,0.0015451972006880954,3.4717073253379165e-4,0.0015499852526918328,0.0013112316522140453,7.654545557838863e-4,5.809936825111277e-4,0.0028162604361765577,0.9875616973165475,0.0015024167319900171,0.0020195924388632215,309,309,10-hydroxy-2E-decenoic acid (10HDA) does not promote caste differentiation in Melipona scutellaris stingless bees,2021,Scopus,Melipona,Melipona,Melipona,Neotropical,Meliponina,Neotropical,Meliponina,Melipona,1,SCIENTIFIC REPORTS,10.1038/s41598-021-89212-5
310,0.002660664485705324,0.7584041618734652,0.18217900636845927,0.005609983696749548,7.050524231925216e-5,0.034894984792717375,7.153798814754353e-4,0.001208405396490627,0.013531573281465988,7.253349811522536e-4,310,310,Cultured-dependent and cultured-independent study of bacteria associated with Thai commercial stingless bee Lepidotrigona terminata,2020,Scopus,Lepidotrigona,Other_rare_genera,Lepidotrigona,Indo-Australasian,Hypotrigonina,Indo-Australasian,Hypotrigonina,Lepidotrigona,1,JOURNAL OF APICULTURAL RESEARCH,10.1080/00218839.2020.1831285
311,0.001672150135694504,1.861342807108375e-5,0.0013042568913454542,8.25471634016314e-5,0.002059573722008607,0.021419648576078986,0.5826351970761133,0.0030915021750484526,5.197855107799222e-4,0.38719672532145805,311,311,"Genetic divergence between Melipona quadrifasciata Lepeletier (Hymenoptera, Apidae) populations",2013,Scopus,Melipona,Melipona,Melipona,Neotropical,Meliponina,Neotropical,Meliponina,Melipona,1,GENETICS AND MOLECULAR BIOLOGY,10.1590/s1415-47572013000100016
312,3.789859728725991e-4,0.9872789357442807,0.00355887024947378,0.0030059636546088766,1.0094439887052072e-4,0.0029358066948669804,1.0582355119300329e-5,2.459240094578704e-4,0.0024026170551193987,8.136986532948533e-5,312,312,Identification of Lactobacillus spp. and Fructobacillus spp. isolated from fresh Heterotrigona itama honey and their antagonistic activities against clinical pathogenic bacteria; [Identificación de Lactobacillus spp. y Fructobacillus spp. aislados de la miel fresca de Heterotrigona itama y sus actividades antagónicas contra las bacterias patógenas clínicas],2018,Scopus,Multiple,Multiple,Heterotrigona; Trigona,Indo-Australasian,Hypotrigonina,Indo-Australasian,Hypotrigonina,Heterotrigona,1,JOURNAL OF APICULTURAL RESEARCH,10.1080/00218839.2018.1428047
313,0.009065941843346744,0.0016004675767925364,9.291524375089676e-4,0.005208804498235021,0.5261931443067409,0.1550386781460082,0.022588626338459615,0.0026521813676603583,0.001558363249494401,0.2751646402357531,313,313,Occurrence and Origin of Supernumerary Chromosomes in Partamona (Hymenoptera: Apidae: Meliponini),2017,Scopus,Partamona,Partamona,Partamona,Neotropical,Meliponina,Neotropical,Meliponina,Partamona,1,CYTOGENETIC AND GENOME RESEARCH,10.1159/000452290
314,0.0169836992845984,8.756867992100218e-6,0.00441598661582201,5.344042339716249e-4,0.0013521321278235372,0.004010174686226531,0.8660999125854751,0.09336861077661102,0.0011760363012432284,0.012050286520236604,314,314,Genetic Diversity of the Stingless Bee Scaptotrigona mexicana (Guérin) in the Gulf of Mexico Slope: Genetic Diversity of the Stingless Bee Scaptotrigona mexicana (Guérin) in the Gulf of Mexico Slope: A. Rodríguez et al.,2025,Scopus,Scaptotrigona,Scaptotrigona,Scaptotrigona,Neotropical,Meliponina,Neotropical,Meliponina,Scaptotrigona,1,NEOTROPICAL ENTOMOLOGY,10.1007/s13744-024-01213-x
315,0.0026098092867229026,0.002157394298324728,0.006637341616655546,0.007419460675520567,0.0031129782811785646,0.5943056311956788,0.04288252974608438,0.028208011131397516,0.0019372679913685627,0.31072957577706833,315,315,"Mitochondrial discrimination of stingless bees Tetragonisca angustula (Apidae: Meliponini) from Santa Catarina state, Brazil",2010,Scopus,Tetragonisca,Tetragonisca,Tetragonisca,Neotropical,Meliponina,Neotropical,Meliponina,Tetragonisca,1,APIDOLOGIE,10.1051/apido/2009082
316,0.003312631472951905,0.001125591292909789,0.004933240749778726,0.0010857852031373426,0.001331455170355059,0.21499980079126113,0.41805259280070306,0.002317973727458587,0.0024807951076843623,0.35036013368375996,316,316,A study on the genetic variability of stingless bees in terengganu by using random amplified polymorphic dna (Rapd) markers: A preliminary assessment,2020,Scopus,Multiple,Multiple,Heterotrigona; Tetragonula,Indo-Australasian,Hypotrigonina,Indo-Australasian,Hypotrigonina,Heterotrigona; Tetragonula,2,SERANGGA,
317,0.09425727015582021,4.695379323865575e-4,4.1417139085390676e-4,0.003274422183408302,0.8894276923776748,0.0025942916949452813,0.0038012457136403013,0.0026861535375178013,0.001209063285023364,0.0018661517287297431,317,317,"Cytogenetics of three Melipona species (Hymenoptera, Apidae, Meliponini)",2011,Scopus,Melipona,Melipona,Melipona,Neotropical,Meliponina,Neotropical,Meliponina,Melipona,1,SOCIOBIOLOGY,
318,0.001032701339732799,0.9895150401061322,0.0022154066724691212,0.003368314680016889,1.6752550164423707e-4,6.232716941734713e-4,1.0954294057721238e-5,3.572819209569896e-4,0.0022562241375354754,4.532796532813918e-4,318,318,Probiotic Potential of Lactic Acid Bacteria from Honey of Three Different Type Honeybees; [Potensi Probiotik Bakteri Asam Laktat Asal Madu dari Tiga Jenis Lebah yang Berbeda],2022,Scopus,Multiple,Multiple,Heterotrigona; Trigona,Multi-region,Multi-subtribe,Multi-region article,Multi-subtribe article,Heterotrigona; Trigona,2,JURNAL TEKNOLOGI DAN INDUSTRI PANGAN,10.6066/jtip.2022.33.2.189
319,0.009029596510588522,0.008661998840518216,0.060434865433170865,0.36088518490738714,2.270281050525557e-4,0.00844267333735435,0.0041438630216991,0.5445148061657745,0.003486434224813983,1.735494536409103e-4,319,319,"The first dataset of de novo transcriptome assembly of Heterotrigona itama (Apidae, Meliponinae) queen larva",2020,Scopus,Heterotrigona,Heterotrigona,Heterotrigona,Indo-Australasian,Hypotrigonina,Indo-Australasian,Hypotrigonina,Heterotrigona,1,DATA IN BRIEF,10.1016/j.dib.2020.105235
320,0.010898648486611954,2.6620935075082288e-5,5.765094209739194e-4,7.55656009907862e-4,0.4906323326447339,0.008431732941198951,0.36142915663693015,0.004837936969553215,8.155374333380859e-4,0.12159586852167709,320,320,"Occurrence of multiple nucleolus organizer regions and intraspecific karyotype variation in Scaptotrigona xanthotricha Moure (Hymenoptera, Meliponini)",2009,Scopus,Scaptotrigona,Scaptotrigona,Scaptotrigona,Neotropical,Meliponina,Neotropical,Meliponina,Scaptotrigona,1,GENETICS AND MOLECULAR RESEARCH,10.4238/vol8-3gmr598
321,0.008061109472801887,5.955795237963635e-5,0.003582193628411437,3.964006949513655e-4,0.004963483555745124,0.03363458038146069,0.695580100075759,0.010729674164262288,0.0013076924264603725,0.24168520764776824,321,321,Microsatellite loci for the stingless bee Melipona rufiventris (Hymenoptera: Apidae),2009,Scopus,Multiple,Multiple,Melipona; Partamona,Neotropical,Meliponina,Neotropical,Meliponina,Melipona; Partamona,2,MOLECULAR ECOLOGY RESOURCES,10.1111/j.1755-0998.2008.02486.x
322,0.01458798234044791,0.0010265893633870627,7.509615685839504e-4,0.0054061395214078534,0.9450282521719717,0.0057841402071499345,0.006090907506981033,0.006760826955963467,0.002636066390707543,0.011928133973399065,322,322,"Supernumerary chromosomes in Partamona cupira (Hymenoptera, Apidae, Meliponinae)",1992,Scopus,Partamona,Partamona,Partamona,Neotropical,Meliponina,Neotropical,Meliponina,Partamona,1,REVISTA BRASILEIRA DE GENETICA,
323,0.004581070740672357,0.10876912278564387,0.008503124963233686,0.001955025253981182,0.007189187515703323,0.008025382854543807,6.38577161247365e-4,0.011885885385120802,0.8434054681598746,0.005047155179979501,323,323,Micro-Interferometry of Insect Polyploid Nuclei,1972,Scopus,Melipona,Melipona,Melipona,Neotropical,Meliponina,Neotropical,Meliponina,Melipona,1,CYTOLOGIA,10.1508/cytologia.37.261
324,0.007546382533740107,2.8508927165760454e-6,0.003667226206896408,3.681509080535015e-4,5.42853006017028e-4,0.01585556891375285,0.9603674199013186,0.002072800965290767,2.278489211215692e-4,0.009348897751093035,324,324,"Microsatellite marker discovery in the stingless bee uruçu-amarela (Melipona rufiventris group, hymenoptera, meliponini) for population genetic analysis",2019,Scopus,Melipona,Melipona,Melipona,Neotropical,Meliponina,Neotropical,Meliponina,Melipona,1,INSECTS,10.3390/insects10120450
325,0.001216524925809817,7.101809840943773e-4,0.007247858304316126,0.0014897817530729904,3.82021644998162e-4,6.901994125868557e-4,0.002514364108549541,0.9820199507057426,0.001876948078177992,0.0018521700826518211,325,325,"Transcript levels of ten caste-related genes in adult diploid males of Melipona quadrifasciata(Hymenoptera, Apidae) - A comparison with haploid males, queens and workers",2011,Scopus,Melipona,Melipona,Melipona,Neotropical,Meliponina,Neotropical,Meliponina,Melipona,1,GENETICS AND MOLECULAR BIOLOGY,10.1590/s1415-47572011005000050
326,0.00508260424096916,3.416123675000071e-4,1.1735455544452088e-4,0.0030876790506304892,0.9852760300990328,0.001520423170759231,8.70975151792725e-4,0.0011199260027978356,5.33401088008978e-4,0.0020499942730644125,326,326,"Molecular cytogenetics in the study of repetitive sequences helping to understand the evolution of heterochromatin in Melipona (Hymenoptera, Meliponini)",2021,Scopus,Melipona,Melipona,Melipona,Neotropical,Meliponina,Neotropical,Meliponina,Melipona,1,GENETICA,10.1007/s10709-020-00111-5
327,0.04097942179004801,2.1654963576894264e-4,0.00730937480505744,0.005750455317991202,0.00966156360659896,0.2554016221998302,0.5615001327921896,0.008470734961980338,0.0015598576385051786,0.10915028725202988,327,327,A scientific note on the characterization of microsatellite loci for Melipona mondury (Hymenoptera: Apidae),2010,Scopus,Melipona,Melipona,Melipona,Neotropical,Meliponina,Neotropical,Meliponina,Melipona,1,APIDOLOGIE,10.1051/apido/2009067
328,0.010885266452757059,7.55223951743887e-6,0.0035290585550850065,0.001438454172729994,0.0010940062303634208,0.08380351220395223,0.8796590191093976,0.00249164840610434,2.726152165027263e-4,0.016818867413590552,328,328,A genetic and morphological survey to trace the origin of Melipona beecheii (Apidae: Meliponini) from Cuba,2019,Scopus,Melipona,Melipona,Melipona,Neotropical,Meliponina,Neotropical,Meliponina,Melipona,1,APIDOLOGIE,10.1007/s13592-019-00696-7
329,0.005997073818077875,3.565496199019079e-4,1.9612828271737322e-4,0.0036263859419207317,0.9770633718803089,0.0023291766028120282,0.0020692140236814997,0.003153442889307449,8.25088401661449e-4,0.004383568539610874,329,329,"Different Levels of Chromatin Condensation in Partamona chapadicola and Partamona nhambiquara (Hymenoptera, Apidae)",2020,Scopus,Partamona,Partamona,Partamona,Neotropical,Meliponina,Neotropical,Meliponina,Partamona,1,CYTOGENETIC AND GENOME RESEARCH,10.1159/000507835
330,0.00432104701386041,0.0019087772827604762,0.0016521206633660628,0.9815425922655523,4.982881530724711e-4,0.00877904346720052,2.602100832017682e-4,8.731695473809792e-4,1.5531418227644978e-4,9.437341327863666e-6,330,330,"Mitochondrial genome heteroplasmy and phylogenomics of the stingless bee Tetragonula laeviceps (Apidae, Apinae, Meliponini)",2024,Scopus,Tetragonula,Tetragonula,Tetragonula,Indo-Australasian,Hypotrigonina,Indo-Australasian,Hypotrigonina,Tetragonula,1,APIDOLOGIE,10.1007/s13592-024-01096-2
331,0.008472141890869683,3.7639150471422143e-5,2.2378676197736308e-4,0.0023239599891484346,0.9482209236615589,0.0031705711131268374,0.026784138379807292,0.0018755780200132195,4.330990256177706e-4,0.008458162007408832,331,331,"Comparative molecular cytogenetics in five species of stingless bees (Hymenoptera, Apidae)",2023,Scopus,Multiple,Multiple,Cephalotrigona; Melipona; Partamona; Tetragona,Neotropical,Meliponina,Neotropical,Meliponina,Cephalotrigona; Partamona; Tetragona,3,ZOOLOGISCHER ANZEIGER,10.1016/j.jcz.2022.11.008
332,0.0032822704488113157,0.007359310803508769,0.08544666426138237,0.008407183157999772,2.4217212615387636e-5,0.8765947391763845,0.014103624625000826,3.4440861805706195e-4,0.0021768552984542467,0.002260726397786001,332,332,"Morphometric and molecular identification, domestication, and potentials of stingless bees (Apidae: Meliponini) in Mount Halimun Salak National Park, West Java, Indonesia",2023,Scopus,Multiple,Multiple,Heterotrigona; Tetragonula,Indo-Australasian,Hypotrigonina,Indo-Australasian,Hypotrigonina,Heterotrigona; Tetragonula,2,BIODIVERSITAS,10.13057/biodiv/d241132
333,0.006885160138092368,1.4000179384978672e-4,0.0037106440218850453,0.002493160573042977,0.0012526360275411882,0.00376136468528655,0.04120523032324599,0.932736969507722,0.0014996287372928438,0.006315204192041406,333,333,The queen is dead - Long live the workers: Intraspecific parasitism by workers in the stingless bee Melipona scutellaris,2009,Scopus,Melipona,Melipona,Melipona,Neotropical,Meliponina,Neotropical,Meliponina,Melipona,1,MOLECULAR ECOLOGY,10.1111/j.1365-294x.2009.04323.x
334,8.164532451860341e-4,0.002794910611619599,0.004178106697160749,7.271510389644883e-5,8.217097204977322e-4,6.135828600442167e-4,5.081718198363916e-4,0.0020792462986855913,0.9870509348933881,0.0010641687496851261,334,334,Temporal Changes in Gut Microbiota Composition and Pollen Diet Associated with Colony Weakness of a Stingless Bee,2023,Scopus,Melipona,Melipona,Melipona,Neotropical,Meliponina,Neotropical,Meliponina,Melipona,1,MICROBIAL ECOLOGY,10.1007/s00248-022-02027-3
335,0.044821762136474694,2.012872180747093e-6,0.001766848563470815,5.123395489347816e-4,0.0014084753878611555,0.008676941218861976,0.9359243723912677,0.0029212342593769006,2.030112429963925e-4,0.003763002378574934,335,335,Population structuring of the ubiquitous stingless bee Tetragonisca angustula in southern Brazil as revealed by microsatellite and mitochondrial markers,2017,Scopus,Tetragonisca,Tetragonisca,Tetragonisca,Neotropical,Meliponina,Neotropical,Meliponina,Tetragonisca,1,INSECT SCIENCE,10.1111/1744-7917.12371
336,0.0053655075840286235,8.553868441749668e-4,0.006094607435478639,0.9630888966960417,0.002815469521206589,0.016478109626047528,0.001201852533016314,0.0037515691186115877,2.0496305281571007e-4,1.4363758857793865e-4,336,336,"The mitochondrial genome of the stingless bee Melipona bicolor (Hymenoptera, Apidae, Meliponini): Sequence, gene organization and a unique tRNA translocation event conserved across the tribe Meliponini",2008,Scopus,Melipona,Melipona,Melipona,Neotropical,Meliponina,Neotropical,Meliponina,Melipona,1,GENETICS AND MOLECULAR BIOLOGY,10.1590/s1415-47572008000300010
337,0.0011742544108793967,0.00190980694124448,0.0019072872432437467,0.05807919811241048,0.005498221389148821,0.7185283743132989,0.012128095047555128,0.003210931260770741,4.3159100330094035e-4,0.19713224027814721,337,337,Mitochondrial genome differences between the stingless bees Melipona rufiventris and Melipona mondury (Apidae: Meliponini),2007,Scopus,Melipona,Melipona,Melipona,Neotropical,Meliponina,Neotropical,Meliponina,Melipona,1,GENETICS AND MOLECULAR RESEARCH,
338,0.0034790307353671024,0.0032021560675289944,0.017685930185948755,0.9654935591984003,1.348620577693134e-4,0.007949827225213698,4.0408854455305004e-4,0.0012691179514716798,3.741398273458104e-4,7.288206402298077e-6,338,338,The Complete Mitochondrial Genome of the Stingless Bee Meliplebeia beccarii (Hymenoptera: Apidae: Meliponini) and Insights into Unusual Gene Rearrangement,2025,Scopus,Meliplebeia,Other_rare_genera,Meliplebeia,Afrotropical,Hypotrigonina,Afrotropical,Hypotrigonina,Meliplebeia,1,INTERNATIONAL JOURNAL OF MOLECULAR SCIENCES,10.3390/ijms262110588
339,0.971635966971613,2.296103743341656e-4,0.0023776299039913523,0.003147199630058462,0.005722418244246705,0.004820271747848767,0.008467848888702258,0.0026232219015403196,8.236628278053891e-4,1.5216950985972338e-4,339,339,"An updated molecular phylogeny of the stingless bees of the genus Trigona (Hymenoptera, Meliponini) of the northern Peruvian forests",2023,Scopus,Trigona,Trigona,Trigona,Neotropical,Meliponina,Neotropical,Meliponina,Trigona,1,JOURNAL OF HYMENOPTERA RESEARCH,10.3897/jhr.96.105311
340,0.0028127913017391456,3.756038368140634e-4,1.4415683566350166e-4,9.049690947695543e-4,0.9720478189107685,0.0016960529289504317,0.00248997083558549,0.002313114752362081,0.0010821577411529745,0.01613336376219469,340,340,"Chromosomal mapping of Repetitive DNA in Melipona Seminigra Merrillae Cockerell, 1919 (Hymenoptera, Apidae, Meliponini)",2021,Scopus,Melipona,Melipona,Melipona,Neotropical,Meliponina,Neotropical,Meliponina,Melipona,1,COMPARATIVE CYTOGENETICS,10.3897/compcytogen.v15i1.56430
341,0.00515503874192383,2.756947517455396e-4,0.005935366649882241,0.004339787056330221,5.574606642502523e-5,0.8624180276451279,0.11706503000191774,2.1641216272887012e-4,4.406712221231003e-4,0.00409822570179566,341,341,Taxonomic identification of stingless bees (Hymenoptera: Apidae: Meliponini) from selected locations of Tanzania using DNA barcoding,2025,Scopus,Multiple,Multiple,Axestotrigona; Dactylurina; Hypotrigona; Plebeina,Afrotropical,Hypotrigonina,Afrotropical,Hypotrigonina,Axestotrigona; Dactylurina; Hypotrigona; Plebeina,4,ECOLOGICAL GENETICS AND GENOMICS,10.1016/j.egg.2025.100402
342,0.002559924258261482,0.6476964768985247,0.3067043198297512,0.003968375802191161,8.559377858960223e-4,0.007496907286603674,4.6476339797310936e-4,0.006598863118686835,0.02136056677008355,0.0022938648520275974,342,342,Characterization and identification of lactic acid bacteria from Mexican stingless bees (Apidae: Meliponini),2021,Scopus,Multiple,Multiple,Melipona; Plebeia; Scaptotrigona,Neotropical,Meliponina,Neotropical,Meliponina,Melipona; Plebeia; Scaptotrigona,3,IOP CONFERENCE SERIES: EARTH AND ENVIRONMENTAL SCIENCE,10.1088/1755-1315/858/1/012010
343,0.03954696278140958,0.008548506644712827,0.4340695751378784,0.4210601205964214,1.5691173626037193e-4,0.011985361641974432,0.00875058561048941,0.07254302214541022,0.0032821350702458866,5.6818635198010805e-5,343,343,"First draft genome assembly of the malaysian stingless bee, heterotrigona itama (Apidae, meliponinae)",2020,Scopus,Heterotrigona,Heterotrigona,Heterotrigona,Indo-Australasian,Hypotrigonina,Indo-Australasian,Hypotrigonina,Heterotrigona,1,DATA,10.3390/data5040112
344,0.018166968370923544,2.7038002974797167e-5,0.0074679062765170175,0.008969957561358948,0.001956656728870317,0.18631798686369463,0.753622537469147,0.0067024201889615675,4.583761096796006e-4,0.01631015242787222,344,344,Genetic characterization of melipona subnitida stingless bee in Brazilian Northeast,2019,Scopus,Melipona,Melipona,Melipona,Neotropical,Meliponina,Neotropical,Meliponina,Melipona,1,SOCIOBIOLOGY,10.13102/sociobiology.v66i4.3408
345,0.005255649460605957,2.2817936237311165e-4,1.6561411048453584e-4,0.0018433205546977915,0.9780430129223149,0.0020599148253233187,0.0031952743295218656,0.0018309226786116066,7.087439594778424e-4,0.006669367796588969,345,345,"Cytogenetic characterization of two species of Frieseomelittaihering, 1912 (Hymenoptera, Apidae, Meliponini)",2011,Scopus,Frieseomelitta,Frieseomelitta,Frieseomelitta,Neotropical,Meliponina,Neotropical,Meliponina,Frieseomelitta,1,GENETICS AND MOLECULAR BIOLOGY,10.1590/s1415-47572011005000010
346,0.0036275862902398993,0.009539745211779381,0.4328250667468376,7.153908408608037e-4,4.4796043092647567e-4,0.00440442170411957,0.004835374707941471,0.007125264158101589,0.5345867573322522,0.0018924325769403834,346,346,Report on the microbiota of Melipona quadrifasciata affected by a recurrent disease,2017,Scopus,Melipona,Melipona,Melipona,Neotropical,Meliponina,Neotropical,Meliponina,Melipona,1,JOURNAL OF INVERTEBRATE PATHOLOGY,10.1016/j.jip.2016.11.012
347,0.2601409761584706,0.0016350646061429489,0.002117755830364831,0.00873907618320783,0.003909917850343122,0.16269791565957537,0.2646321228789323,0.002798759586533075,0.0011241077112699315,0.29220430353515986,347,347,Nest architecture and genetic differentiation in a species complex of Australian stingless bees,2004,Scopus,Multiple,Multiple,Heterotrigona; Scaptotrigona; Trigona,Multi-region,Multi-subtribe,Multi-region article,Multi-subtribe article,Heterotrigona; Scaptotrigona; Trigona,3,MOLECULAR ECOLOGY,10.1111/j.1365-294x.2004.02236.x
348,0.00490396479986296,0.004670685160586183,0.001474033390235496,0.0012413974497274345,0.4998006858755897,0.0020330454055643168,0.0011723613731260745,0.004079756204786715,0.47516692256187254,0.005457147778648167,348,348,"Feulgen-DNA response and chromatin condensation in Malpighian tubules of Melipona rufiventris and Melipona quadrifasciata (Hymenoptera, Apoidea)",2008,Scopus,Melipona,Melipona,Melipona,Neotropical,Meliponina,Neotropical,Meliponina,Melipona,1,CELL BIOLOGY INTERNATIONAL,10.1016/j.cellbi.2008.04.010
349,0.0032554531977458646,0.018396528597428314,0.6434750491628535,7.752751896377488e-4,4.5204237272034503e-4,0.005880225748597554,0.005303595146420359,0.008283500280735837,0.3107089852031315,0.0034693451007287287,349,349,Detection and identification of Melissococcus plutonius in stingless bees (Apidae: Meliponini) from Brazil,2025,Scopus,Multiple,Multiple,Melipona; Nannotrigona; Partamona; Plebeia; Tetragonisca,Neotropical,Meliponina,Neotropical,Meliponina,Melipona; Nannotrigona; Partamona; Plebeia; Tetragonisca,5,JOURNAL OF INVERTEBRATE PATHOLOGY,10.1016/j.jip.2025.108418
350,0.00285149568921245,1.751882975204028e-4,6.867394229751114e-5,0.0011500144201258256,0.9897577384969946,8.492343763919092e-4,9.51889710440754e-4,9.407090363504153e-4,4.4040435966185296e-4,0.0028146516710041243,350,350,"Cytogenetic characterization of Melipona rufiventris Lepeletier 1836 and Melipona mondury Smith 1863 (Hymenoptera, Apidae) by C banding and fluorochromes staining",2008,Scopus,Melipona,Melipona,Melipona,Neotropical,Meliponina,Neotropical,Meliponina,Melipona,1,GENETICS AND MOLECULAR BIOLOGY,10.1590/s1415-47572008000100010
351,0.0023197239233874478,0.0014310994067622683,0.003915144602736013,0.0036195272700077696,0.0025721532969697966,0.4230325742171319,0.054325408267267915,0.061121096750917536,0.0019420608329552358,0.44572121143186405,351,351,An optimized method for the generation of AFLP markers in a stingless bee (Melipona quadrifasciata) reveals a high degree of intracolonial genetic polymorphism,2006,Scopus,Multiple,Multiple,Melipona; Scaptotrigona,Neotropical,Meliponina,Neotropical,Meliponina,Melipona,1,APIDOLOGIE,10.1051/apido:2006043
352,0.01184746325054045,0.005759874696882316,0.00332370299752992,0.0056115698174887835,0.34423449511689896,0.0021500146745120313,0.004961376332425722,0.5082411633253678,0.10020557664979043,0.013664763138563475,352,352,"Cobalt chloride induces metaphase when topically applied to larvae and pupae of the stingless bee Melipona scutellaris (Hymenoptera, Apidae, Meliponini)",2013,Scopus,Melipona,Melipona,Melipona,Neotropical,Meliponina,Neotropical,Meliponina,Melipona,1,GENETICS AND MOLECULAR RESEARCH,10.4238/2013.february.6.1
353,8.673666183034353e-4,0.0017294085956314105,0.0029031783812863113,1.0535350371675528e-4,0.0010773477958087396,6.03527841727884e-4,0.0010493447122051764,0.01789423363057631,0.9712060427007609,0.002564196219982739,353,353,"Sublethal pesticide exposure alters stress response, detoxification, and immunity gene expression in larvae of the stingless bee Frieseomelitta varia (Apidae: Meliponini)",2025,Scopus,Frieseomelitta,Frieseomelitta,Frieseomelitta,Neotropical,Meliponina,Neotropical,Meliponina,Frieseomelitta,1,ENVIRONMENTAL SCIENCE AND POLLUTION RESEARCH,10.1007/s11356-025-36111-1
354,0.0026057938997785975,0.0013725020488385372,0.0043919413997989465,0.010177210312674831,6.352194510808553e-5,0.9681136458380978,0.010801418509246728,1.2461489280901077e-4,3.9300436815872347e-4,0.0019563467854889077,354,354,"HIGH GENETIC VARIATIONS OF THE STINGLESS BEE Tetragonula laeviceps BASED ON MITOCHONDRIAL DNA OF CYTOCHROME C OXIDASE SUBUNIT 1 (CO1) GENE IN SUMATRA AND JAVA, INDONESIA",2023,Scopus,Multiple,Multiple,Melipona; Tetragonula,Indo-Australasian,Hypotrigonina,Indo-Australasian,Hypotrigonina,Tetragonula,1,SERANGGA,10.17576/serangga-2023-2803-20
355,0.06981073205623489,7.528375028280745e-4,0.0029966552248948293,0.0029576113219785217,0.002718584196228338,0.0012438159848321003,0.005348141596887895,0.9105307848894733,0.002684670560438849,9.561666662034542e-4,355,355,"Methyl farnesoate epoxidase (mfe) gene expression and juvenile hormone titers in the life cycle of a highly eusocial stingless bee, Melipona scutellaris",2017,Scopus,Melipona,Melipona,Melipona,Neotropical,Meliponina,Neotropical,Meliponina,Melipona,1,JOURNAL OF INSECT PHYSIOLOGY,10.1016/j.jinsphys.2017.08.001
356,0.005209947820386695,8.948254930811224e-4,0.6291889650403444,0.0015502427959880572,2.2498749475543975e-4,0.006723381583180711,0.1556954484732819,0.18413435689870045,0.005057828357114864,0.01132001604316647,356,356,"Sex determination in bees. XXXIII. Decrease of xo heteroalleles in a finite population of Melipona scutellaris (Apidae, Meliponini)",1995,Scopus,Melipona,Melipona,Melipona,Neotropical,Meliponina,Neotropical,Meliponina,Melipona,1,REVISTA BRASILEIRA DE GENETICA,
357,0.24961550656021364,1.8423108776153052e-4,0.005881551187552251,0.04069632317419034,0.011008350262236481,0.3767222673388487,0.29955051388343,0.004537721696551628,6.938034022195833e-4,0.011109731406996072,357,357,"Utility of the ITS1 region for phylogenetic analysis in stingless bees: A case study of the endangered Melipona yucatanica Camargo, Moure and Roubik (Apidae: Meliponini)",2014,Scopus,Melipona,Melipona,Melipona,Neotropical,Meliponina,Neotropical,Meliponina,Melipona,1,SOCIOBIOLOGY,10.13102/sociobiology.v61i4.470-477
358,0.10369975554520822,9.989175027790471e-4,0.007573394392254498,0.041840980593432414,0.08641836689254823,0.22117401874542894,0.3667286088906532,0.01957155948745217,0.0023611083433432477,0.14963328960690023,358,358,"Characterization of microsatellite loci for Trigona carbonaria, a stingless bee endemic to Australia",2001,Scopus,Trigona,Trigona,Trigona,Neotropical,Meliponina,Neotropical,Meliponina,Trigona,1,MOLECULAR ECOLOGY NOTES,10.1046/j.1471-8278.2001.00041.x
359,0.14121471322635776,0.0016542916514521036,0.003976901256825901,0.014916303768670518,0.007859428050118486,0.804060519640108,0.01591322629489716,0.0013915908472121154,0.0010844445258386592,0.007928580738518924,359,359,"The first internal transcribed spacer (ITS-1) of Melipona species (Hymenoptera, Apidae, Meliponini): Characterization and phylogenetic analysis",2005,Scopus,Melipona,Melipona,Melipona,Neotropical,Meliponina,Neotropical,Meliponina,Melipona,1,INSECTES SOCIAUX,10.1007/s00040-004-0767-8
360,0.0013571220293702043,3.499831311594818e-4,0.001326205193953274,0.0016530498696076161,7.055070360542706e-4,4.7082856013085344e-4,0.0017084529733894318,0.9898198265951517,0.001306965683053153,0.0013020589281296522,360,360,Molecular characterization of the gene feminizer in the stingless bee Melipona interrupta (Hymenoptera: Apidae) reveals association to sex and caste development,2015,Scopus,Melipona,Melipona,Melipona,Neotropical,Meliponina,Neotropical,Meliponina,Melipona,1,INSECT BIOCHEMISTRY AND MOLECULAR BIOLOGY,10.1016/j.ibmb.2015.09.008
361,0.003566831380611446,8.653058128186018e-5,0.003487533039903653,6.25996884305251e-4,0.0025135120535259175,0.005325023201953414,0.27843501875507265,0.5815233542664225,0.0018294510553118896,0.12260674878161155,361,361,"Genetic structure of colonies and a male aggregation in the stingless bee Scaptotrigona postica, as revealed by microsatellite analysis",2000,Scopus,Scaptotrigona,Scaptotrigona,Scaptotrigona,Neotropical,Meliponina,Neotropical,Meliponina,Scaptotrigona,1,INSECTES SOCIAUX,10.1007/s000400050010
362,0.19289360616735923,5.62266861151824e-5,0.007358545518157765,0.0032055831236619836,0.006246191981189469,0.020967992532477744,0.6795704419824288,0.07700917684558974,0.0016728250213141438,0.011019410141706007,362,362,The role of sex-biased dispersion in promoting mitonuclear discordance in Partamona helleri (Hymenoptera: Apidae: Meliponini),2022,Scopus,Partamona,Partamona,Partamona,Neotropical,Meliponina,Neotropical,Meliponina,Partamona,1,BIOLOGICAL JOURNAL OF THE LINNEAN SOCIETY,10.1093/biolinnean/blac046
363,0.004403430105886099,0.003842590734544661,0.006397647816591349,0.020751147163664566,1.6325076143361975e-4,0.9513517776875925,0.009514478853709632,2.6512891132166906e-4,8.73045488714354e-4,0.0024375024765409853,363,363,"DNA BARCODING OF STINGLESS BEES FROM KALIMANTAN, INDONESIA",2026,Scopus,Multiple,Multiple,Geniotrigona; Heterotrigona; Homotrigona; Lepidotrigona; Tetragonula; Wallacetrigona,Indo-Australasian,Hypotrigonina,Indo-Australasian,Hypotrigonina,Geniotrigona; Heterotrigona; Homotrigona; Lepidotrigona; Tetragonula; Wallacetrigona,6,INDIAN JOURNAL OF ENTOMOLOGY,10.55446/ije.2025.1880
364,0.1420600943951924,4.80718652551749e-6,0.002817326896968664,5.425728940083417e-4,0.002669082091430188,0.008183495419951932,0.83675306995589,0.0032158098482539727,3.851970038583281e-4,0.003368544307920119,364,364,A geometric morphometric and microsatellite analyses of Scaptotrigona mexicana and S. pectoralis (Apidae: Meliponini) sheds light on the biodiversity of Mesoamerican stingless bees,2016,Scopus,Scaptotrigona,Scaptotrigona,Scaptotrigona,Neotropical,Meliponina,Neotropical,Meliponina,Scaptotrigona,1,JOURNAL OF INSECT CONSERVATION,10.1007/s10841-016-9899-1
365,0.00943560814583738,0.0017542198702472163,0.003935210781696404,1.8522446648481177e-4,0.0023780510315031533,0.0017089355499657476,0.002183641326124875,0.002799928780212324,0.9743883170130709,0.0012308630348572428,365,365,Assessment of the midgut microbiota in foragers of the stingless bee Melipona scutellaris following short-term sublethal exposure to imidacloprid,2025,Scopus,Melipona,Melipona,Melipona,Neotropical,Meliponina,Neotropical,Meliponina,Melipona,1,PLOS ONE,10.1371/journal.pone.0339982
366,0.00716589275979305,0.006824525451652004,0.01104016794399927,0.023273827328857764,2.683953506420896e-4,0.9312227461072176,0.014158933336737838,5.301105537268512e-4,0.0017658441694966978,0.003749556997877338,366,366,Isolation and partial characterisation of DNA from the bee Proplebeia dominicana (Apidae: Hymenoptera) in 25-40 million year old amber,1992,Scopus,Proplebeia,Other_rare_genera,Proplebeia,Unassigned,Hypotrigonina,No region assigned,Hypotrigonina,Proplebeia,1,MEDICAL SCIENCE RESEARCH,
367,0.004103458084103845,6.294390114616926e-6,0.0015357677972580865,1.3273848650524267e-4,0.0017502480949259313,0.014054582324191893,0.8904134906750583,0.003185369021774859,3.74086091864192e-4,0.08444396503420304,367,367,"New molecular evidence for fragmentation between two distant populations of the threatened stingless bee Melipona subnitida Ducke (Hymenoptera, Apidae, Meliponini)",2014,Scopus,Melipona,Melipona,Melipona,Neotropical,Meliponina,Neotropical,Meliponina,Melipona,1,JOURNAL OF HYMENOPTERA RESEARCH,10.3897/jhr.38.7302
368,0.0016608516128006198,0.005153324352873596,0.004808195107902966,4.041855352335237e-4,1.8044274315765144e-4,0.0030231016100124722,0.001061482915436666,9.214142601126407e-4,0.9824644186934561,3.2258316901339246e-4,368,368,Microbial diversity in stingless bee gut is linked to host wing size and influenced by the environment,2023,Scopus,Multiple,Multiple,Austroplebeia; Tetragonula,Indo-Australasian,Hypotrigonina,Indo-Australasian,Hypotrigonina,Austroplebeia; Tetragonula,2,JOURNAL OF INVERTEBRATE PATHOLOGY,10.1016/j.jip.2023.107909
369,3.0826542673922144e-4,7.111345620077644e-5,6.377274385899267e-4,2.068676094774595e-5,0.0022496269637001685,0.007113743005173058,0.08960274578878322,0.002528544278837636,7.766552571311945e-4,0.896690891623897,369,369,"Isoenzyme variation in Melipona rufiventris (Hymenoptera: Apidae, Meliponina) in Minas Gerais State, Brazil",2005,Scopus,Melipona,Melipona,Melipona,Neotropical,Meliponina,Neotropical,Meliponina,Melipona,1,BIOCHEMICAL GENETICS,10.1007/s10528-005-1066-4
370,0.10643037528449009,0.0023275617442366043,0.13421894574699414,0.008431545493505102,3.0768278851218647e-4,0.3931746569749192,0.344096289932284,0.001850315055721189,0.004834442372228018,0.004328184607109402,370,370,Inconsistent changes on infuscation and length of the forewing of Heterotrigona itama populations supported by COI Phylogeny,2025,Scopus,Heterotrigona,Heterotrigona,Heterotrigona,Indo-Australasian,Hypotrigonina,Indo-Australasian,Hypotrigonina,Heterotrigona,1,JOURNAL OF APICULTURAL RESEARCH,10.1080/00218839.2024.2323882
371,0.006202676954751581,3.2368013209364084e-4,0.006642692287508964,3.687500852760421e-4,0.011892258810233685,0.027164010194433447,0.3567999682726368,0.01493060799194374,0.0028025181634625572,0.5728728371076595,371,371,"Geographic variation in tetragonisca angustula (hymenoptera, apidae, meliponinae)",2005,Scopus,Multiple,Multiple,Scaptotrigona; Tetragonisca,Neotropical,Meliponina,Neotropical,Meliponina,Tetragonisca,1,JOURNAL OF APICULTURAL RESEARCH,10.1080/00218839.2005.11101157
372,0.6046790057563416,0.17637626663840736,0.09418635402059893,0.02482996809497928,0.005702424432259622,0.012186753058649165,0.0018614574328978037,0.007234960359185956,0.07260770629088795,3.35103915792682e-4,372,372,"A Deep Metagenomic Snapshot as a Proof-of-Concept for Resource Generation: Simultaneous Assembly of Host, Food, and Microbiome Genomes From Stingless Bee Larval Food",2025,Scopus,Tetragonisca,Tetragonisca,Tetragonisca,Neotropical,Meliponina,Neotropical,Meliponina,Tetragonisca,1,ECOLOGY AND EVOLUTION,10.1002/ece3.72546
373,0.005349523820433008,1.2471979338050422e-4,8.389903010716676e-5,0.0012636319584719128,0.9862321183262884,0.0012007428030714191,0.0017871975739698423,8.378795743369821e-4,3.800569112533074e-4,0.002740230208687186,373,373,"Cytogenetic Analysis and Chromosomal Mapping of Repetitive DNA in Melipona Species (Hymenoptera, Meliponini)",2019,Scopus,Melipona,Melipona,Melipona,Neotropical,Meliponina,Neotropical,Meliponina,Melipona,1,CYTOGENETIC AND GENOME RESEARCH,10.1159/000501754
374,3.033536423358859e-4,0.98738356020698,0.00258589916498141,9.868108304914329e-4,0.0010892974852113983,9.97819270514667e-4,7.3119804477513025e-6,0.0012596125293790727,0.004780940024442924,6.053948652154941e-4,374,374,Phylogenetic analyses of antibiotic-producing Streptomyces sp. isolates obtained from the stingless-bee Tetragonisca angustula (Apidae: Meliponini),2019,Scopus,Tetragonisca,Tetragonisca,Tetragonisca,Neotropical,Meliponina,Neotropical,Meliponina,Tetragonisca,1,MICROBIOLOGY (UNITED KINGDOM),10.1099/mic.0.000754
375,0.009731771237178128,2.668309987581661e-5,3.02926556764493e-4,0.0010977871423910256,0.8651554778611966,0.004235174860775858,0.08978901235801072,0.002282061213170447,5.994618515867418e-4,0.026779643819049997,375,375,Karyotypic variation in the stingless bee Trigona spinipes (Hymenoptera: Apidae: Meliponini) from different geographical regions of Brazil,2021,Scopus,Trigona,Trigona,Trigona,Neotropical,Meliponina,Neotropical,Meliponina,Trigona,1,APIDOLOGIE,10.1007/s13592-021-00906-1
376,0.045728864721757474,4.7666542732350257e-4,5.116837641014537e-4,0.00553587393857193,0.9286678244670428,0.005783145731010684,0.005979329258292394,0.002383094846633949,0.001233813129550425,0.003699704715715565,376,376,Different repetitive DNA sequences make up heterochromatin in Meliponini,2020,Scopus,Tetragonisca,Tetragonisca,Tetragonisca,Neotropical,Meliponina,Neotropical,Meliponina,Tetragonisca,1,APIDOLOGIE,10.1007/s13592-020-00766-1
377,0.008058054771012053,0.009368157701622328,0.0107039804608619,0.0016596570489002239,0.013675223166937596,0.05262416065041609,0.014280928160492427,0.019043102593447794,0.8013866750559069,0.06920006039040262,377,377,"The post-embryonic changes in melipona quadrifasciata anthidioides lep. (hym., Apoidea)",1969,Scopus,Melipona,Melipona,Melipona,Neotropical,Meliponina,Neotropical,Meliponina,Melipona,1,CYTOLOGIA,10.1508/cytologia.34.369
378,0.002545635302662974,0.43408851795264336,0.13095098557939808,0.0012937968358597255,0.0013169918856034697,0.002842923536376279,3.53646906850039e-4,0.00967959348020928,0.4149588074328473,0.0019691010875495588,378,378,"Melipona stingless bees and honey microbiota reveal the diversity, composition, and modes of symbionts transmission",2024,Scopus,Melipona,Melipona,Melipona,Neotropical,Meliponina,Neotropical,Meliponina,Melipona,1,FEMS MICROBIOLOGY ECOLOGY,10.1093/femsec/fiae063
379,0.0032619792544033056,2.416678792445226e-6,0.00127214787326589,8.98736081644197e-5,9.644954734834654e-4,0.007944064539205662,0.9434044074261508,0.0024002181179314515,2.3930011353231386e-4,0.04042109691506996,379,379,Isolation and characterization of 15 microsatellite loci in the stingless bee Plebeia remota (Apidae: Meliponini),2011,Scopus,Plebeia,Plebeia,Plebeia,Neotropical,Meliponina,Neotropical,Meliponina,Plebeia,1,CONSERVATION GENETICS RESOURCES,10.1007/s12686-010-9369-0
380,0.823199703210912,9.342875483390481e-4,0.006132561773637226,0.016791443145990275,0.006240779646562043,0.11897882824432657,0.021584609030267463,0.0036321301201787948,0.001319381284649489,0.0011862759951370586,380,380,A molecular phylogeny and the evolution of nest architecture and behavior in Trigona s.s. (Hymenoptera: Apidae: Meliponini),2008,Scopus,Trigona,Trigona,Trigona,Neotropical,Meliponina,Neotropical,Meliponina,Trigona,1,APIDOLOGIE,10.1051/apido:2007051
381,0.9600842802263163,0.0013678041366578556,0.0011029880790479904,0.02475725131336922,0.0029220882560860666,0.0036776915764096417,0.00423855740212756,9.588624942847143e-4,6.226266130097535e-4,2.6784990269170883e-4,381,381,A molecular phylogeny of the Old World stingless bees (Hymenoptera: Apidae: Meliponini) and the non-monophyly of the large genus Trigona,2007,Scopus,Multiple,Multiple,Heterotrigona; Melipona; Trigona,Multi-region,Multi-subtribe,Multi-region article,Multi-subtribe article,Heterotrigona; Melipona; Trigona,3,SYSTEMATIC ENTOMOLOGY,10.1111/j.1365-3113.2006.00362.x
382,0.002270764402731993,8.52057231868617e-5,0.0019412233658656086,0.001108829020762276,0.0016937555208944906,0.3928714618777581,0.28602053836985125,0.0021227507430188015,4.1165933400305106e-4,0.31147381164192744,382,382,Development of a species-diagnostic marker and its application for population genetics studies of the stingless bee Trigona collina in Thailand,2010,Scopus,Trigona,Trigona,Trigona,Neotropical,Meliponina,Neotropical,Meliponina,Trigona,1,GENETICS AND MOLECULAR RESEARCH,10.4238/vol9-2gmr775
383,0.0019463831320507589,0.003349312323023578,0.00446570220494161,1.3417044980567117e-4,0.0015379290562876047,0.0010175695731324836,9.22196046046798e-4,0.003634640485988239,0.9814385981277641,0.0015534986009587237,383,383,Extinction of anciently associated gut bacterial symbionts in a clade of stingless bees,2021,Scopus,Melipona,Melipona,Melipona,Neotropical,Meliponina,Neotropical,Meliponina,Melipona,1,ISME JOURNAL,10.1038/s41396-021-01000-1
384,0.6513068037525607,0.007543521031944171,0.11910952062669815,0.013744300952804413,7.294768816797776e-4,0.015019066517801856,0.18491518741039173,0.00452036848698946,0.001986335935299421,0.0011254184038297817,384,384,Molecular markers as a tool for population and evolutionary studies of stingless bees,2006,Web of Science,Unclassified,Unclassified,,Unassigned,Unassigned,No region assigned,No subtribe assigned,NA,0,APIDOLOGIE,10.1051/apido:2006021
385,0.0019687619811745694,0.001544711593378036,0.0029952652282883904,0.0022024647478320046,0.0043925698113267565,0.003792804695178362,0.009671619119468917,0.9247952861583387,0.0037830503157806313,0.0448534663492336,385,385,Vitellogenin gene expression in stingless bee workers differing in egg-laying behavior,2007,Web of Science,Multiple,Multiple,Frieseomelitta; Melipona; Scaptotrigona,Neotropical,Meliponina,Neotropical,Meliponina,Frieseomelitta; Melipona; Scaptotrigona,3,INSECTES SOCIAUX,10.1007/s00040-007-0913-1
386,0.0025568479392803992,0.003117765302617074,0.0024928647782538936,0.001615166360136917,0.019827370125671134,0.005306038203993995,0.0120709052501594,0.7327440869451614,0.005142760380390023,0.2151261947143358,386,386,EVOLUTION OF THE MECHANISM OF CASTE DETERMINATION IN THE GENUS MELIPONA,1950,Web of Science,Multiple,Multiple,Lestrimelitta; Melipona; Trigona,Neotropical,Meliponina,Neotropical,Meliponina,Melipona,1,EVOLUTION,10.2307/2405530
387,1.3459578070991655e-4,4.4592714722680083e-4,4.900488590578762e-4,3.0200101811702243e-5,0.003339735940979683,0.006112274284292319,0.01272666205119583,0.0035619908048107104,0.0012245386217482764,0.9719340264081668,387,387,GENETIC-VARIABILITY IN NATURAL-POPULATIONS OF BRAZILIAN SOCIAL BEES .2. ELECTROPHORETIC DATA FOR PGM AND MDH GIVE EVIDENCE FOR MULTIPLE FERTILIZATIONS IN STINGLESS BEES,1991,Web of Science,Multiple,Multiple,Melipona; Partamona; Plebeia; Scaptotrigona,Neotropical,Meliponina,Neotropical,Meliponina,Melipona; Partamona; Plebeia; Scaptotrigona,4,REVISTA BRASILEIRA DE GENETICA,
388,1.294934354365517e-4,5.519551173436709e-4,4.885641715256538e-4,3.4167788528004624e-5,0.003666657463666188,0.005855232159548456,0.010559432361770992,0.004375186135667798,0.0012943874128169043,0.9730449239536959,388,388,"GENETIC-VARIABILITY IN NATURAL-POPULATIONS OF BRAZILIAN SOCIAL BEES .3. ELECTROPHORETIC DATA FOR ME, GPD, SOD AND IDH",1991,Web of Science,Multiple,Multiple,Friesella; Melipona; Partamona; Scaptotrigona,Neotropical,Meliponina,Neotropical,Meliponina,Friesella; Melipona; Partamona; Scaptotrigona,4,REVISTA BRASILEIRA DE GENETICA,
389,0.008921226014921735,5.908614435787526e-4,0.7005388476863486,0.0016214864541162569,2.667189484402525e-4,0.013701932408860994,0.24311693480964333,0.018317856202891645,0.00568029393236695,0.007243842098831891,389,389,MUTATION IN BEES .3. APPLICATION IN BEE POPULATIONS OF A MUTATION-RATE,1986,Web of Science,Multiple,Multiple,Melipona; Scaptotrigona,Neotropical,Meliponina,Neotropical,Meliponina,Melipona; Scaptotrigona,2,REVISTA BRASILEIRA DE GENETICA,
390,0.08035849620702622,0.0028149721019139,0.006556638493899877,0.022314038076621058,0.00959305579125803,0.020107792263425323,0.013311932533333652,0.8343484188809138,0.005047634636794744,0.0055470210148136755,390,390,Ultraspiracle of the stingless bees Melipona scutellaris and Scaptotrigona depilis:: cDNA sequence and expression profiles during pupal development,2007,Web of Science,Multiple,Multiple,Melipona; Scaptotrigona,Neotropical,Meliponina,Neotropical,Meliponina,Melipona; Scaptotrigona,2,APIDOLOGIE,10.1051/apido:2007035
391,9.7843610067331e-5,5.451822957050493e-4,4.274509510590513e-4,2.819227362868137e-5,0.0029668795515213793,0.004911482979340344,0.008513620752162972,0.004624827851697687,0.0012045309268435885,0.976679988807974,391,391,GENETIC-VARIABILITY IN NATURAL-POPULATIONS OF BRAZILIAN SOCIAL BEES .1. ISOZYME PATTERNS AND POLYMORPHISM FOR ESTERASES AND TOTAL PROTEIN,1990,Web of Science,Multiple,Multiple,Melipona; Plebeia,Neotropical,Meliponina,Neotropical,Meliponina,Melipona; Plebeia,2,REVISTA BRASILEIRA DE GENETICA,
392,3.4340358987751813e-4,3.3549834159844175e-4,8.919804202239206e-4,5.65025423961094e-5,0.004079653187961113,0.01123687084161923,0.03682926341657569,0.004343863311314234,0.001395855632239534,0.9404871087161942,392,392,"Molecular Marker to Identify Two Stingless Bee Species: Tetragonisca angustula and Tetragonisca fiebrigi (Hymenoptera, Meliponinae)",2012,Web of Science,Tetragonisca,Tetragonisca,Tetragonisca,Neotropical,Meliponina,Neotropical,Meliponina,Tetragonisca,1,SOCIOBIOLOGY,
393,0.017750792203535627,0.00502571115439135,0.024023887460281276,0.0019038276286097802,0.0025394028467659114,0.001597393974154205,0.004702230051955096,0.6754984848015634,0.2646738566110065,0.0022844132677371292,393,393,Developmental and behavioral modulation of humoral immunity in the stingless bee Frieseomelitta varia,2026,Web of Science,Frieseomelitta,Frieseomelitta,Frieseomelitta,Neotropical,Meliponina,Neotropical,Meliponina,Frieseomelitta,1,APIDOLOGIE,10.1007/s13592-026-01270-8
394,0.17232889232978582,0.008723676783680523,0.33924088813143455,0.0023904445895976487,0.002731957228208543,0.006483851309321558,0.011057566775632053,0.00976107366466033,0.44652028548813694,7.613636995415335e-4,394,394,Conserved gut microbiomes with cross-species spillover between sympatric Neotropical stingless bees and honey bees,2026,Web of Science,Melipona,Melipona,Melipona,Neotropical,Meliponina,Neotropical,Meliponina,Melipona,1,APPLIED AND ENVIRONMENTAL MICROBIOLOGY,10.1128/aem.02483-25
395,0.002917734213903946,1.1889787019116367e-5,0.0014983019228049265,1.076441383122616e-4,0.002267434364024217,0.01794647460049257,0.7707727995358568,0.0031822154885690294,4.7846461718058404e-4,0.2008170413318365,395,395,"Genetic divergence between populations of the stingless bee uruqu amarela (Melipona rufiventris group, Hymenoptera, Meliponini):: Is there a new Melipona species in the Brazilian state of Minas Gerais?",2007,Web of Science,Melipona,Melipona,Melipona,Neotropical,Meliponina,Neotropical,Meliponina,Melipona,1,GENETICS AND MOLECULAR BIOLOGY,10.1590/s1415-47572007000400027
396,0.005497694160313907,8.814489730989253e-4,0.7449053914782374,0.0016286656001203057,1.5557472511201106e-4,0.0065409289719906465,0.11810948048934153,0.11134305146631794,0.005066770381812394,0.005870993753654851,396,396,"SEX DETERMINATION IN BEES .33. DECREASE OF XO-HETEROALLELES IN A FINITE POPULATION OF MELIPONA-SCUTELLARIS (APIDAE, MELIPONINI)",1995,Web of Science,Melipona,Melipona,Melipona,Neotropical,Meliponina,Neotropical,Meliponina,Melipona,1,REVISTA BRASILEIRA DE GENETICA,
397,0.018237547851611836,0.00932429292638743,0.062299469494951173,0.04200252710628116,0.0021859742369809525,0.2787013988792982,0.01604801481315771,0.365466551152067,0.19147057491314678,0.014263648626118076,397,397,"Heat shock genes in the stingless bee Melipona interrupta (Hymenoptera, Meliponini)",2018,Web of Science,Melipona,Melipona,Melipona,Neotropical,Meliponina,Neotropical,Meliponina,Melipona,1,GENETICS AND MOLECULAR RESEARCH,10.4238/gmr18062
398,0.0028434611806787352,0.31916211146155565,0.010463895568382746,0.01346797657456328,2.5419064336702004e-4,0.6458615984679085,0.0010842483208598115,2.9762760491047177e-4,0.0032251337112998127,0.003339756466473951,398,398,BACILLUS DNA IN FOSSIL BEES - AN ANCIENT SYMBIOSIS,1994,Web of Science,Proplebeia,Other_rare_genera,Proplebeia,Unassigned,Hypotrigonina,No region assigned,Hypotrigonina,Proplebeia,1,APPLIED AND ENVIRONMENTAL MICROBIOLOGY,10.1128/aem.60.6.2164-2167.1994
399,0.004025756878280714,0.0010688469694706655,0.0016028149756891208,0.0029505397585233035,0.03812686229399116,0.0014385421747901514,0.006200152017524673,0.9263754403703519,0.004441179140153359,0.01376986542122501,399,399,GENETIC DETERMINATION OF CASTES IN THE GENUS MELIPONA,1950,Web of Science,Melipona,Melipona,Melipona,Neotropical,Meliponina,Neotropical,Meliponina,Melipona,1,GENETICS,
400,0.006625983121118655,9.59243709179081e-6,0.022093084441311115,2.7866623007590354e-4,3.0858994098955224e-4,0.010566305749919902,0.9462261533207907,0.003401927342181173,7.276024434306412e-4,0.009762094973090652,400,400,Evidence for Gradients of Melipona rufiventris (Hymenoptera: Apidae) Genetic Diversity within the Brazilian Semiarid,2022,Web of Science,Melipona,Melipona,Melipona,Neotropical,Meliponina,Neotropical,Meliponina,Melipona,1,ENTOMOLOGY AND APPLIED SCIENCE LETTERS,10.51847/3bdobenvih
401,0.039080800492814274,0.07363726498249742,0.14318741378049762,0.004206305892712085,4.640109859428663e-4,0.004981823526365042,0.06103392130832697,0.107549949303394,0.5603224456591087,0.005536064068341503,401,401,"The microbiota of stingless bees: adaptive advantages in their development, feeding, and protection",2024,Web of Science,Unclassified,Unclassified,,Unassigned,Unassigned,No region assigned,No subtribe assigned,NA,0,ENTOMOLOGIA GENERALIS,10.1127/entomologia/2024/2360
402,8.30438865733261e-4,0.012363560750295833,0.3797954335811723,3.5097008865447654e-4,0.0017373922529755888,0.022816287746414067,0.03111406822160252,0.01323053842857758,0.012024625121395243,0.5257366849431792,402,402,A COMPARATIVE-STUDY OF ESTERASE ISOZYMES IN HYMENOPTERA,1987,Web of Science,Trigona,Trigona,Trigona,Neotropical,Meliponina,Neotropical,Meliponina,Trigona,1,ACTA ENTOMOLOGICA SINICA,
403,8.392825825714317e-4,0.0100698255876689,0.23154874082705476,3.5952667681962307e-4,0.002226139296316623,0.02917531462125262,0.03554732430929885,0.010805710270429241,0.009083823437669147,0.6703443123909189,403,403,A COMPARATIVE-STUDY OF ESTERASE ISOZYMES IN 6 SPECIES OF APIS AND 9 GENERA OF APOIDEA,1986,Web of Science,Trigona,Trigona,Trigona,Neotropical,Meliponina,Neotropical,Meliponina,Trigona,1,JOURNAL OF APICULTURAL RESEARCH,10.1080/00218839.1986.11100705
404,0.19167781054009192,0.0025446045746426588,0.142076523967765,0.00644514521020008,2.369337401587355e-4,0.014821059938252163,0.6354027094731406,0.0032603256026159226,0.001229558197977311,0.002305328755155519,404,404,Mitochondrial sequencing and geometric morphometrics suggest two clades in the Tetragonilla collina (Apidae: Meliponini) population of Thailand,2017,Web of Science,Unclassified,Unclassified,,Unassigned,Unassigned,No region assigned,No subtribe assigned,NA,0,APIDOLOGIE,10.1007/s13592-017-0517-3
405,0.9836641874360822,0.0028597505728428026,0.0018385006949131837,0.004139295082540504,0.0011056886336295738,0.0010500971668412841,0.0040919206999235295,8.360325335464198e-4,3.7773154463787643e-4,3.679563504308555e-5,405,405,Genes versus environment: geography and phylogenetic relationships shape the chemical profiles of stingless bees on a global scale,2013,Web of Science,Unclassified,Unclassified,,Unassigned,Unassigned,No region assigned,No subtribe assigned,NA,0,PROCEEDINGS OF THE ROYAL SOCIETY B-BIOLOGICAL SCIENCES,10.1098/rspb.2013.0680
406,0.5556425292253876,0.010775983590320351,0.03308255594162752,0.016508032959905234,0.10412626938554534,0.048545430511842944,0.04483201810238402,0.03710711281030553,0.1386346815849588,0.010745385887722747,406,406,"DIET INFLUENCE ON THE EVOLUTION OF THE DNA CONTENT AND NUCLEAR-SURFACE OF HYPOPHARYNGEAL GLAND-CELLS FROM SCAPTOTRIGONA-POSTICA (HYMENOPTERA, APIDAE)",1983,Web of Science,Scaptotrigona,Scaptotrigona,Scaptotrigona,Neotropical,Meliponina,Neotropical,Meliponina,Scaptotrigona,1,ANNALES DES SCIENCES NATURELLES-ZOOLOGIE ET BIOLOGIE ANIMALE,
407,0.007907159697858332,0.35547215231627693,0.035226486023146146,0.005899542432408253,0.0431362273238333,0.06253813476183832,0.011741397660940137,0.05150479866787065,0.04676452139229638,0.37980957972353147,407,407,"POLYPLOIDY PATTERN IN LARVAL SILK GLANDS OF MELIPONA-QUADRIFASCIATA (HYMENOPTERA, APOIDEA)",1970,Web of Science,Melipona,Melipona,Melipona,Neotropical,Meliponina,Neotropical,Meliponina,Melipona,1,INSECTES SOCIAUX,
408,0.013772660443645841,0.007258990530183922,0.10252778991670046,0.010774199254203415,0.0034642902426864396,0.011645288092970644,0.024100424475633916,0.7959647220585875,0.01775874380669126,0.0127328911786965,408,408,SEX DETERMINATION IN BEES .11. PRODUCTION OF DIPLOID MALES AND SEX DETERMINATION IN MELIPONA-QUADRIFASCIATA,1979,Web of Science,Melipona,Melipona,Melipona,Neotropical,Meliponina,Neotropical,Meliponina,Melipona,1,JOURNAL OF APICULTURAL RESEARCH,10.1080/00218839.1979.11099950
409,0.009296352741346959,0.15047207013609296,0.03192149085593225,0.0025877856657121764,0.027068329142235822,0.026249885423682506,0.00795267436734974,0.037142661743160374,0.6119845095913838,0.09532424033310351,409,409,"POST-EMBRYONIC CHANGES IN MELIPONA-QUADRIFASCIATA ANTHIDIOIDES LEP. (HYM., APOIDEA) .5. POLYPLOIDY IN LARVAL MALPIGHIAN TUBULES",1969,Web of Science,Melipona,Melipona,Melipona,Neotropical,Meliponina,Neotropical,Meliponina,Melipona,1,CYTOLOGIA,
410,0.027368791386814622,0.014028095957175416,0.2266303142717779,0.018339758393685957,0.006565712601611166,0.02927375548808595,0.04833357613055699,0.5725126129032768,0.033424680387496866,0.023522702479518414,410,410,SEX DETERMINATION IN BEES .4. GENETIC-CONTROL OF JUVENILE-HORMONE PRODUCTION IN MELIPONA-QUADRIFASCIATA (APIDAE),1975,Web of Science,Melipona,Melipona,Melipona,Neotropical,Meliponina,Neotropical,Meliponina,Melipona,1,GENETICS,
