"ID","Nome científico","Gênero","Subgênero","Epíteto específico","Status da espécie","Região/fauna","Subtribo","n_articles_ai_studied_species","n_candidate_articles_species","studied_article_ids","studied_titles"
1,"Asperplebeia moureana","Asperplebeia","NA","moureana","Extante","Neotropical / Novo Mundo","Meliponina",0,0,"",""
2,"Asperplebeia tica","Asperplebeia","NA","tica","Extante","Neotropical / Novo Mundo","Meliponina",0,0,"",""
3,"Cephalotrigona capitata","Cephalotrigona","NA","capitata","Extante","Neotropical / Novo Mundo","Meliponina",2,2,"31; 331","Karyotype description of cephalotrigona femorata Smith (Hymenoptera: Apidae) and the C-banding pattern as a specific marker for Cephalotrigona; Comparative molecular cytogenetics in five species of stingless bees (Hymenoptera, Apidae)"
4,"Cephalotrigona eburneiventer","Cephalotrigona","NA","eburneiventer","Extante","Neotropical / Novo Mundo","Meliponina",0,0,"",""
5,"Cephalotrigona femorata","Cephalotrigona","NA","femorata","Extante","Neotropical / Novo Mundo","Meliponina",2,2,"31; 258","Karyotype description of cephalotrigona femorata Smith (Hymenoptera: Apidae) and the C-banding pattern as a specific marker for Cephalotrigona; Yeasts from the nests of two Amazonian stingless bees: screening and PCR-RFLP molecular analysis"
6,"Cephalotrigona oaxacana","Cephalotrigona","NA","oaxacana","Extante","Neotropical / Novo Mundo","Meliponina",0,0,"",""
7,"Cephalotrigona zexmeniae","Cephalotrigona","NA","zexmeniae","Extante","Neotropical / Novo Mundo","Meliponina",0,0,"",""
8,"Duckeola ghilianii","Duckeola","NA","ghilianii","Extante","Neotropical / Novo Mundo","Meliponina",0,0,"",""
9,"Duckeola pavani","Duckeola","NA","pavani","Extante","Neotropical / Novo Mundo","Meliponina",0,0,"",""
10,"Friesella schrottkyi","Friesella","NA","schrottkyi","Extante","Neotropical / Novo Mundo","Meliponina",2,2,"37; 388","Comparative study on the physical mapping of ribosomal genes and repetitive sequences in Friesella schrottkyi (Friese 1900) (Hymenoptera: Apidae, Meliponini); GENETIC-VARIABILITY IN NATURAL-POPULATIONS OF BRAZILIAN SOCIAL BEES .3. ELECTROPHORETIC DATA FOR ME, GPD, SOD AND IDH"
11,"Frieseomelitta dispar","Frieseomelitta","NA","dispar","Extante","Neotropical / Novo Mundo","Meliponina",1,1,"345","Cytogenetic characterization of two species of Frieseomelittaihering, 1912 (Hymenoptera, Apidae, Meliponini)"
12,"Frieseomelitta doederleini","Frieseomelitta","NA","doederleini","Extante","Neotropical / Novo Mundo","Meliponina",1,1,"263","Karyotype diversity of stingless bees of the genus frieseomelitta (Hymenoptera, apidae, meliponini)"
13,"Frieseomelitta flavicornis","Frieseomelitta","NA","flavicornis","Extante","Neotropical / Novo Mundo","Meliponina",0,0,"",""
14,"Frieseomelitta languida","Frieseomelitta","NA","languida","Extante","Neotropical / Novo Mundo","Meliponina",0,0,"",""
15,"Frieseomelitta lehmanni","Frieseomelitta","NA","lehmanni","Extante","Neotropical / Novo Mundo","Meliponina",0,0,"",""
16,"Frieseomelitta longipes","Frieseomelitta","NA","longipes","Extante","Neotropical / Novo Mundo","Meliponina",1,1,"263","Karyotype diversity of stingless bees of the genus frieseomelitta (Hymenoptera, apidae, meliponini)"
17,"Frieseomelitta meadewaldoi","Frieseomelitta","NA","meadewaldoi","Extante","Neotropical / Novo Mundo","Meliponina",0,0,"",""
18,"Frieseomelitta nigra","Frieseomelitta","NA","nigra","Extante","Neotropical / Novo Mundo","Meliponina",0,0,"",""
19,"Frieseomelitta paranigra","Frieseomelitta","NA","paranigra","Extante","Neotropical / Novo Mundo","Meliponina",0,0,"",""
20,"Frieseomelitta paupera","Frieseomelitta","NA","paupera","Extante","Neotropical / Novo Mundo","Meliponina",0,0,"",""
21,"Frieseomelitta portoi","Frieseomelitta","NA","portoi","Extante","Neotropical / Novo Mundo","Meliponina",0,0,"",""
22,"Frieseomelitta silvestrii","Frieseomelitta","NA","silvestrii","Extante","Neotropical / Novo Mundo","Meliponina",0,0,"",""
23,"Frieseomelitta trichocerata","Frieseomelitta","NA","trichocerata","Extante","Neotropical / Novo Mundo","Meliponina",2,2,"167; 263","Karyotypes and Chromosomal Mapping of Some Repetitive DNAs in Two Stingless Bee Species (Apidae: Meliponini), with the Description of a B Chromosome in Plebeia Genus; Karyotype diversity of stingless bees of the genus frieseomelitta (Hymenoptera, apidae, meliponini)"
24,"Frieseomelitta varia","Frieseomelitta","NA","varia","Extante","Neotropical / Novo Mundo","Meliponina",17,17,"22; 36; 47; 57; 69; 81; 147; 175; 195; 196; 197; 285; 296; 345; 353; 385; 393","Exploring integument transcriptomes, cuticle ultrastructure, and cuticular hydrocarbons profiles in eusocial and solitary bee species displaying heterochronic adult cuticle maturation; Evaluation of reference genes for gene expression analysis by real-time quantitative PCR (qPCR) in three stingless bee species (Hymenoptera: Apidae: Meliponini); Reproductive potential shapes the expression of nurse-to-forager transition genes in the workers of stingless bees (Meliponini); A scientific note on the isolation and characterization of microsatellite loci of Frieseomelitta varia (Hymenoptera, apidae, Meliponini); Cytogenomics of Frieseomelitta varia (Hymenoptera: Apidae) and the Sharing of a Satellite DNA Family in Several Neotropical Meliponini Genera; Isolation and characterization of ten microsatellite loci in stingless bee Trigona spinipes (Apidae: Meliponini); Functional orthologs of honeybee CYP6AQ1 in stingless bees degrade the butenolide insecticide flupyradifurone; Structural Variations in Complete Mitogenome of Stingless Bees Serve as Auxiliary Molecular Markers for Generic Systematics; Bacterial communities of indoor surface of stingless bee nests; Characterization of sex-specific variants of doublesex and feminizer genes in stingless bee species; The nuclear and mitochondrial genomes of Frieseomelitta varia - A highly eusocial stingless bee (Meliponini) with a permanently sterile worker caste; Recombination mapping of the Brazilian stingless bee Frieseomelitta varia confirms high recombination rates in social hymenoptera; Bacteria, yeasts, and fungi associated with larval food of Brazilian native stingless bees; Cytogenetic characterization of two species of Frieseomelittaihering, 1912 (Hymenoptera, Apidae, Meliponini); Sublethal pesticide exposure alters stress response, detoxification, and immunity gene expression in larvae of the stingless bee Frieseomelitta varia (Apidae: Meliponini); Vitellogenin gene expression in stingless bee workers differing in egg-laying behavior; Developmental and behavioral modulation of humoral immunity in the stingless bee Frieseomelitta varia"
25,"Geotrigona acapulconis","Geotrigona","Chthonotrigona","acapulconis","Extante","Neotropical / Novo Mundo","Meliponina",0,0,"",""
26,"Geotrigona chiriquiensis","Geotrigona","Chthonotrigona","chiriquiensis","Extante","Neotropical / Novo Mundo","Meliponina",0,0,"",""
27,"Geotrigona fulvohirta","Geotrigona","Chthonotrigona","fulvohirta","Extante","Neotropical / Novo Mundo","Meliponina",0,0,"",""
28,"Geotrigona fumipennis","Geotrigona","Chthonotrigona","fumipennis","Extante","Neotropical / Novo Mundo","Meliponina",0,0,"",""
29,"Geotrigona joearroyoi","Geotrigona","Chthonotrigona","joearroyoi","Extante","Neotropical / Novo Mundo","Meliponina",0,0,"",""
30,"Geotrigona kaba","Geotrigona","Chthonotrigona","kaba","Extante","Neotropical / Novo Mundo","Meliponina",0,0,"",""
31,"Geotrigona leucogastra","Geotrigona","Chthonotrigona","leucogastra","Extante","Neotropical / Novo Mundo","Meliponina",0,0,"",""
32,"Geotrigona lutzi","Geotrigona","Chthonotrigona","lutzi","Extante","Neotropical / Novo Mundo","Meliponina",0,0,"",""
33,"Geotrigona terricola","Geotrigona","Chthonotrigona","terricola","Extante","Neotropical / Novo Mundo","Meliponina",0,0,"",""
34,"Geotrigona aequinoctialis","Geotrigona","Geotrigona","aequinoctialis","Extante","Neotropical / Novo Mundo","Meliponina",0,0,"",""
35,"Geotrigona argentina","Geotrigona","Geotrigona","argentina","Extante","Neotropical / Novo Mundo","Meliponina",0,0,"",""
36,"Geotrigona fulvatra","Geotrigona","Geotrigona","fulvatra","Extante","Neotropical / Novo Mundo","Meliponina",0,0,"",""
37,"Geotrigona kraussi","Geotrigona","Geotrigona","kraussi","Extante","Neotropical / Novo Mundo","Meliponina",0,0,"",""
38,"Geotrigona kwyrakai","Geotrigona","Geotrigona","kwyrakai","Extante","Neotropical / Novo Mundo","Meliponina",0,0,"",""
39,"Geotrigona mattogrossensis","Geotrigona","Geotrigona","mattogrossensis","Extante","Neotropical / Novo Mundo","Meliponina",0,0,"",""
40,"Geotrigona mombuca","Geotrigona","Geotrigona","mombuca","Extante","Neotropical / Novo Mundo","Meliponina",0,0,"",""
41,"Geotrigona subfulva","Geotrigona","Geotrigona","subfulva","Extante","Neotropical / Novo Mundo","Meliponina",0,0,"",""
42,"Geotrigona subgrisea","Geotrigona","Geotrigona","subgrisea","Extante","Neotropical / Novo Mundo","Meliponina",0,0,"",""
43,"Geotrigona subnigra","Geotrigona","Geotrigona","subnigra","Extante","Neotropical / Novo Mundo","Meliponina",0,0,"",""
44,"Geotrigona subterranea","Geotrigona","Geotrigona","subterranea","Extante","Neotropical / Novo Mundo","Meliponina",0,0,"",""
45,"Geotrigona tellurica","Geotrigona","Geotrigona","tellurica","Extante","Neotropical / Novo Mundo","Meliponina",0,0,"",""
46,"Geotrigona xanthopoda","Geotrigona","Geotrigona","xanthopoda","Extante","Neotropical / Novo Mundo","Meliponina",0,0,"",""
47,"Lestrimelitta nana","Lestrimelitta","Apiraptor","nana","Extante","Neotropical / Novo Mundo","Meliponina",0,0,"",""
48,"Lestrimelitta catira","Lestrimelitta","Hyrolestris","catira","Extante","Neotropical / Novo Mundo","Meliponina",0,0,"",""
49,"Lestrimelitta chamelensis","Lestrimelitta","Hyrolestris","chamelensis","Extante","Neotropical / Novo Mundo","Meliponina",0,0,"",""
50,"Lestrimelitta danuncia","Lestrimelitta","Hyrolestris","danuncia","Extante","Neotropical / Novo Mundo","Meliponina",0,0,"",""
51,"Lestrimelitta diminuta","Lestrimelitta","Hyrolestris","diminuta","Extante","Neotropical / Novo Mundo","Meliponina",0,0,"",""
52,"Lestrimelitta ehrhardti","Lestrimelitta","Hyrolestris","ehrhardti","Extante","Neotropical / Novo Mundo","Meliponina",0,0,"",""
53,"Lestrimelitta galvisi","Lestrimelitta","Hyrolestris","galvisi","Extante","Neotropical / Novo Mundo","Meliponina",0,0,"",""
54,"Lestrimelitta glaberrima","Lestrimelitta","Hyrolestris","glaberrima","Extante","Neotropical / Novo Mundo","Meliponina",0,0,"",""
55,"Lestrimelitta glabrata","Lestrimelitta","Hyrolestris","glabrata","Extante","Neotropical / Novo Mundo","Meliponina",0,0,"",""
56,"Lestrimelitta guyanensis","Lestrimelitta","Hyrolestris","guyanensis","Extante","Neotropical / Novo Mundo","Meliponina",0,0,"",""
57,"Lestrimelitta huilensis","Lestrimelitta","Hyrolestris","huilensis","Extante","Neotropical / Novo Mundo","Meliponina",0,0,"",""
58,"Lestrimelitta monodonta","Lestrimelitta","Hyrolestris","monodonta","Extante","Neotropical / Novo Mundo","Meliponina",0,0,"",""
59,"Lestrimelitta mourei","Lestrimelitta","Hyrolestris","mourei","Extante","Neotropical / Novo Mundo","Meliponina",0,0,"",""
60,"Lestrimelitta niitkib","Lestrimelitta","Hyrolestris","niitkib","Extante","Neotropical / Novo Mundo","Meliponina",1,1,"154","Sympatric cleptobiotic stingless bees have species-specific cuticular profiles that resemble their hosts"
61,"Lestrimelitta rufipes","Lestrimelitta","Hyrolestris","rufipes","Extante","Neotropical / Novo Mundo","Meliponina",0,0,"",""
62,"Lestrimelitta similis","Lestrimelitta","Hyrolestris","similis","Extante","Neotropical / Novo Mundo","Meliponina",0,0,"",""
63,"Lestrimelitta chacoana","Lestrimelitta","Lestrimelitta","chacoana","Extante","Neotropical / Novo Mundo","Meliponina",0,0,"",""
64,"Lestrimelitta ciliata","Lestrimelitta","Lestrimelitta","ciliata","Extante","Neotropical / Novo Mundo","Meliponina",0,0,"",""
65,"Lestrimelitta limao","Lestrimelitta","Lestrimelitta","limao","Extante","Neotropical / Novo Mundo","Meliponina",1,1,"200","Investigating the molecular basis of cleptobiosis in eusocial stingless bees (Apidae: Hymenoptera)"
66,"Lestrimelitta maracaia","Lestrimelitta","Lestrimelitta","maracaia","Extante","Neotropical / Novo Mundo","Meliponina",1,1,"120","Characterization of microsatellite loci of tetragonisca angustula (Hymenoptera, Apidae, Meliponini)"
67,"Lestrimelitta opita","Lestrimelitta","Lestrimelitta","opita","Extante","Neotropical / Novo Mundo","Meliponina",0,0,"",""
68,"Lestrimelitta piedemontana","Lestrimelitta","Lestrimelitta","piedemontana","Extante","Neotropical / Novo Mundo","Meliponina",0,0,"",""
69,"Lestrimelitta rufa","Lestrimelitta","Lestrimelitta","rufa","Extante","Neotropical / Novo Mundo","Meliponina",0,0,"",""
70,"Lestrimelitta spinosa","Lestrimelitta","Lestrimelitta","spinosa","Extante","Neotropical / Novo Mundo","Meliponina",0,0,"",""
71,"Lestrimelitta sulina","Lestrimelitta","Lestrimelitta","sulina","Extante","Neotropical / Novo Mundo","Meliponina",0,0,"",""
72,"Lestrimelitta tropica","Lestrimelitta","Lestrimelitta","tropica","Extante","Neotropical / Novo Mundo","Meliponina",0,0,"",""
73,"Melipona amazonica","Melipona","Eomelipona","amazonica","Extante","Neotropical / Novo Mundo","Meliponina",0,0,"",""
74,"Melipona asilvai","Melipona","Eomelipona","asilvai","Extante","Neotropical / Novo Mundo","Meliponina",1,1,"83","Karyotypes and heterochromatin variation (C-bands) in Melipona species (Hymenoptera, Apidae, Meliponinae)"
75,"Melipona bicolor","Melipona","Eomelipona","bicolor","Extante","Neotropical / Novo Mundo","Meliponina",15,21,"10; 33; 46; 58; 67; 83; 203; 209; 238; 243; 244; 282; 284; 321; 336","Comparative molecular cytogenetics of Melipona Illiger species (Hymenoptera: Apidae); Does beekeeping reduce genetic variability in Melipona scutellaris (Apidae, Meliponini)?; Mitochondrial DNA restriction and genomic maps of seven species of Melipona (Apidae: Meliponini); Mitochondria tRNA gene translocations in highly eusocial bees; Mitochondrial genome characterization of Melipona bicolor: Insights from the control region and gene expression data; Karyotypes and heterochromatin variation (C-bands) in Melipona species (Hymenoptera, Apidae, Meliponinae); The Complete Mitochondrial Genome of Lepidotrigona flavibasis (Hymenoptera: Meliponini) and High Gene Rearrangement in Lepidotrigona Mitogenomes; Insights from Melipona bicolor hybrid genome assembly: a stingless bee genome with chromosome-level scaffold; Preliminary characterization of mitochondrial genome of Melipona scutellaris, a Brazilian stingless bee; Further evidences of an emerging stingless bee-yeast symbiosis; Prediction of social structure and genetic relatedness in colonies of the facultative polygynous stingless bee Melipona bicolor (Hymenoptera, Apidae); Microsatellite loci for stingless bees; DNA characterization and karyotypic evolution in the bee genus Melipona (Hymenoptera, Meliponini); Microsatellite loci for the stingless bee Melipona rufiventris (Hymenoptera: Apidae); The mitochondrial genome of the stingless bee Melipona bicolor (Hymenoptera, Apidae, Meliponini): Sequence, gene organization and a unique tRNA translocation event conserved across the tribe Meliponini"
76,"Melipona carioca","Melipona","Eomelipona","carioca","Extante","Neotropical / Novo Mundo","Meliponina",0,0,"",""
77,"Melipona carrikeri","Melipona","Eomelipona","carrikeri","Extante","Neotropical / Novo Mundo","Meliponina",0,0,"",""
78,"Melipona marginata","Melipona","Eomelipona","marginata","Extante","Neotropical / Novo Mundo","Meliponina",7,7,"46; 83; 221; 284; 387; 391; 399","Mitochondrial DNA restriction and genomic maps of seven species of Melipona (Apidae: Meliponini); Karyotypes and heterochromatin variation (C-bands) in Melipona species (Hymenoptera, Apidae, Meliponinae); Effect of low temperature on male meiosis in melipona marginata; DNA characterization and karyotypic evolution in the bee genus Melipona (Hymenoptera, Meliponini); GENETIC-VARIABILITY IN NATURAL-POPULATIONS OF BRAZILIAN SOCIAL BEES .2. ELECTROPHORETIC DATA FOR PGM AND MDH GIVE EVIDENCE FOR MULTIPLE FERTILIZATIONS IN STINGLESS BEES; GENETIC-VARIABILITY IN NATURAL-POPULATIONS OF BRAZILIAN SOCIAL BEES .1. ISOZYME PATTERNS AND POLYMORPHISM FOR ESTERASES AND TOTAL PROTEIN; GENETIC DETERMINATION OF CASTES IN THE GENUS MELIPONA"
79,"Melipona obscurior","Melipona","Eomelipona","obscurior","Extante","Neotropical / Novo Mundo","Meliponina",0,0,"",""
80,"Melipona ogilviei","Melipona","Eomelipona","ogilviei","Extante","Neotropical / Novo Mundo","Meliponina",0,0,"",""
81,"Melipona picadensis","Melipona","Eomelipona","picadensis","Extante","Neotropical / Novo Mundo","Meliponina",0,0,"",""
82,"Melipona puncticollis","Melipona","Eomelipona","puncticollis","Extante","Neotropical / Novo Mundo","Meliponina",1,1,"13","Comparative cytogenetics in three Melipona species (Hymenoptera: Apidae) with two divergent heterochromatic patterns"
83,"Melipona schencki","Melipona","Eomelipona","schencki","Extante","Neotropical / Novo Mundo","Meliponina",1,1,"399","GENETIC DETERMINATION OF CASTES IN THE GENUS MELIPONA"
84,"Melipona schwarzi","Melipona","Eomelipona","schwarzi","Extante","Neotropical / Novo Mundo","Meliponina",0,0,"",""
85,"Melipona torrida","Melipona","Eomelipona","torrida","Extante","Neotropical / Novo Mundo","Meliponina",0,0,"",""
86,"Melipona tumupasae","Melipona","Eomelipona","tumupasae","Extante","Neotropical / Novo Mundo","Meliponina",0,0,"",""
87,"Melipona ambigua","Melipona","Melikerria","ambigua","Extante","Neotropical / Novo Mundo","Meliponina",0,0,"",""
88,"Melipona beecheii","Melipona","Melikerria","beecheii","Extante","Neotropical / Novo Mundo","Meliponina",10,10,"5; 25; 68; 93; 143; 202; 266; 308; 328; 342","Honey characterization and identification of fructophilic lactic acid bacteria of fresh samples from Melipona beecheii, Scaptotrigona pectoralis, Plebeia llorentei, and Plebeia jatiformis hives; Intraspecific variation in the stingless bee Melipona beecheii assessed with PCR-RFLP of the ITS1 ribosomal DNA; Study of microsatellite markers in stingless bees Melipona colimana and M. beecheii from mesoamerica; [Estudio de microsatélites en las abejas sin aguijón Melipona colimana y M. beecheii de mesoamérica]; Morphometric and genetic analyses differentiate Mesoamerican populations of the endangered stingless bee Melipona beecheii (Hymenoptera: Meliponidae) and support their conservation as two separate units; Morphological and molecular characters reveal differentiation in a Neotropical social bee, Melipona beecheii (Apidae: Meliponini); Comparative analysis of the gut microbiota of the sympatric stingless bee species Melipona beecheii and Melipona yucatanica; Trouble in the tropics: Pathogen spillover is a threat for native stingless bees; Sequence and RFLP analysis of the ITS2 ribosomal DNA in two Neotropical social bees, Melipona beecheii and Melipona yucatanica (Apidae, Meliponini); A genetic and morphological survey to trace the origin of Melipona beecheii (Apidae: Meliponini) from Cuba; Characterization and identification of lactic acid bacteria from Mexican stingless bees (Apidae: Meliponini)"
89,"Melipona compressipes","Melipona","Melikerria","compressipes","Extante","Neotropical / Novo Mundo","Meliponina",5,5,"46; 284; 294; 389; 391","Mitochondrial DNA restriction and genomic maps of seven species of Melipona (Apidae: Meliponini); DNA characterization and karyotypic evolution in the bee genus Melipona (Hymenoptera, Meliponini); Sex determination in bees XXI. Number of xo-heteroalleles in a natural population of Melipona compressipes fasciculata (Apidae); MUTATION IN BEES .3. APPLICATION IN BEE POPULATIONS OF A MUTATION-RATE; GENETIC-VARIABILITY IN NATURAL-POPULATIONS OF BRAZILIAN SOCIAL BEES .1. ISOZYME PATTERNS AND POLYMORPHISM FOR ESTERASES AND TOTAL PROTEIN"
90,"Melipona fasciculata","Melipona","Melikerria","fasciculata","Extante","Neotropical / Novo Mundo","Meliponina",6,6,"11; 64; 119; 243; 257; 317","The Mitochondrial Genome of Melipona fasciculata (Apidae, Meliponini): Genome Organization and Comparative Analyses, Phylogenetic Implications and Divergence Time Estimations; The mitochondrial genome of Melipona fasciculata and Melipona quadrifasciata: molecular evolution dynamics in stingless bees (Hymenoptera: Meliponini) mitogenomes; Mitochondrial DNA: a promising tool for characterising the population of the Tiúba stingless bee, Melipona fasciculata (Apidae, Meliponini); [DNA mitocondrial: uma ferramenta promissora para caracterizar a população da abelha-sem-ferrão Tiúba, Melipona fasciculata (Apidae, Meliponini)]; Further evidences of an emerging stingless bee-yeast symbiosis; Genome-wide discovery and characterization of microsatellite markers from Melipona fasciculata (Hymenoptera: Apidae), cross-amplification and a snapshot assessment of the genetic diversity in two stingless bee populations; Cytogenetics of three Melipona species (Hymenoptera, Apidae, Meliponini)"
91,"Melipona grandis","Melipona","Melikerria","grandis","Extante","Neotropical / Novo Mundo","Meliponina",0,0,"",""
92,"Melipona insularis","Melipona","Melikerria","insularis","Extante","Neotropical / Novo Mundo","Meliponina",0,0,"",""
93,"Melipona interrupta","Melipona","Melikerria","interrupta","Extante","Neotropical / Novo Mundo","Meliponina",10,10,"124; 128; 189; 258; 259; 288; 298; 360; 397; 399","Karyotypic description and repetitive DNA chromosome mapping of melipona interrupta latreille, 1811 (Hymenoptera: Meliponini); Fungal diversity in larval diets of Melipona interrupta: Impacts on queen development and survival; Diploid male production of two amazonian melipona bees (Hymenoptera: Apidae); Yeasts from the nests of two Amazonian stingless bees: screening and PCR-RFLP molecular analysis; Expression of methyl farnesoate epoxidase (Mfe) and juvenile hormone esterase (jhe) genes and their relation to social organization in the stingless bee melipona interrupta (hymenoptera: Apidae); Molecular identification of Amazonian stingless bees using polymerase chain reaction single-strand conformation polymorphism; Isolation and characterization of microsatellite loci in the stingless bee Melipona interrupta manaosensis (Apidae: Meliponini); Molecular characterization of the gene feminizer in the stingless bee Melipona interrupta (Hymenoptera: Apidae) reveals association to sex and caste development; Heat shock genes in the stingless bee Melipona interrupta (Hymenoptera, Meliponini); GENETIC DETERMINATION OF CASTES IN THE GENUS MELIPONA"
94,"Melipona quinquefasciata","Melipona","Melikerria","quinquefasciata","Extante","Neotropical / Novo Mundo","Meliponina",5,6,"99; 124; 130; 192; 323","Karyotypic description of the stingless bee Melipona quinquefasciata Lepeletier, 1836 (Hymenoptera, Meliponini) with emphasis on the presence of B chromosomes; Karyotypic description and repetitive DNA chromosome mapping of melipona interrupta latreille, 1811 (Hymenoptera: Meliponini); Insights into the heterochromatin evolution in the genus Melipona (Apidae: Meliponini); Genetic variability in Melipona quinquefasciata (Hymenoptera, Apidae, Meliponini) from northeastern Brazil determined using the first internal transcribed spacer (ITS1); Micro-Interferometry of Insect Polyploid Nuclei"
95,"Melipona salti","Melipona","Melikerria","salti","Extante","Neotropical / Novo Mundo","Meliponina",0,0,"",""
96,"Melipona triplaridis","Melipona","Melikerria","triplaridis","Extante","Neotropical / Novo Mundo","Meliponina",0,0,"",""
97,"Melipona baeri","Melipona","Melipona","baeri","Extante","Neotropical / Novo Mundo","Meliponina",0,0,"",""
98,"Melipona favosa","Melipona","Melipona","favosa","Extante","Neotropical / Novo Mundo","Meliponina",2,2,"103; 399","Karyological Analysis of a Stingless Bee, Melipona favosa (Apidae, Hymenoptera); GENETIC DETERMINATION OF CASTES IN THE GENUS MELIPONA"
99,"Melipona lunulata","Melipona","Melipona","lunulata","Extante","Neotropical / Novo Mundo","Meliponina",0,0,"",""
100,"Melipona lupitae","Melipona","Melipona","lupitae","Extante","Neotropical / Novo Mundo","Meliponina",0,0,"",""
101,"Melipona mandacaia","Melipona","Melipona","mandacaia","Extante","Neotropical / Novo Mundo","Meliponina",8,8,"49; 61; 164; 220; 227; 277; 321; 359","Genetic diversity of Melipona mandacaia, Smith 1863 in natural and rational breeding populations; Is the São Francisco River a historical barrier to gene flow for populations of Melipona mandacaia Smith, 1863 (Hymenoptera: Apidae)?; Longitudinal differentiation in Melipona mandacaia (Hymenoptera, Meliponini) chromosomes; Genetic diversity of Melipona mandacaia SMITH 1863 (Hymenoptera, Apidae), an endemic bee species from Brazilian Caatinga, using ISSR; Transferability of microsatellite primers developed for stingless bees to four other species of the genus Melipona; Integrative approach untangles the misconceptions about the range and identity of two stingless bees from the Brazilian semiarid region; Microsatellite loci for the stingless bee Melipona rufiventris (Hymenoptera: Apidae); The first internal transcribed spacer (ITS-1) of Melipona species (Hymenoptera, Apidae, Meliponini): Characterization and phylogenetic analysis"
102,"Melipona orbignyi","Melipona","Melipona","orbignyi","Extante","Neotropical / Novo Mundo","Meliponina",0,0,"",""
103,"Melipona peruviana","Melipona","Melipona","peruviana","Extante","Neotropical / Novo Mundo","Meliponina",0,0,"",""
104,"Melipona phenax","Melipona","Melipona","phenax","Extante","Neotropical / Novo Mundo","Meliponina",0,0,"",""
105,"Melipona quadrifasciata","Melipona","Melipona","quadrifasciata","Extante","Neotropical / Novo Mundo","Meliponina",62,62,"4; 10; 34; 36; 39; 43; 46; 47; 50; 64; 71; 77; 83; 88; 114; 125; 133; 134; 147; 170; 172; 182; 188; 190; 194; 195; 196; 206; 213; 227; 232; 242; 243; 251; 255; 267; 268; 277; 280; 281; 284; 296; 297; 299; 302; 303; 311; 321; 323; 325; 334; 346; 348; 349; 351; 359; 377; 388; 389; 391; 394; 399","Mitochondrial DNA polymorphism among populations of melipona quadrifasciata quadrifasciata lepeletier (Apidae: Meliponini) from Southern Brazil; [Polimorfi smo do DNA mitocondrial entre populações de melipona quadrifasciata quadrifasciata Lepeletier (Apidae: Meliponini) do Sul do Brasil]; Comparative molecular cytogenetics of Melipona Illiger species (Hymenoptera: Apidae); Genetic analysis of Melipona quadrifasciata LEP. (Hymenoptera: Apidae, Meliponinae) with RAPD markers; Evaluation of reference genes for gene expression analysis by real-time quantitative PCR (qPCR) in three stingless bee species (Hymenoptera: Apidae: Meliponini); Genome size diversity in stingless bees (Hymenoptera: Apidae, Meliponini); Sequence and expression pattern of the germ line marker vasa in honey bees and stingless bees; Mitochondrial DNA restriction and genomic maps of seven species of Melipona (Apidae: Meliponini); Reproductive potential shapes the expression of nurse-to-forager transition genes in the workers of stingless bees (Meliponini); Longitudinal survey reveals delayed effects of low gene expression on stingless bee colony health; The mitochondrial genome of Melipona fasciculata and Melipona quadrifasciata: molecular evolution dynamics in stingless bees (Hymenoptera: Meliponini) mitogenomes; Extraction of genomic DNA from Melipona quadrifasciata (Hymenoptera: Apidae, Meliponinae); The extensive amplification of heterochromatin in Melipona bees revealed by high throughput genomic and chromosomal analysis; Karyotypes and heterochromatin variation (C-bands) in Melipona species (Hymenoptera, Apidae, Meliponinae); Viruses in Brazilian stingless bees; Geographic distribution and spatial differentiation in the color pattern of abdominal stripes of the neotropical stingless bee Melipona quadrifasciata (Hymenoptera:Apidae); A molecular marker distinguishes the subspecies Melipona quadrifasciata quadrifasciata and Melipona quadrifasciata anthidioides (Hymenoptera: Apidae, Meliponinae); Gene expression profiles underlying alternative caste phenotypes in a highly eusocial bee, Melipona quadrifasciata; DNA methylation in stingless bees with low and high heterochromatin contents as assessed by restriction enzyme digestion and image analysis; Functional orthologs of honeybee CYP6AQ1 in stingless bees degrade the butenolide insecticide flupyradifurone; Caste-specific gene expression in the stingless bee Melipona quadrifasciata - Are there common patterns in highly eusocial bees?; ..."
106,"Melipona subnitida","Melipona","Melipona","subnitida","Extante","Neotropical / Novo Mundo","Meliponina",10,10,"21; 39; 46; 129; 177; 230; 284; 295; 344; 367","Genetic variability of melipona subnitida (hymenoptera: Apidae) in introduced and native populations; Genome size diversity in stingless bees (Hymenoptera: Apidae, Meliponini); Mitochondrial DNA restriction and genomic maps of seven species of Melipona (Apidae: Meliponini); Intraspecific variation in the first internal transcribed spacer (ITS1) of the nuclear ribosomal DNA in Melipona subnitida (Hymenoptera, Apidae), an endemic stingless bee from northeastern Brazil; Occurrence of deformed wing virus variants in the stingless bee melipona subnitida and honey bee Apis mellifera populations in Brazil; Origin of males in Melipona subnitida estimated from data of an isozymic polymorphic system; DNA characterization and karyotypic evolution in the bee genus Melipona (Hymenoptera, Meliponini); Evidence of at least two evolutionary lineages in Melipona subnitida (Apidae, Meliponini) suggested by mtDNA variability and geometric morphometrics of forewings; Genetic characterization of melipona subnitida stingless bee in Brazilian Northeast; New molecular evidence for fragmentation between two distant populations of the threatened stingless bee Melipona subnitida Ducke (Hymenoptera, Apidae, Meliponini)"
107,"Melipona variegatipes","Melipona","Melipona","variegatipes","Extante","Neotropical / Novo Mundo","Meliponina",0,0,"",""
108,"Melipona yucatanica","Melipona","Melipona","yucatanica","Extante","Neotropical / Novo Mundo","Meliponina",4,4,"140; 202; 308; 357","Morphometric and genetic differentiation in isolated populations of the endangered Mesoamerican stingless bee Melipona yucatanica (Hymenoptera: Apoidea) suggest the existence of a two species complex; Comparative analysis of the gut microbiota of the sympatric stingless bee species Melipona beecheii and Melipona yucatanica; Sequence and RFLP analysis of the ITS2 ribosomal DNA in two Neotropical social bees, Melipona beecheii and Melipona yucatanica (Apidae, Meliponini); Utility of the ITS1 region for phylogenetic analysis in stingless bees: A case study of the endangered Melipona yucatanica Camargo, Moure and Roubik (Apidae: Meliponini)"
109,"Melipona bradleyi","Melipona","Meliponiella","bradleyi","Extante","Neotropical / Novo Mundo","Meliponina",0,0,"",""
110,"Melipona illustris","Melipona","Meliponiella","illustris","Extante","Neotropical / Novo Mundo","Meliponina",0,0,"",""
111,"Melipona micheneri","Melipona","Meliponiella","micheneri","Extante","Neotropical / Novo Mundo","Meliponina",0,0,"",""
112,"Melipona belizeae","Melipona","Michmelia","belizeae","Extante","Neotropical / Novo Mundo","Meliponina",0,0,"",""
113,"Melipona boliviana","Melipona","Michmelia","boliviana","Extante","Neotropical / Novo Mundo","Meliponina",0,0,"",""
114,"Melipona brachychaeta","Melipona","Michmelia","brachychaeta","Extante","Neotropical / Novo Mundo","Meliponina",0,0,"",""
115,"Melipona capixaba","Melipona","Michmelia","capixaba","Extante","Neotropical / Novo Mundo","Meliponina",5,5,"1; 39; 44; 83; 284","Nuclear mitochondrial DNA: An Achilles' heel of molecular systematics, phylogenetics, and phylogeographic studies of stingless bees; Genome size diversity in stingless bees (Hymenoptera: Apidae, Meliponini); Evidence of hybridization between two species of Melipona bees; Karyotypes and heterochromatin variation (C-bands) in Melipona species (Hymenoptera, Apidae, Meliponinae); DNA characterization and karyotypic evolution in the bee genus Melipona (Hymenoptera, Meliponini)"
116,"Melipona captiosa","Melipona","Michmelia","captiosa","Extante","Neotropical / Novo Mundo","Meliponina",1,1,"83","Karyotypes and heterochromatin variation (C-bands) in Melipona species (Hymenoptera, Apidae, Meliponinae)"
117,"Melipona colimana","Melipona","Michmelia","colimana","Extante","Neotropical / Novo Mundo","Meliponina",3,3,"2; 68; 152","Detection, replication and quantification of deformed wing virus-A, deformed wing virus-B, and black queen cell virus in the endemic stingless bee, Melipona colimana, from Jalisco, Mexico; Study of microsatellite markers in stingless bees Melipona colimana and M. beecheii from mesoamerica; [Estudio de microsatélites en las abejas sin aguijón Melipona colimana y M. beecheii de mesoamérica]; Presence of nuclear copies of mitochondrial origin (NUMTs) in two related species of stingless bee genus Melipona (Hymenoptera: Meliponini)"
118,"Melipona costaricensis","Melipona","Michmelia","costaricensis","Extante","Neotropical / Novo Mundo","Meliponina",0,0,"",""
119,"Melipona cramptoni","Melipona","Michmelia","cramptoni","Extante","Neotropical / Novo Mundo","Meliponina",0,1,"",""
120,"Melipona crinita","Melipona","Michmelia","crinita","Extante","Neotropical / Novo Mundo","Meliponina",2,2,"10; 284","Comparative molecular cytogenetics of Melipona Illiger species (Hymenoptera: Apidae); DNA characterization and karyotypic evolution in the bee genus Melipona (Hymenoptera, Meliponini)"
121,"Melipona dubia","Melipona","Michmelia","dubia","Extante","Neotropical / Novo Mundo","Meliponina",1,1,"288","Molecular identification of Amazonian stingless bees using polymerase chain reaction single-strand conformation polymorphism"
122,"Melipona eburnea","Melipona","Michmelia","eburnea","Extante","Neotropical / Novo Mundo","Meliponina",2,2,"253; 288","DNA Barcoding of Stingless Bees (Hymenoptera: Meliponini) in Northern Peruvian Forests: A Plea for Integrative Taxonomy; Molecular identification of Amazonian stingless bees using polymerase chain reaction single-strand conformation polymorphism"
123,"Melipona fasciata","Melipona","Michmelia","fasciata","Extante","Neotropical / Novo Mundo","Meliponina",1,1,"152","Presence of nuclear copies of mitochondrial origin (NUMTs) in two related species of stingless bee genus Melipona (Hymenoptera: Meliponini)"
124,"Melipona flavolineata","Melipona","Michmelia","flavolineata","Extante","Neotropical / Novo Mundo","Meliponina",4,4,"10; 39; 75; 317","Comparative molecular cytogenetics of Melipona Illiger species (Hymenoptera: Apidae); Genome size diversity in stingless bees (Hymenoptera: Apidae, Meliponini); A protocol for isolating insect mitochondrial genomes: A case study of NUMT in Melipona flavolineata (Hymenoptera: Apidae); Cytogenetics of three Melipona species (Hymenoptera, Apidae, Meliponini)"
125,"Melipona fulva","Melipona","Michmelia","fulva","Extante","Neotropical / Novo Mundo","Meliponina",0,0,"",""
126,"Melipona fuscopilosa","Melipona","Michmelia","fuscopilosa","Extante","Neotropical / Novo Mundo","Meliponina",1,1,"10","Comparative molecular cytogenetics of Melipona Illiger species (Hymenoptera: Apidae)"
127,"Melipona illota","Melipona","Michmelia","illota","Extante","Neotropical / Novo Mundo","Meliponina",1,1,"253","DNA Barcoding of Stingless Bees (Hymenoptera: Meliponini) in Northern Peruvian Forests: A Plea for Integrative Taxonomy"
128,"Melipona indecisa","Melipona","Michmelia","indecisa","Extante","Neotropical / Novo Mundo","Meliponina",0,0,"",""
129,"Melipona lateralis","Melipona","Michmelia","lateralis","Extante","Neotropical / Novo Mundo","Meliponina",0,0,"",""
130,"Melipona melanoventer","Melipona","Michmelia","melanoventer","Extante","Neotropical / Novo Mundo","Meliponina",1,1,"46","Mitochondrial DNA restriction and genomic maps of seven species of Melipona (Apidae: Meliponini)"
131,"Melipona mimetica","Melipona","Michmelia","mimetica","Extante","Neotropical / Novo Mundo","Meliponina",0,0,"",""
132,"Melipona mondury","Melipona","Michmelia","mondury","Extante","Neotropical / Novo Mundo","Meliponina",10,10,"30; 151; 166; 227; 303; 327; 337; 350; 394; 395","Genome size estimation of three stingless bee species (Hymenoptera, Meliponinae) by flow cytometry; Comparative study on the use of specific and heterologous microsatellite primers in the stingless bees Melipona rufiventris and M. mondury (Hymenoptera, Apidae); Maturation of honey from Uruçú-Amarela (Melipona mondury): Metagenomics, metabolomics by NMR 1H, physicochemical and antioxidant properties; Transferability of microsatellite primers developed for stingless bees to four other species of the genus Melipona; Genetic variability of stingless bees Melipona mondury Smith and Melipona quadrifasciata Lepeletier (Hymenoptera: Apidae) from a meliponary; A scientific note on the characterization of microsatellite loci for Melipona mondury (Hymenoptera: Apidae); Mitochondrial genome differences between the stingless bees Melipona rufiventris and Melipona mondury (Apidae: Meliponini); Cytogenetic characterization of Melipona rufiventris Lepeletier 1836 and Melipona mondury Smith 1863 (Hymenoptera, Apidae) by C banding and fluorochromes staining; Conserved gut microbiomes with cross-species spillover between sympatric Neotropical stingless bees and honey bees; Genetic divergence between populations of the stingless bee uruqu amarela (Melipona rufiventris group, Hymenoptera, Meliponini):: Is there a new Melipona species in the Brazilian state of Minas Gerais?"
133,"Melipona nebulosa","Melipona","Michmelia","nebulosa","Extante","Neotropical / Novo Mundo","Meliponina",2,2,"10; 288","Comparative molecular cytogenetics of Melipona Illiger species (Hymenoptera: Apidae); Molecular identification of Amazonian stingless bees using polymerase chain reaction single-strand conformation polymorphism"
134,"Melipona nigrescens","Melipona","Michmelia","nigrescens","Extante","Neotropical / Novo Mundo","Meliponina",0,0,"",""
135,"Melipona panamica","Melipona","Michmelia","panamica","Extante","Neotropical / Novo Mundo","Meliponina",0,0,"",""
136,"Melipona paraensis","Melipona","Michmelia","paraensis","Extante","Neotropical / Novo Mundo","Meliponina",1,1,"13","Comparative cytogenetics in three Melipona species (Hymenoptera: Apidae) with two divergent heterochromatic patterns"
137,"Melipona rufescens","Melipona","Michmelia","rufescens","Extante","Neotropical / Novo Mundo","Meliponina",0,0,"",""
138,"Melipona rufiventris","Melipona","Michmelia","rufiventris","Extante","Neotropical / Novo Mundo","Meliponina",17,17,"30; 46; 70; 134; 151; 224; 251; 288; 321; 324; 337; 348; 350; 369; 395; 399; 400","Genome size estimation of three stingless bee species (Hymenoptera, Meliponinae) by flow cytometry; Mitochondrial DNA restriction and genomic maps of seven species of Melipona (Apidae: Meliponini); Similarity of heterochromatic regions in the stingless bees (Hymenoptera: Meliponini) revealed by chromosome painting; DNA methylation in stingless bees with low and high heterochromatin contents as assessed by restriction enzyme digestion and image analysis; Comparative study on the use of specific and heterologous microsatellite primers in the stingless bees Melipona rufiventris and M. mondury (Hymenoptera, Apidae); Contrasting patterns of foraging behavior in neotropical stingless bees using pollen and honey metabarcoding; Starmerella meliponinorum sp. nov., a novel ascomycetous yeast species associated with stingless bees; Molecular identification of Amazonian stingless bees using polymerase chain reaction single-strand conformation polymorphism; Microsatellite loci for the stingless bee Melipona rufiventris (Hymenoptera: Apidae); Microsatellite marker discovery in the stingless bee uruçu-amarela (Melipona rufiventris group, hymenoptera, meliponini) for population genetic analysis; Mitochondrial genome differences between the stingless bees Melipona rufiventris and Melipona mondury (Apidae: Meliponini); Feulgen-DNA response and chromatin condensation in Malpighian tubules of Melipona rufiventris and Melipona quadrifasciata (Hymenoptera, Apoidea); Cytogenetic characterization of Melipona rufiventris Lepeletier 1836 and Melipona mondury Smith 1863 (Hymenoptera, Apidae) by C banding and fluorochromes staining; Isoenzyme variation in Melipona rufiventris (Hymenoptera: Apidae, Meliponina) in Minas Gerais State, Brazil; Genetic divergence between populations of the stingless bee uruqu amarela (Melipona rufiventris group, Hymenoptera, Meliponini):: Is there a new Melipona species in the Brazilian state of Minas Gerais?; GENETIC DETERMINATION OF CASTES IN THE GENUS MELIPONA; Evidence for Gradients of Melipona rufiventris (Hymenoptera: Apidae) Genetic Diversity within the Brazilian Semiarid"
139,"Melipona scutellaris","Melipona","Michmelia","scutellaris","Extante","Neotropical / Novo Mundo","Meliponina",34,37,"9; 12; 26; 33; 44; 56; 62; 77; 83; 88; 100; 184; 185; 188; 203; 216; 227; 235; 238; 240; 248; 271; 279; 284; 296; 309; 333; 352; 355; 356; 365; 385; 390; 396","Repetitive DNAs in Melipona scutellaris (Hymenoptera: Apidae: Meliponidae): chromosomal distribution and test of multiple heterochromatin amplification in the genus; Insights into the Melipona scutellaris (Hymenoptera, Apidae, Meliponini) fat body transcriptome; Intraspecific queen parasitism in a highly eusocial bee; Does beekeeping reduce genetic variability in Melipona scutellaris (Apidae, Meliponini)?; Evidence of hybridization between two species of Melipona bees; Farnesoic Acid O-Methyl Transferase (FAMeT) isoforms: Conserved traits and gene expression patterns related to caste differentiation in the stingless bee, Melipona scutellaris; Complete mitochondrial genome sequence of Melipona scutellaris, a Brazilian stingless bee; The extensive amplification of heterochromatin in Melipona bees revealed by high throughput genomic and chromosomal analysis; Karyotypes and heterochromatin variation (C-bands) in Melipona species (Hymenoptera, Apidae, Meliponinae); Viruses in Brazilian stingless bees; Genetic variability and population structure in Melipona scutellaris (Hymenoptera: Apidae) from Bahia, Brazil, based on molecular markers; Transcriptomic analysis of Malpighian tubules from the stingless bee Melipona scutellaris reveals thiamethoxam-induced damages; Epigenetic modifications and their relation to caste and sex determination and adult division of labor in the stingless bee Melipona scutellaris; Retroelement expansions underlie genome evolution in stingless bees; The Complete Mitochondrial Genome of Lepidotrigona flavibasis (Hymenoptera: Meliponini) and High Gene Rearrangement in Lepidotrigona Mitogenomes; Genetic variability in Melipona scutellaris from Recôncavo, Bahia, Brazil; Transferability of microsatellite primers developed for stingless bees to four other species of the genus Melipona; New Penicillium and Talaromyces species from honey, pollen and nests of stingless bees; Preliminary characterization of mitochondrial genome of Melipona scutellaris, a Brazilian stingless bee; Analysis of the intercaste transcriptional profile of Melipona scutellaris latreille, 1811 (hymenoptera, apidae, meliponini) by mRNA differential display; ..."
140,"Melipona seminigra","Melipona","Michmelia","seminigra","Extante","Neotropical / Novo Mundo","Meliponina",10,10,"10; 13; 54; 83; 96; 189; 284; 288; 340; 389","Comparative molecular cytogenetics of Melipona Illiger species (Hymenoptera: Apidae); Comparative cytogenetics in three Melipona species (Hymenoptera: Apidae) with two divergent heterochromatic patterns; DNA barcoding reveals long-term speciation processes in subspecies of the Melipona (Michmelia) seminigra complex (Hymenoptera: Apidae); Karyotypes and heterochromatin variation (C-bands) in Melipona species (Hymenoptera, Apidae, Meliponinae); Microsatellite loci for an endemic stingless bee Melipona seminigra merrillae (Apidae, meliponini) from Amazon; Diploid male production of two amazonian melipona bees (Hymenoptera: Apidae); DNA characterization and karyotypic evolution in the bee genus Melipona (Hymenoptera, Meliponini); Molecular identification of Amazonian stingless bees using polymerase chain reaction single-strand conformation polymorphism; Chromosomal mapping of Repetitive DNA in Melipona Seminigra Merrillae Cockerell, 1919 (Hymenoptera, Apidae, Meliponini); MUTATION IN BEES .3. APPLICATION IN BEE POPULATIONS OF A MUTATION-RATE"
141,"Melipona solani","Melipona","Michmelia","solani","Extante","Neotropical / Novo Mundo","Meliponina",0,0,"",""
142,"Melipona trinitatis","Melipona","Michmelia","trinitatis","Extante","Neotropical / Novo Mundo","Meliponina",0,0,"",""
143,"Melipona fallax","Melipona","Mouremelia","fallax","Extante","Neotropical / Novo Mundo","Meliponina",0,0,"",""
144,"Melipona fuliginosa","Melipona","Mouremelia","fuliginosa","Extante","Neotropical / Novo Mundo","Meliponina",2,2,"94; 317","DNA Barcoding applied to the identification of Meliponini in the Lençóis Maranhenses microregion, Brazil; [DNA Barcoding aplicado à identificação de meliponíneos na microrregião Lençóis Maranhenses, Brasil]; Cytogenetics of three Melipona species (Hymenoptera, Apidae, Meliponini)"
145,"Melipona titania","Melipona","Mouremelia","titania","Extante","Neotropical / Novo Mundo","Meliponina",0,0,"",""
146,"Meliwillea bivea","Meliwillea","NA","bivea","Extante","Neotropical / Novo Mundo","Meliponina",0,0,"",""
147,"Mourella caerulea","Mourella","NA","caerulea","Extante","Neotropical / Novo Mundo","Meliponina",1,1,"290","Morphological, chemical, and molecular analyses differentiate populations of the subterranean nesting stingless bee Mourella caerulea (Apidae: Meliponini)"
148,"Nannotrigona dutrae","Nannotrigona","Lispotrigona","dutrae","Extante","Neotropical / Novo Mundo","Meliponina",0,0,"",""
149,"Nannotrigona schultzei","Nannotrigona","Lispotrigona","schultzei","Extante","Neotropical / Novo Mundo","Meliponina",0,0,"",""
150,"Nannotrigona camargoi","Nannotrigona","Nannotrigona","camargoi","Extante","Neotropical / Novo Mundo","Meliponina",0,0,"",""
151,"Nannotrigona chapadana","Nannotrigona","Nannotrigona","chapadana","Extante","Neotropical / Novo Mundo","Meliponina",0,0,"",""
152,"Nannotrigona gaboi","Nannotrigona","Nannotrigona","gaboi","Extante","Neotropical / Novo Mundo","Meliponina",0,0,"",""
153,"Nannotrigona melanocera","Nannotrigona","Nannotrigona","melanocera","Extante","Neotropical / Novo Mundo","Meliponina",0,0,"",""
154,"Nannotrigona mellaria","Nannotrigona","Nannotrigona","mellaria","Extante","Neotropical / Novo Mundo","Meliponina",0,0,"",""
155,"Nannotrigona minuta","Nannotrigona","Nannotrigona","minuta","Extante","Neotropical / Novo Mundo","Meliponina",0,0,"",""
156,"Nannotrigona occidentalis","Nannotrigona","Nannotrigona","occidentalis","Extante","Neotropical / Novo Mundo","Meliponina",0,0,"",""
157,"Nannotrigona perilampoides","Nannotrigona","Nannotrigona","perilampoides","Extante","Neotropical / Novo Mundo","Meliponina",2,2,"90; 234","The Insecticide Imidacloprid Decreases Nannotrigona Stingless Bee Survival and Food Consumption and Modulates the Expression of Detoxification and Immune-Related Genes; Morphometric and genetic analyses show differentiation of the widely distributed stingless bee Nannotrigona perilampoides (Hymenoptera: Meliponini) across geographic regions in Mexico"
158,"Nannotrigona pilosa","Nannotrigona","Nannotrigona","pilosa","Extante","Neotropical / Novo Mundo","Meliponina",0,0,"",""
159,"Nannotrigona punctata","Nannotrigona","Nannotrigona","punctata","Extante","Neotropical / Novo Mundo","Meliponina",0,0,"",""
160,"Nannotrigona testaceicornis","Nannotrigona","Nannotrigona","testaceicornis","Extante","Neotropical / Novo Mundo","Meliponina",4,4,"88; 174; 200; 283","Viruses in Brazilian stingless bees; Isolation and characterization of microsatellite markers from the stingless bee Nannotrigona testaceicornis; Investigating the molecular basis of cleptobiosis in eusocial stingless bees (Apidae: Hymenoptera); Genetic diversity in nannotrigona testaceicornis (Hymenoptera: Apidae) aggregations in southeastern Brazil"
161,"Nannotrigona tristella","Nannotrigona","Nannotrigona","tristella","Extante","Neotropical / Novo Mundo","Meliponina",0,0,"",""
162,"Nogueirapis batistai","Nogueirapis","NA","batistai","Extante","Neotropical / Novo Mundo","Meliponina",0,0,"",""
163,"Nogueirapis butteli","Nogueirapis","NA","butteli","Extante","Neotropical / Novo Mundo","Meliponina",0,0,"",""
164,"Nogueirapis costaricana","Nogueirapis","NA","costaricana","Extante","Neotropical / Novo Mundo","Meliponina",0,0,"",""
165,"Nogueirapis minor","Nogueirapis","NA","minor","Extante","Neotropical / Novo Mundo","Meliponina",0,0,"",""
166,"Nogueirapis mirandula","Nogueirapis","NA","mirandula","Extante","Neotropical / Novo Mundo","Meliponina",0,0,"",""
167,"Nogueirapis rosariae","Nogueirapis","NA","rosariae","Extante","Neotropical / Novo Mundo","Meliponina",0,0,"",""
168,"Oxytrigona chocoana","Oxytrigona","NA","chocoana","Extante","Neotropical / Novo Mundo","Meliponina",0,0,"",""
169,"Oxytrigona daemoniaca","Oxytrigona","NA","daemoniaca","Extante","Neotropical / Novo Mundo","Meliponina",0,0,"",""
170,"Oxytrigona flaveola","Oxytrigona","NA","flaveola","Extante","Neotropical / Novo Mundo","Meliponina",1,1,"241","Karyotypic description of the stingless bee Oxytrigona cf. flaveola (Hymenoptera, Apidae, Meliponina) of a colony from Tangará da Serra, Mato Grosso state, Brazil"
171,"Oxytrigona huaoranii","Oxytrigona","NA","huaoranii","Extante","Neotropical / Novo Mundo","Meliponina",0,0,"",""
172,"Oxytrigona ignis","Oxytrigona","NA","ignis","Extante","Neotropical / Novo Mundo","Meliponina",0,0,"",""
173,"Oxytrigona isthmina","Oxytrigona","NA","isthmina","Extante","Neotropical / Novo Mundo","Meliponina",0,0,"",""
174,"Oxytrigona mediorufa","Oxytrigona","NA","mediorufa","Extante","Neotropical / Novo Mundo","Meliponina",0,0,"",""
175,"Oxytrigona mellicolor","Oxytrigona","NA","mellicolor","Extante","Neotropical / Novo Mundo","Meliponina",0,0,"",""
176,"Oxytrigona mulfordi","Oxytrigona","NA","mulfordi","Extante","Neotropical / Novo Mundo","Meliponina",0,0,"",""
177,"Oxytrigona obscura","Oxytrigona","NA","obscura","Extante","Neotropical / Novo Mundo","Meliponina",0,0,"",""
178,"Oxytrigona tataira","Oxytrigona","NA","tataira","Extante","Neotropical / Novo Mundo","Meliponina",0,0,"",""
179,"Paratrigona impunctata","Paratrigona","Aparatrigona","impunctata","Extante","Neotropical / Novo Mundo","Meliponina",0,0,"",""
180,"Paratrigona isopterophila","Paratrigona","Aparatrigona","isopterophila","Extante","Neotropical / Novo Mundo","Meliponina",0,0,"",""
181,"Paratrigona anduzei","Paratrigona","Paratrigona","anduzei","Extante","Neotropical / Novo Mundo","Meliponina",0,0,"",""
182,"Paratrigona catabolonota","Paratrigona","Paratrigona","catabolonota","Extante","Neotropical / Novo Mundo","Meliponina",0,0,"",""
183,"Paratrigona compsa","Paratrigona","Paratrigona","compsa","Extante","Neotropical / Novo Mundo","Meliponina",0,0,"",""
184,"Paratrigona crassicornis","Paratrigona","Paratrigona","crassicornis","Extante","Neotropical / Novo Mundo","Meliponina",0,0,"",""
185,"Paratrigona eutaeniata","Paratrigona","Paratrigona","eutaeniata","Extante","Neotropical / Novo Mundo","Meliponina",0,0,"",""
186,"Paratrigona euxanthospila","Paratrigona","Paratrigona","euxanthospila","Extante","Neotropical / Novo Mundo","Meliponina",0,0,"",""
187,"Paratrigona femoralis","Paratrigona","Paratrigona","femoralis","Extante","Neotropical / Novo Mundo","Meliponina",0,0,"",""
188,"Paratrigona glabella","Paratrigona","Paratrigona","glabella","Extante","Neotropical / Novo Mundo","Meliponina",0,0,"",""
189,"Paratrigona guatemalensis","Paratrigona","Paratrigona","guatemalensis","Extante","Neotropical / Novo Mundo","Meliponina",0,0,"",""
190,"Paratrigona guigliae","Paratrigona","Paratrigona","guigliae","Extante","Neotropical / Novo Mundo","Meliponina",0,0,"",""
191,"Paratrigona haeckeli","Paratrigona","Paratrigona","haeckeli","Extante","Neotropical / Novo Mundo","Meliponina",0,0,"",""
192,"Paratrigona incerta","Paratrigona","Paratrigona","incerta","Extante","Neotropical / Novo Mundo","Meliponina",0,0,"",""
193,"Paratrigona intermedia","Paratrigona","Paratrigona","intermedia","Extante","Neotropical / Novo Mundo","Meliponina",0,0,"",""
194,"Paratrigona lineata","Paratrigona","Paratrigona","lineata","Extante","Neotropical / Novo Mundo","Meliponina",0,0,"",""
195,"Paratrigona lineatifrons","Paratrigona","Paratrigona","lineatifrons","Extante","Neotropical / Novo Mundo","Meliponina",0,0,"",""
196,"Paratrigona lophocoryphe","Paratrigona","Paratrigona","lophocoryphe","Extante","Neotropical / Novo Mundo","Meliponina",0,0,"",""
197,"Paratrigona lundelli","Paratrigona","Paratrigona","lundelli","Extante","Neotropical / Novo Mundo","Meliponina",0,0,"",""
198,"Paratrigona melanaspis","Paratrigona","Paratrigona","melanaspis","Extante","Neotropical / Novo Mundo","Meliponina",0,0,"",""
199,"Paratrigona myrmecophila","Paratrigona","Paratrigona","myrmecophila","Extante","Neotropical / Novo Mundo","Meliponina",0,0,"",""
200,"Paratrigona nuda","Paratrigona","Paratrigona","nuda","Extante","Neotropical / Novo Mundo","Meliponina",0,0,"",""
201,"Paratrigona onorei","Paratrigona","Paratrigona","onorei","Extante","Neotropical / Novo Mundo","Meliponina",0,0,"",""
202,"Paratrigona opaca","Paratrigona","Paratrigona","opaca","Extante","Neotropical / Novo Mundo","Meliponina",0,0,"",""
203,"Paratrigona ornaticeps","Paratrigona","Paratrigona","ornaticeps","Extante","Neotropical / Novo Mundo","Meliponina",0,0,"",""
204,"Paratrigona pacifica","Paratrigona","Paratrigona","pacifica","Extante","Neotropical / Novo Mundo","Meliponina",0,0,"",""
205,"Paratrigona pannosa","Paratrigona","Paratrigona","pannosa","Extante","Neotropical / Novo Mundo","Meliponina",0,0,"",""
206,"Paratrigona peltata","Paratrigona","Paratrigona","peltata","Extante","Neotropical / Novo Mundo","Meliponina",0,0,"",""
207,"Paratrigona permixta","Paratrigona","Paratrigona","permixta","Extante","Neotropical / Novo Mundo","Meliponina",0,0,"",""
208,"Paratrigona prosopiformis","Paratrigona","Paratrigona","prosopiformis","Extante","Neotropical / Novo Mundo","Meliponina",0,0,"",""
209,"Paratrigona rinconi","Paratrigona","Paratrigona","rinconi","Extante","Neotropical / Novo Mundo","Meliponina",0,0,"",""
210,"Paratrigona scapisetosa","Paratrigona","Paratrigona","scapisetosa","Extante","Neotropical / Novo Mundo","Meliponina",0,0,"",""
211,"Paratrigona subnuda","Paratrigona","Paratrigona","subnuda","Extante","Neotropical / Novo Mundo","Meliponina",1,1,"39","Genome size diversity in stingless bees (Hymenoptera: Apidae, Meliponini)"
212,"Paratrigona uwa","Paratrigona","Paratrigona","uwa","Extante","Neotropical / Novo Mundo","Meliponina",0,0,"",""
213,"Paratrigona wasbaueri","Paratrigona","Paratrigona","wasbaueri","Extante","Neotropical / Novo Mundo","Meliponina",0,0,"",""
214,"Paratrigonoides mayri","Paratrigonoides","NA","mayri","Extante","Neotropical / Novo Mundo","Meliponina",0,0,"",""
215,"Partamona brevipilosa","Partamona","Parapartamona","brevipilosa","Extante","Neotropical / Novo Mundo","Meliponina",0,0,"",""
216,"Partamona zonata","Partamona","Parapartamona","zonata","Extante","Neotropical / Novo Mundo","Meliponina",0,0,"",""
217,"Partamona aequatoriana","Partamona","Partamona","aequatoriana","Extante","Neotropical / Novo Mundo","Meliponina",0,0,"",""
218,"Partamona ailyae","Partamona","Partamona","ailyae","Extante","Neotropical / Novo Mundo","Meliponina",2,2,"15; 276","Exploring genetic and morphometric variations in Partamona ailyae, a widely distributed neotropical stingless bee of South America; Comparative cytogenetic analysis of three species of the genus Partamona (Apidae, Meliponini)"
219,"Partamona auripennis","Partamona","Partamona","auripennis","Extante","Neotropical / Novo Mundo","Meliponina",2,2,"28; 331","Chromosome Evolution in the Genus Partamona (Apidae: Meliponini), with Comments on B Chromosome Origin; Comparative molecular cytogenetics in five species of stingless bees (Hymenoptera, Apidae)"
220,"Partamona batesi","Partamona","Partamona","batesi","Extante","Neotropical / Novo Mundo","Meliponina",0,0,"",""
221,"Partamona bilineata","Partamona","Partamona","bilineata","Extante","Neotropical / Novo Mundo","Meliponina",1,1,"53","Fragmentation in the clouds? The population genetics of the native bee Partamona bilineata (Hymenoptera: Apidae: Meliponini) in the cloud forests of Guatemala"
222,"Partamona chapadicola","Partamona","Partamona","chapadicola","Extante","Neotropical / Novo Mundo","Meliponina",2,2,"313; 329","Occurrence and Origin of Supernumerary Chromosomes in Partamona (Hymenoptera: Apidae: Meliponini); Different Levels of Chromatin Condensation in Partamona chapadicola and Partamona nhambiquara (Hymenoptera, Apidae)"
223,"Partamona combinata","Partamona","Partamona","combinata","Extante","Neotropical / Novo Mundo","Meliponina",0,0,"",""
224,"Partamona criptica","Partamona","Partamona","criptica","Extante","Neotropical / Novo Mundo","Meliponina",1,2,"102","Possible introgression of B chromosomes between bee species (genus partamona)"
225,"Partamona cupira","Partamona","Partamona","cupira","Extante","Neotropical / Novo Mundo","Meliponina",6,6,"102; 108; 135; 313; 322; 331","Possible introgression of B chromosomes between bee species (genus partamona); Genetic and morphometric variation in populations of Partamona cupira and Partamona mulata, stingless bees endemic to the Cerrado biome in Brazil; Cytogenetic characterization of Partamona cupira (Hymenoptera, Apidae) by fluorochromes; Occurrence and Origin of Supernumerary Chromosomes in Partamona (Hymenoptera: Apidae: Meliponini); Supernumerary chromosomes in Partamona cupira (Hymenoptera, Apidae, Meliponinae); Comparative molecular cytogenetics in five species of stingless bees (Hymenoptera, Apidae)"
226,"Partamona epiphytophila","Partamona","Partamona","epiphytophila","Extante","Neotropical / Novo Mundo","Meliponina",0,0,"",""
227,"Partamona ferreirai","Partamona","Partamona","ferreirai","Extante","Neotropical / Novo Mundo","Meliponina",0,0,"",""
228,"Partamona grandipennis","Partamona","Partamona","grandipennis","Extante","Neotropical / Novo Mundo","Meliponina",0,0,"",""
229,"Partamona gregaria","Partamona","Partamona","gregaria","Extante","Neotropical / Novo Mundo","Meliponina",2,2,"28; 313","Chromosome Evolution in the Genus Partamona (Apidae: Meliponini), with Comments on B Chromosome Origin; Occurrence and Origin of Supernumerary Chromosomes in Partamona (Hymenoptera: Apidae: Meliponini)"
230,"Partamona helleri","Partamona","Partamona","helleri","Extante","Neotropical / Novo Mundo","Meliponina",25,25,"55; 63; 76; 87; 88; 92; 102; 135; 148; 149; 163; 179; 201; 205; 207; 217; 243; 254; 276; 307; 313; 321; 331; 349; 362","Genetic structure of Partamona helleri (Apidae, Meliponini) from Neotropical Atlantic rainforest; A RAPD marker associated with B chromosomes in Partamona helleri (Hymenoptera, Apidae); Alelle number and heterozigosity for microsatellite loci in different stingless bee species (Hymenoptera: Apidae, Meliponini); Development of a SCAR marker for the analysis of B chromosome presence in Partamona helleri (Hymenoptera, Apidae); Viruses in Brazilian stingless bees; Genetic variability in five populations of Partamona helleri (Hymenoptera, Apidae) from Minas Gerais state, Brazil; Possible introgression of B chromosomes between bee species (genus partamona); Cytogenetic characterization of Partamona cupira (Hymenoptera, Apidae) by fluorochromes; A Genetically Modified Anti-Plasmodium Bacterium Is Harmless to the Foragers of the Stingless Bee Partamona helleri; The impact of early-life exposure to three agrochemicals on survival, behavior, and gut microbiota of stingless bees (Partamona helleri); Cytogenetic characterization of two partamona species (Hymenoptera, Apinae, Meliponini) by fluorochrome staining and localization of 18S rDNA Clusters by FISH; Mitochondrial DNA characterization of two Partamona species (Hymenoptera, Apidae, Meliponini) by PCR+RFLP and sequencing; New occurrence of B chromosomes in Partamona helleri (Friese, 1900) (Hymenoptera, Meliponini); Inter- and intra-population B chromosome variability in Partamona helleri (Apidae: Meliponini); Unprecedented record of ten novel B chromosomes in the stingless bee Partamona helleri (Apidae, Meliponini); First karyotype characterization of four species of Partamona (Friese, 1980) (Hymenoptera, Apidae, Meliponinae) in Mato Grosso State, Brazil; Further evidences of an emerging stingless bee-yeast symbiosis; Characterization and distribution of supernumerary chromosomes in 23 colonies of Partamona helleri (Hymenoptera, Apidae, Meliponinae); Comparative cytogenetic analysis of three species of the genus Partamona (Apidae, Meliponini); Investigation of Partamona helleri (Apidae, Meliponini) B chromosome origin. An approach by microdissection and whole chromosome painting; ..."
231,"Partamona littoralis","Partamona","Partamona","littoralis","Extante","Neotropical / Novo Mundo","Meliponina",0,0,"",""
232,"Partamona mourei","Partamona","Partamona","mourei","Extante","Neotropical / Novo Mundo","Meliponina",0,0,"",""
233,"Partamona mulata","Partamona","Partamona","mulata","Extante","Neotropical / Novo Mundo","Meliponina",6,6,"76; 81; 108; 126; 179; 217","Alelle number and heterozigosity for microsatellite loci in different stingless bee species (Hymenoptera: Apidae, Meliponini); Isolation and characterization of ten microsatellite loci in stingless bee Trigona spinipes (Apidae: Meliponini); Genetic and morphometric variation in populations of Partamona cupira and Partamona mulata, stingless bees endemic to the Cerrado biome in Brazil; Very low mitochondrial variability in a stingless bee endemic to cerrado; Mitochondrial DNA characterization of two Partamona species (Hymenoptera, Apidae, Meliponini) by PCR+RFLP and sequencing; First karyotype characterization of four species of Partamona (Friese, 1980) (Hymenoptera, Apidae, Meliponinae) in Mato Grosso State, Brazil"
234,"Partamona musarum","Partamona","Partamona","musarum","Extante","Neotropical / Novo Mundo","Meliponina",0,0,"",""
235,"Partamona nhambiquara","Partamona","Partamona","nhambiquara","Extante","Neotropical / Novo Mundo","Meliponina",1,1,"329","Different Levels of Chromatin Condensation in Partamona chapadicola and Partamona nhambiquara (Hymenoptera, Apidae)"
236,"Partamona nigrior","Partamona","Partamona","nigrior","Extante","Neotropical / Novo Mundo","Meliponina",0,0,"",""
237,"Partamona orizabaensis","Partamona","Partamona","orizabaensis","Extante","Neotropical / Novo Mundo","Meliponina",0,0,"",""
238,"Partamona pearsoni","Partamona","Partamona","pearsoni","Extante","Neotropical / Novo Mundo","Meliponina",0,0,"",""
239,"Partamona peckolti","Partamona","Partamona","peckolti","Extante","Neotropical / Novo Mundo","Meliponina",0,0,"",""
240,"Partamona rustica","Partamona","Partamona","rustica","Extante","Neotropical / Novo Mundo","Meliponina",4,4,"28; 59; 102; 313","Chromosome Evolution in the Genus Partamona (Apidae: Meliponini), with Comments on B Chromosome Origin; Phylogeography of Partamona rustica (Hymenoptera, Apidae), an endemic stingless bee from the neotropical dry forest diagonal; Possible introgression of B chromosomes between bee species (genus partamona); Occurrence and Origin of Supernumerary Chromosomes in Partamona (Hymenoptera: Apidae: Meliponini)"
241,"Partamona seridoensis","Partamona","Partamona","seridoensis","Extante","Neotropical / Novo Mundo","Meliponina",3,3,"3; 89; 163","Pleistocene climate changes shaped the population structure of Partamona seridoensis (Apidae, Meliponini), an endemic stingless bee from the Neotropical dry forest; Gene variation, population differentiation, and sociogenetic structure of nests of partamona seridoensis (Hymenoptera: Apidae, Meliponini); Cytogenetic characterization of two partamona species (Hymenoptera, Apinae, Meliponini) by fluorochrome staining and localization of 18S rDNA Clusters by FISH"
242,"Partamona sooretamae","Partamona","Partamona","sooretamae","Extante","Neotropical / Novo Mundo","Meliponina",1,1,"276","Comparative cytogenetic analysis of three species of the genus Partamona (Apidae, Meliponini)"
243,"Partamona subtilis","Partamona","Partamona","subtilis","Extante","Neotropical / Novo Mundo","Meliponina",0,0,"",""
244,"Partamona testacea","Partamona","Partamona","testacea","Extante","Neotropical / Novo Mundo","Meliponina",1,1,"253","DNA Barcoding of Stingless Bees (Hymenoptera: Meliponini) in Northern Peruvian Forests: A Plea for Integrative Taxonomy"
245,"Partamona vicina","Partamona","Partamona","vicina","Extante","Neotropical / Novo Mundo","Meliponina",1,1,"217","First karyotype characterization of four species of Partamona (Friese, 1980) (Hymenoptera, Apidae, Meliponinae) in Mato Grosso State, Brazil"
246,"Partamona vitae","Partamona","Partamona","vitae","Extante","Neotropical / Novo Mundo","Meliponina",0,0,"",""
247,"Partamona xanthogastra","Partamona","Partamona","xanthogastra","Extante","Neotropical / Novo Mundo","Meliponina",0,0,"",""
248,"Partamona yungarum","Partamona","Partamona","yungarum","Extante","Neotropical / Novo Mundo","Meliponina",0,0,"",""
249,"Plebeia asthenes","Plebeia","Nanoplebeia","asthenes","Extante","Neotropical / Novo Mundo","Meliponina",0,0,"",""
250,"Plebeia chondra","Plebeia","Nanoplebeia","chondra","Extante","Neotropical / Novo Mundo","Meliponina",0,0,"",""
251,"Plebeia franki","Plebeia","Nanoplebeia","franki","Extante","Neotropical / Novo Mundo","Meliponina",1,1,"253","DNA Barcoding of Stingless Bees (Hymenoptera: Meliponini) in Northern Peruvian Forests: A Plea for Integrative Taxonomy"
252,"Plebeia margaritae","Plebeia","Nanoplebeia","margaritae","Extante","Neotropical / Novo Mundo","Meliponina",0,0,"",""
253,"Plebeia minima","Plebeia","Nanoplebeia","minima","Extante","Neotropical / Novo Mundo","Meliponina",0,0,"",""
254,"Plebeia orphne","Plebeia","Nanoplebeia","orphne","Extante","Neotropical / Novo Mundo","Meliponina",0,0,"",""
255,"Plebeia pleres","Plebeia","Nanoplebeia","pleres","Extante","Neotropical / Novo Mundo","Meliponina",0,0,"",""
256,"Plebeia alvarengai","Plebeia","Plebeia","alvarengai","Extante","Neotropical / Novo Mundo","Meliponina",0,0,"",""
257,"Plebeia amydra","Plebeia","Plebeia","amydra","Extante","Neotropical / Novo Mundo","Meliponina",0,0,"",""
258,"Plebeia aurantia","Plebeia","Plebeia","aurantia","Extante","Neotropical / Novo Mundo","Meliponina",0,0,"",""
259,"Plebeia catamarcensis","Plebeia","Plebeia","catamarcensis","Extante","Neotropical / Novo Mundo","Meliponina",0,0,"",""
260,"Plebeia cora","Plebeia","Plebeia","cora","Extante","Neotropical / Novo Mundo","Meliponina",0,0,"",""
261,"Plebeia deceptrix","Plebeia","Plebeia","deceptrix","Extante","Neotropical / Novo Mundo","Meliponina",0,0,"",""
262,"Plebeia droryana","Plebeia","Plebeia","droryana","Extante","Neotropical / Novo Mundo","Meliponina",9,9,"86; 97; 168; 191; 265; 349; 379; 387; 391","Proportion of males sons-of-the-queen and sons-of-workers in Plebeia droryana (Hymenoptera, Apidae) estimated from data of an MDH isozymic polymorphic system; Mitochondrial DNA characterization of five species of Plebeia (Apidae: Meliponini): RFLP and restriction maps; Glycerol-3-phosphate dehydrogenase (G-3-PDH; EC 1.1.1.8) variation in adult Plebeia droryana bees (Apidae, hymenoptera); Characterization of microsatellite loci for the stingless bee Scaura latitarsis (Hymenoptera, Apidae, Meliponini); Isoenzymatic characterization of the hexokinase in the development of Plebeia droryana (Hymenoptera, Apidae) and its relation with flight activity; [Caracterização isoenzimática da hexoquinase no desenvolvimento de Plebeia droryana (Hymenoptera, Apidae) e sua relação com a atividade de vôo.]; Detection and identification of Melissococcus plutonius in stingless bees (Apidae: Meliponini) from Brazil; Isolation and characterization of 15 microsatellite loci in the stingless bee Plebeia remota (Apidae: Meliponini); GENETIC-VARIABILITY IN NATURAL-POPULATIONS OF BRAZILIAN SOCIAL BEES .2. ELECTROPHORETIC DATA FOR PGM AND MDH GIVE EVIDENCE FOR MULTIPLE FERTILIZATIONS IN STINGLESS BEES; GENETIC-VARIABILITY IN NATURAL-POPULATIONS OF BRAZILIAN SOCIAL BEES .1. ISOZYME PATTERNS AND POLYMORPHISM FOR ESTERASES AND TOTAL PROTEIN"
263,"Plebeia emerina","Plebeia","Plebeia","emerina","Extante","Neotropical / Novo Mundo","Meliponina",2,2,"97; 379","Mitochondrial DNA characterization of five species of Plebeia (Apidae: Meliponini): RFLP and restriction maps; Isolation and characterization of 15 microsatellite loci in the stingless bee Plebeia remota (Apidae: Meliponini)"
264,"Plebeia emerinoides","Plebeia","Plebeia","emerinoides","Extante","Neotropical / Novo Mundo","Meliponina",0,0,"",""
265,"Plebeia flavocincta","Plebeia","Plebeia","flavocincta","Extante","Neotropical / Novo Mundo","Meliponina",1,1,"66","Evidence for morphological and genetic structuring of Plebeia flavocincta (Apidae: Meliponini) populations in Northeast Brazil"
266,"Plebeia frontalis","Plebeia","Plebeia","frontalis","Extante","Neotropical / Novo Mundo","Meliponina",1,1,"253","DNA Barcoding of Stingless Bees (Hymenoptera: Meliponini) in Northern Peruvian Forests: A Plea for Integrative Taxonomy"
267,"Plebeia fulvopilosa","Plebeia","Plebeia","fulvopilosa","Extante","Neotropical / Novo Mundo","Meliponina",0,0,"",""
268,"Plebeia goeldiana","Plebeia","Plebeia","goeldiana","Extante","Neotropical / Novo Mundo","Meliponina",0,0,"",""
269,"Plebeia grapiuna","Plebeia","Plebeia","grapiuna","Extante","Neotropical / Novo Mundo","Meliponina",0,0,"",""
270,"Plebeia guazurary","Plebeia","Plebeia","guazurary","Extante","Neotropical / Novo Mundo","Meliponina",0,0,"",""
271,"Plebeia hyperplastica","Plebeia","Plebeia","hyperplastica","Extante","Neotropical / Novo Mundo","Meliponina",0,0,"",""
272,"Plebeia jatiformis","Plebeia","Plebeia","jatiformis","Extante","Neotropical / Novo Mundo","Meliponina",2,2,"5; 342","Honey characterization and identification of fructophilic lactic acid bacteria of fresh samples from Melipona beecheii, Scaptotrigona pectoralis, Plebeia llorentei, and Plebeia jatiformis hives; Characterization and identification of lactic acid bacteria from Mexican stingless bees (Apidae: Meliponini)"
273,"Plebeia julianii","Plebeia","Plebeia","julianii","Extante","Neotropical / Novo Mundo","Meliponina",0,0,"",""
274,"Plebeia kerri","Plebeia","Plebeia","kerri","Extante","Neotropical / Novo Mundo","Meliponina",0,0,"",""
275,"Plebeia llorentei","Plebeia","Plebeia","llorentei","Extante","Neotropical / Novo Mundo","Meliponina",2,2,"5; 342","Honey characterization and identification of fructophilic lactic acid bacteria of fresh samples from Melipona beecheii, Scaptotrigona pectoralis, Plebeia llorentei, and Plebeia jatiformis hives; Characterization and identification of lactic acid bacteria from Mexican stingless bees (Apidae: Meliponini)"
276,"Plebeia lucii","Plebeia","Plebeia","lucii","Extante","Neotropical / Novo Mundo","Meliponina",2,2,"183; 379","Chromosomal variation and cytogenetics of plebeia lucii and P. phrynostoma (Hymenoptera: Apidae); Isolation and characterization of 15 microsatellite loci in the stingless bee Plebeia remota (Apidae: Meliponini)"
277,"Plebeia malaris","Plebeia","Plebeia","malaris","Extante","Neotropical / Novo Mundo","Meliponina",0,0,"",""
278,"Plebeia manantlensis","Plebeia","Plebeia","manantlensis","Extante","Neotropical / Novo Mundo","Meliponina",0,0,"",""
279,"Plebeia mansita","Plebeia","Plebeia","mansita","Extante","Neotropical / Novo Mundo","Meliponina",0,0,"",""
280,"Plebeia melanica","Plebeia","Plebeia","melanica","Extante","Neotropical / Novo Mundo","Meliponina",0,0,"",""
281,"Plebeia meridionalis","Plebeia","Plebeia","meridionalis","Extante","Neotropical / Novo Mundo","Meliponina",1,1,"379","Isolation and characterization of 15 microsatellite loci in the stingless bee Plebeia remota (Apidae: Meliponini)"
282,"Plebeia mexica","Plebeia","Plebeia","mexica","Extante","Neotropical / Novo Mundo","Meliponina",0,0,"",""
283,"Plebeia molesta","Plebeia","Plebeia","molesta","Extante","Neotropical / Novo Mundo","Meliponina",0,0,"",""
284,"Plebeia mosquito","Plebeia","Plebeia","mosquito","Extante","Neotropical / Novo Mundo","Meliponina",0,0,"",""
285,"Plebeia mutisi","Plebeia","Plebeia","mutisi","Extante","Neotropical / Novo Mundo","Meliponina",0,0,"",""
286,"Plebeia nigriceps","Plebeia","Plebeia","nigriceps","Extante","Neotropical / Novo Mundo","Meliponina",0,0,"",""
287,"Plebeia nigrifacies","Plebeia","Plebeia","nigrifacies","Extante","Neotropical / Novo Mundo","Meliponina",0,0,"",""
288,"Plebeia parkeri","Plebeia","Plebeia","parkeri","Extante","Neotropical / Novo Mundo","Meliponina",0,0,"",""
289,"Plebeia peruvicola","Plebeia","Plebeia","peruvicola","Extante","Neotropical / Novo Mundo","Meliponina",0,0,"",""
290,"Plebeia phrynostoma","Plebeia","Plebeia","phrynostoma","Extante","Neotropical / Novo Mundo","Meliponina",1,1,"183","Chromosomal variation and cytogenetics of plebeia lucii and P. phrynostoma (Hymenoptera: Apidae)"
291,"Plebeia plectoforma","Plebeia","Plebeia","plectoforma","Extante","Neotropical / Novo Mundo","Meliponina",0,0,"",""
292,"Plebeia poecilochroa","Plebeia","Plebeia","poecilochroa","Extante","Neotropical / Novo Mundo","Meliponina",1,1,"167","Karyotypes and Chromosomal Mapping of Some Repetitive DNAs in Two Stingless Bee Species (Apidae: Meliponini), with the Description of a B Chromosome in Plebeia Genus"
293,"Plebeia pulchra","Plebeia","Plebeia","pulchra","Extante","Neotropical / Novo Mundo","Meliponina",0,0,"",""
294,"Plebeia remota","Plebeia","Plebeia","remota","Extante","Neotropical / Novo Mundo","Meliponina",6,6,"76; 82; 97; 111; 191; 379","Alelle number and heterozigosity for microsatellite loci in different stingless bee species (Hymenoptera: Apidae, Meliponini); Molecular genetic diversity in populations of the stingless bee Plebeia remota: A case study; Mitochondrial DNA characterization of five species of Plebeia (Apidae: Meliponini): RFLP and restriction maps; Morphometrical, biochemical and molecular tools for assessing biodiversity. An example in Plebeia remota (Holmberg, 1903) (Apidae, Meliponini); Characterization of microsatellite loci for the stingless bee Scaura latitarsis (Hymenoptera, Apidae, Meliponini); Isolation and characterization of 15 microsatellite loci in the stingless bee Plebeia remota (Apidae: Meliponini)"
295,"Plebeia roubiki","Plebeia","Plebeia","roubiki","Extante","Neotropical / Novo Mundo","Meliponina",0,0,"",""
296,"Plebeia saiqui","Plebeia","Plebeia","saiqui","Extante","Neotropical / Novo Mundo","Meliponina",2,2,"97; 379","Mitochondrial DNA characterization of five species of Plebeia (Apidae: Meliponini): RFLP and restriction maps; Isolation and characterization of 15 microsatellite loci in the stingless bee Plebeia remota (Apidae: Meliponini)"
297,"Plebeia silveirai","Plebeia","Plebeia","silveirai","Extante","Neotropical / Novo Mundo","Meliponina",0,0,"",""
298,"Plebeia tigris","Plebeia","Plebeia","tigris","Extante","Neotropical / Novo Mundo","Meliponina",0,0,"",""
299,"Plebeia tobagoensis","Plebeia","Plebeia","tobagoensis","Extante","Neotropical / Novo Mundo","Meliponina",0,0,"",""
300,"Plebeia variicolor","Plebeia","Plebeia","variicolor","Extante","Neotropical / Novo Mundo","Meliponina",0,0,"",""
301,"Plebeia vidali","Plebeia","Plebeia","vidali","Extante","Neotropical / Novo Mundo","Meliponina",0,0,"",""
302,"Plebeia wittmanni","Plebeia","Plebeia","wittmanni","Extante","Neotropical / Novo Mundo","Meliponina",0,0,"",""
303,"Ptilotrigona camargoi","Ptilotrigona","Camargoia","camargoi","Extante","Neotropical / Novo Mundo","Meliponina",0,0,"",""
304,"Ptilotrigona nordestina","Ptilotrigona","Camargoia","nordestina","Extante","Neotropical / Novo Mundo","Meliponina",0,0,"",""
305,"Ptilotrigona pilicornis","Ptilotrigona","Camargoia","pilicornis","Extante","Neotropical / Novo Mundo","Meliponina",0,0,"",""
306,"Ptilotrigona lurida","Ptilotrigona","Ptilotrigona","lurida","Extante","Neotropical / Novo Mundo","Meliponina",0,0,"",""
307,"Ptilotrigona occidentalis","Ptilotrigona","Ptilotrigona","occidentalis","Extante","Neotropical / Novo Mundo","Meliponina",0,0,"",""
308,"Ptilotrigona pereneae","Ptilotrigona","Ptilotrigona","pereneae","Extante","Neotropical / Novo Mundo","Meliponina",0,0,"",""
309,"Scaptotrigona ascheri","Scaptotrigona","Astegotrigona","ascheri","Extante","Neotropical / Novo Mundo","Meliponina",0,0,"",""
310,"Scaptotrigona mexicana","Scaptotrigona","Astegotrigona","mexicana","Extante","Neotropical / Novo Mundo","Meliponina",9,9,"14; 19; 78; 85; 107; 173; 272; 314; 364","Barcoding stingless bees: Genetic diversity of the economically important genus Scaptotrigona in Mesoamerica; First detection of honey bee viruses in stingless bees in North America; A Study on Intraspecific Resource Partitioning in the Stingless bee Scaptotrigona mexicana Guérin (Apidae, Meliponini) Using Behavioral and Molecular Techniques; Outbreeding and lack of temporal genetic structure in a drone congregation of the neotropical stingless bee Scaptotrigona mexicana; Genetic structure of drone congregations of the stingless bee Scaptotrigona mexicana; Multilocus species delimitation in Mesoamerican Scaptotrigona stingless bees (Apidae: Meliponini) supports the existence of cryptic species; Gene Flow from Wild to Managed Colonies in the Stingless Bee Scaptotrigona Mexicana and an Update on its Mating Frequency; Genetic Diversity of the Stingless Bee Scaptotrigona mexicana (Guérin) in the Gulf of Mexico Slope: Genetic Diversity of the Stingless Bee Scaptotrigona mexicana (Guérin) in the Gulf of Mexico Slope: A. Rodríguez et al.; A geometric morphometric and microsatellite analyses of Scaptotrigona mexicana and S. pectoralis (Apidae: Meliponini) sheds light on the biodiversity of Mesoamerican stingless bees"
311,"Scaptotrigona wheeleri","Scaptotrigona","Astegotrigona","wheeleri","Extante","Neotropical / Novo Mundo","Meliponina",0,0,"",""
312,"Scaptotrigona bipunctata","Scaptotrigona","Baryorygma","bipunctata","Extante","Neotropical / Novo Mundo","Meliponina",5,5,"36; 243; 301; 387; 388","Evaluation of reference genes for gene expression analysis by real-time quantitative PCR (qPCR) in three stingless bee species (Hymenoptera: Apidae: Meliponini); Further evidences of an emerging stingless bee-yeast symbiosis; The genomes sequenced for the neotropical stingless bees Scaptotrigona bipunctata and S. depilis strengthen the phylogenomics support for the taxonomy of social bees; GENETIC-VARIABILITY IN NATURAL-POPULATIONS OF BRAZILIAN SOCIAL BEES .2. ELECTROPHORETIC DATA FOR PGM AND MDH GIVE EVIDENCE FOR MULTIPLE FERTILIZATIONS IN STINGLESS BEES; GENETIC-VARIABILITY IN NATURAL-POPULATIONS OF BRAZILIAN SOCIAL BEES .3. ELECTROPHORETIC DATA FOR ME, GPD, SOD AND IDH"
313,"Scaptotrigona emersoni","Scaptotrigona","Baryorygma","emersoni","Extante","Neotropical / Novo Mundo","Meliponina",0,0,"",""
314,"Scaptotrigona fimbriata","Scaptotrigona","Baryorygma","fimbriata","Extante","Neotropical / Novo Mundo","Meliponina",0,0,"",""
315,"Scaptotrigona subobscuripennis","Scaptotrigona","Baryorygma","subobscuripennis","Extante","Neotropical / Novo Mundo","Meliponina",0,0,"",""
316,"Scaptotrigona tricolorata","Scaptotrigona","Baryorygma","tricolorata","Extante","Neotropical / Novo Mundo","Meliponina",0,0,"",""
317,"Scaptotrigona fulvicutis","Scaptotrigona","Dasytrigona","fulvicutis","Extante","Neotropical / Novo Mundo","Meliponina",0,0,"",""
318,"Scaptotrigona luteipennis","Scaptotrigona","Eoscaptotrigona","luteipennis","Extante","Neotropical / Novo Mundo","Meliponina",0,0,"",""
319,"Scaptotrigona polysticta","Scaptotrigona","Eoscaptotrigona","polysticta","Extante","Neotropical / Novo Mundo","Meliponina",1,1,"288","Molecular identification of Amazonian stingless bees using polymerase chain reaction single-strand conformation polymorphism"
320,"Scaptotrigona totobi","Scaptotrigona","Eoscaptotrigona","totobi","Extante","Neotropical / Novo Mundo","Meliponina",0,0,"",""
321,"Scaptotrigona aurantipes","Scaptotrigona","Gymnotrigona","aurantipes","Extante","Neotropical / Novo Mundo","Meliponina",0,0,"",""
322,"Scaptotrigona depilis","Scaptotrigona","Gymnotrigona","depilis","Extante","Neotropical / Novo Mundo","Meliponina",6,6,"74; 121; 171; 243; 301; 390","Diploid males of Scaptotrigona depilis are able to join reproductive aggregations (Apidae, Meliponini); Stingless Bee Larvae Require Fungal Steroid to Pupate; Whole-Genome sequence of Bacillus sp. SDLI1, isolated from the social bee Scaptotrigona depilis; Further evidences of an emerging stingless bee-yeast symbiosis; The genomes sequenced for the neotropical stingless bees Scaptotrigona bipunctata and S. depilis strengthen the phylogenomics support for the taxonomy of social bees; Ultraspiracle of the stingless bees Melipona scutellaris and Scaptotrigona depilis:: cDNA sequence and expression profiles during pupal development"
323,"Scaptotrigona guimaraesensis","Scaptotrigona","Gymnotrigona","guimaraesensis","Extante","Neotropical / Novo Mundo","Meliponina",0,0,"",""
324,"Scaptotrigona hellwegeri","Scaptotrigona","Gymnotrigona","hellwegeri","Extante","Neotropical / Novo Mundo","Meliponina",3,3,"14; 42; 173","Barcoding stingless bees: Genetic diversity of the economically important genus Scaptotrigona in Mesoamerica; Genetic and phenotypic differentiation in endemic Scaptotrigona hellwegeri (Apidae: Meliponini): Implications for the conservation of stingless bee populations in contrasting environments; Multilocus species delimitation in Mesoamerican Scaptotrigona stingless bees (Apidae: Meliponini) supports the existence of cryptic species"
325,"Scaptotrigona jujuyensis","Scaptotrigona","Gymnotrigona","jujuyensis","Extante","Neotropical / Novo Mundo","Meliponina",0,0,"",""
326,"Scaptotrigona nuda","Scaptotrigona","Gymnotrigona","nuda","Extante","Neotropical / Novo Mundo","Meliponina",0,0,"",""
327,"Scaptotrigona psile","Scaptotrigona","Gymnotrigona","psile","Extante","Neotropical / Novo Mundo","Meliponina",0,0,"",""
328,"Scaptotrigona stipula","Scaptotrigona","Gymnotrigona","stipula","Extante","Neotropical / Novo Mundo","Meliponina",0,0,"",""
329,"Scaptotrigona affabra","Scaptotrigona","Sakagamilla","affabra","Extante","Neotropical / Novo Mundo","Meliponina",0,0,"",""
330,"Scaptotrigona marialiceae","Scaptotrigona","Sakagamilla","marialiceae","Extante","Neotropical / Novo Mundo","Meliponina",0,0,"",""
331,"Scaptotrigona pasiphaea","Scaptotrigona","Sakagamilla","pasiphaea","Extante","Neotropical / Novo Mundo","Meliponina",0,0,"",""
332,"Scaptotrigona silviae","Scaptotrigona","Sakagamilla","silviae","Extante","Neotropical / Novo Mundo","Meliponina",0,0,"",""
333,"Scaptotrigona tubiba","Scaptotrigona","Sakagamilla","tubiba","Extante","Neotropical / Novo Mundo","Meliponina",1,1,"243","Further evidences of an emerging stingless bee-yeast symbiosis"
334,"Scaptotrigona anaulax","Scaptotrigona","Scaptotrigona","anaulax","Extante","Neotropical / Novo Mundo","Meliponina",0,0,"",""
335,"Scaptotrigona baldwini","Scaptotrigona","Scaptotrigona","baldwini","Extante","Neotropical / Novo Mundo","Meliponina",0,0,"",""
336,"Scaptotrigona barrocoloradensis","Scaptotrigona","Scaptotrigona","barrocoloradensis","Extante","Neotropical / Novo Mundo","Meliponina",0,0,"",""
337,"Scaptotrigona caduceus","Scaptotrigona","Scaptotrigona","caduceus","Extante","Neotropical / Novo Mundo","Meliponina",0,0,"",""
338,"Scaptotrigona ederi","Scaptotrigona","Scaptotrigona","ederi","Extante","Neotropical / Novo Mundo","Meliponina",0,0,"",""
339,"Scaptotrigona extranea","Scaptotrigona","Scaptotrigona","extranea","Extante","Neotropical / Novo Mundo","Meliponina",0,0,"",""
340,"Scaptotrigona faviziae","Scaptotrigona","Scaptotrigona","faviziae","Extante","Neotropical / Novo Mundo","Meliponina",0,0,"",""
341,"Scaptotrigona gonzalezi","Scaptotrigona","Scaptotrigona","gonzalezi","Extante","Neotropical / Novo Mundo","Meliponina",0,0,"",""
342,"Scaptotrigona grueteri","Scaptotrigona","Scaptotrigona","grueteri","Extante","Neotropical / Novo Mundo","Meliponina",0,0,"",""
343,"Scaptotrigona illescasi","Scaptotrigona","Scaptotrigona","illescasi","Extante","Neotropical / Novo Mundo","Meliponina",0,0,"",""
344,"Scaptotrigona kuperi","Scaptotrigona","Scaptotrigona","kuperi","Extante","Neotropical / Novo Mundo","Meliponina",0,0,"",""
345,"Scaptotrigona limae","Scaptotrigona","Scaptotrigona","limae","Extante","Neotropical / Novo Mundo","Meliponina",0,0,"",""
346,"Scaptotrigona macarenensis","Scaptotrigona","Scaptotrigona","macarenensis","Extante","Neotropical / Novo Mundo","Meliponina",0,0,"",""
347,"Scaptotrigona magdalenae","Scaptotrigona","Scaptotrigona","magdalenae","Extante","Neotropical / Novo Mundo","Meliponina",0,0,"",""
348,"Scaptotrigona nigrohirta","Scaptotrigona","Scaptotrigona","nigrohirta","Extante","Neotropical / Novo Mundo","Meliponina",0,0,"",""
349,"Scaptotrigona ochrotricha","Scaptotrigona","Scaptotrigona","ochrotricha","Extante","Neotropical / Novo Mundo","Meliponina",0,0,"",""
350,"Scaptotrigona pectoralis","Scaptotrigona","Scaptotrigona","pectoralis","Extante","Neotropical / Novo Mundo","Meliponina",5,6,"5; 14; 154; 342; 364","Honey characterization and identification of fructophilic lactic acid bacteria of fresh samples from Melipona beecheii, Scaptotrigona pectoralis, Plebeia llorentei, and Plebeia jatiformis hives; Barcoding stingless bees: Genetic diversity of the economically important genus Scaptotrigona in Mesoamerica; Sympatric cleptobiotic stingless bees have species-specific cuticular profiles that resemble their hosts; Characterization and identification of lactic acid bacteria from Mexican stingless bees (Apidae: Meliponini); A geometric morphometric and microsatellite analyses of Scaptotrigona mexicana and S. pectoralis (Apidae: Meliponini) sheds light on the biodiversity of Mesoamerican stingless bees"
351,"Scaptotrigona postica","Scaptotrigona","Scaptotrigona","postica","Extante","Neotropical / Novo Mundo","Meliponina",11,23,"113; 146; 196; 224; 243; 251; 284; 347; 361; 385; 389","Quantitative genetics of multivariate morphometric variation in the neotropical stingless bee, Scaptotrigona postica (Hymenoptera: Meliponinae); Characterization of dinucleotide microsatellite loci for stingless bees; Characterization of sex-specific variants of doublesex and feminizer genes in stingless bee species; Contrasting patterns of foraging behavior in neotropical stingless bees using pollen and honey metabarcoding; Further evidences of an emerging stingless bee-yeast symbiosis; Starmerella meliponinorum sp. nov., a novel ascomycetous yeast species associated with stingless bees; DNA characterization and karyotypic evolution in the bee genus Melipona (Hymenoptera, Meliponini); Nest architecture and genetic differentiation in a species complex of Australian stingless bees; Genetic structure of colonies and a male aggregation in the stingless bee Scaptotrigona postica, as revealed by microsatellite analysis; Vitellogenin gene expression in stingless bee workers differing in egg-laying behavior; MUTATION IN BEES .3. APPLICATION IN BEE POPULATIONS OF A MUTATION-RATE"
352,"Scaptotrigona rosellae","Scaptotrigona","Scaptotrigona","rosellae","Extante","Neotropical / Novo Mundo","Meliponina",0,0,"",""
353,"Scaptotrigona santiago","Scaptotrigona","Scaptotrigona","santiago","Extante","Neotropical / Novo Mundo","Meliponina",0,0,"",""
354,"Scaptotrigona semiflava","Scaptotrigona","Scaptotrigona","semiflava","Extante","Neotropical / Novo Mundo","Meliponina",0,0,"",""
355,"Scaptotrigona tatacoensis","Scaptotrigona","Scaptotrigona","tatacoensis","Extante","Neotropical / Novo Mundo","Meliponina",0,0,"",""
356,"Scaptotrigona turusiri","Scaptotrigona","Scaptotrigona","turusiri","Extante","Neotropical / Novo Mundo","Meliponina",0,0,"",""
357,"Scaptotrigona vitorum","Scaptotrigona","Scaptotrigona","vitorum","Extante","Neotropical / Novo Mundo","Meliponina",0,0,"",""
358,"Scaptotrigona xanthotricha","Scaptotrigona","Scaptotrigona","xanthotricha","Extante","Neotropical / Novo Mundo","Meliponina",4,4,"88; 208; 249; 320","Viruses in Brazilian stingless bees; Genetic differentiation in the stingless bee, scaptotrigona xanthotricha moure, 1950 (Apidae, Meliponini): A species with wide geographic distribution in the atlantic rainforest; Isolation and characterization of microsatellites from Scaptotrigona xanthotricha (Apidae, Meliponini): A stingless bee in the Brazilian Atlantic rainforest; Occurrence of multiple nucleolus organizer regions and intraspecific karyotype variation in Scaptotrigona xanthotricha Moure (Hymenoptera, Meliponini)"
359,"Scaptotrigona yungasensis","Scaptotrigona","Scaptotrigona","yungasensis","Extante","Neotropical / Novo Mundo","Meliponina",0,0,"",""
360,"Scaura latitarsis","Scaura","Scaura","latitarsis","Extante","Neotropical / Novo Mundo","Meliponina",1,1,"191","Characterization of microsatellite loci for the stingless bee Scaura latitarsis (Hymenoptera, Apidae, Meliponini)"
361,"Scaura longula","Scaura","Scaura","longula","Extante","Neotropical / Novo Mundo","Meliponina",1,1,"191","Characterization of microsatellite loci for the stingless bee Scaura latitarsis (Hymenoptera, Apidae, Meliponini)"
362,"Scaura amazonica","Scaura","Scauracea","amazonica","Extante","Neotropical / Novo Mundo","Meliponina",0,0,"",""
363,"Scaura argyrea","Scaura","Scauracea","argyrea","Extante","Neotropical / Novo Mundo","Meliponina",0,0,"",""
364,"Scaura aspera","Scaura","Scauracea","aspera","Extante","Neotropical / Novo Mundo","Meliponina",0,0,"",""
365,"Scaura atlantica","Scaura","Scauracea","atlantica","Extante","Neotropical / Novo Mundo","Meliponina",1,1,"191","Characterization of microsatellite loci for the stingless bee Scaura latitarsis (Hymenoptera, Apidae, Meliponini)"
366,"Scaura cearensis","Scaura","Scauracea","cearensis","Extante","Neotropical / Novo Mundo","Meliponina",0,0,"",""
367,"Scaura coccidophila","Scaura","Schwarzula","coccidophila","Extante","Neotropical / Novo Mundo","Meliponina",0,0,"",""
368,"Scaura timida","Scaura","Schwarzula","timida","Extante","Neotropical / Novo Mundo","Meliponina",0,0,"",""
369,"Schwarziana chapadensis","Schwarziana","Chapadapis","chapadensis","Extante","Neotropical / Novo Mundo","Meliponina",0,0,"",""
370,"Schwarziana bocainensis","Schwarziana","Schwarziana","bocainensis","Extante","Neotropical / Novo Mundo","Meliponina",0,0,"",""
371,"Schwarziana mourei","Schwarziana","Schwarziana","mourei","Extante","Neotropical / Novo Mundo","Meliponina",1,1,"225","Genetic and morphometric variation in Schwarziana quadripunctata and Schwarziana mourei (Hymenoptera: Apidae: Meliponini)"
372,"Schwarziana quadripunctata","Schwarziana","Schwarziana","quadripunctata","Extante","Neotropical / Novo Mundo","Meliponina",3,3,"120; 191; 225","Characterization of microsatellite loci of tetragonisca angustula (Hymenoptera, Apidae, Meliponini); Characterization of microsatellite loci for the stingless bee Scaura latitarsis (Hymenoptera, Apidae, Meliponini); Genetic and morphometric variation in Schwarziana quadripunctata and Schwarziana mourei (Hymenoptera: Apidae: Meliponini)"
373,"Tetragona atahualpa","Tetragona","NA","atahualpa","Extante","Neotropical / Novo Mundo","Meliponina",0,0,"",""
374,"Tetragona beebei","Tetragona","NA","beebei","Extante","Neotropical / Novo Mundo","Meliponina",0,0,"",""
375,"Tetragona clavipes","Tetragona","NA","clavipes","Extante","Neotropical / Novo Mundo","Meliponina",2,2,"41; 243","Glycerol-3-phosphate dehydrogenase (G-3-PDH; EC 1.1.1.8) variation in Brazilian stingless bees and in wasp species; Further evidences of an emerging stingless bee-yeast symbiosis"
376,"Tetragona dorsalis","Tetragona","NA","dorsalis","Extante","Neotropical / Novo Mundo","Meliponina",0,0,"",""
377,"Tetragona essequiboensis","Tetragona","NA","essequiboensis","Extante","Neotropical / Novo Mundo","Meliponina",0,0,"",""
378,"Tetragona goettei","Tetragona","NA","goettei","Extante","Neotropical / Novo Mundo","Meliponina",1,1,"253","DNA Barcoding of Stingless Bees (Hymenoptera: Meliponini) in Northern Peruvian Forests: A Plea for Integrative Taxonomy"
379,"Tetragona handlirschii","Tetragona","NA","handlirschii","Extante","Neotropical / Novo Mundo","Meliponina",0,0,"",""
380,"Tetragona kaieteurensis","Tetragona","NA","kaieteurensis","Extante","Neotropical / Novo Mundo","Meliponina",0,0,"",""
381,"Tetragona korotaii","Tetragona","NA","korotaii","Extante","Neotropical / Novo Mundo","Meliponina",0,0,"",""
382,"Tetragona mayarum","Tetragona","NA","mayarum","Extante","Neotropical / Novo Mundo","Meliponina",0,0,"",""
383,"Tetragona mourei","Tetragona","NA","mourei","Extante","Neotropical / Novo Mundo","Meliponina",0,0,"",""
384,"Tetragona perangulata","Tetragona","NA","perangulata","Extante","Neotropical / Novo Mundo","Meliponina",0,0,"",""
385,"Tetragona quadrangula","Tetragona","NA","quadrangula","Extante","Neotropical / Novo Mundo","Meliponina",0,0,"",""
386,"Tetragona truncata","Tetragona","NA","truncata","Extante","Neotropical / Novo Mundo","Meliponina",0,0,"",""
387,"Tetragona ziegleri","Tetragona","NA","ziegleri","Extante","Neotropical / Novo Mundo","Meliponina",0,0,"",""
388,"Tetragonisca angustula","Tetragonisca","NA","angustula","Extante","Neotropical / Novo Mundo","Meliponina",39,39,"16; 23; 24; 29; 32; 38; 79; 81; 88; 120; 136; 150; 153; 175; 178; 193; 195; 200; 210; 218; 224; 236; 251; 253; 256; 261; 287; 293; 296; 300; 306; 315; 335; 349; 371; 372; 374; 376; 392","Unveiling the Genetic Structure and Ecological Niche Diversification of the Stingless Bee Tetragonisca angustula (Meliponini) in Peruvian Amazon; The nuclear and mitochondrial genome assemblies of Tetragonisca angustula (Apidae: Meliponini), a tiny yet remarkable pollinator in the Neotropics; Relatedness and dispersal distance of eusocial bee males on mating swarms; Mitochondrial polymorphism in tetragonisca angustula and tetragonisca weyrauchi (Apidae) in northern Brazil; An intraspecific origin of B chromosomes in Tetragonisca fiebrigi (Apidae: Meliponini) inferred from cytogenetic and nuclear genome size data; Isoenzymes and cytochemical analysis in Tetragonisca angustula and Tetragonisca fiebrigi after herbicide contamination; Unraveling genetic parameters for the corbicular area of Tetragonisca angustula (Hymenoptera: Apidae); Isolation and characterization of ten microsatellite loci in stingless bee Trigona spinipes (Apidae: Meliponini); Viruses in Brazilian stingless bees; Characterization of microsatellite loci of tetragonisca angustula (Hymenoptera, Apidae, Meliponini); Matrilineage differentiation of the genus Tetragonisca using mitochondrial DNA markers and the polymerase chain reaction-restriction fragment length polymorphism technique; Gene expression and epigenetics reveal species-specific mechanisms acting upon common molecular pathways in the evolution of task division in bees; Occurrence of b chromosomes in tetragonisca latreille, 1811 (hymenoptera, apidae, meliponini): A new contribution to the cytotaxonomy of the genus; Structural Variations in Complete Mitogenome of Stingless Bees Serve as Auxiliary Molecular Markers for Generic Systematics; Genetic variability in captive populations of the stingless bee Tetragonisca angustula; mt-COI heteroplasmy characterization of Tetragonisca angustula (Hymenoptera: Apidae); Bacterial communities of indoor surface of stingless bee nests; Investigating the molecular basis of cleptobiosis in eusocial stingless bees (Apidae: Hymenoptera); Molecular Marker to identify two stingless bee species: Tetragonisca angustula and Tetragoniscafiebrigi (Hymenoptera, Meliponinae); Isolation, Molecular Identification, and Enzymatic Activity of Microorganisms Associated with the Gut of Stingless Bees Tetragonisca angustula Latreille, 1811; ..."
389,"Tetragonisca buchwaldi","Tetragonisca","NA","buchwaldi","Extante","Neotropical / Novo Mundo","Meliponina",0,0,"",""
390,"Tetragonisca fiebrigi","Tetragonisca","NA","fiebrigi","Extante","Neotropical / Novo Mundo","Meliponina",14,14,"32; 38; 70; 120; 136; 153; 165; 169; 210; 261; 278; 300; 376; 392","An intraspecific origin of B chromosomes in Tetragonisca fiebrigi (Apidae: Meliponini) inferred from cytogenetic and nuclear genome size data; Isoenzymes and cytochemical analysis in Tetragonisca angustula and Tetragonisca fiebrigi after herbicide contamination; Similarity of heterochromatic regions in the stingless bees (Hymenoptera: Meliponini) revealed by chromosome painting; Characterization of microsatellite loci of tetragonisca angustula (Hymenoptera, Apidae, Meliponini); Matrilineage differentiation of the genus Tetragonisca using mitochondrial DNA markers and the polymerase chain reaction-restriction fragment length polymorphism technique; Occurrence of b chromosomes in tetragonisca latreille, 1811 (hymenoptera, apidae, meliponini): A new contribution to the cytotaxonomy of the genus; Identification of chemosensory genes in the stingless bee Tetragonisca fiebrigi; Cytotaxonomy and karyotype evolution in Neotropical Meliponini (Hymenoptera: Apidae) inferred by chromosomal mapping of 18S rDNA and five microsatellites; Molecular Marker to identify two stingless bee species: Tetragonisca angustula and Tetragoniscafiebrigi (Hymenoptera, Meliponinae); Hybridization and asymmetric introgression between Tetragonisca angustula and Tetragonisca fiebrigi; Sugar response and gustatory gene expression in the stingless bee Tetragonisca fiebrigi; Supernumerary B Chromosomes of Tetragonisca fiebrigi Share Repeat Content with Standard Chromosome Set of both T. fiebrigi and Tetragonisca angustula (Apidae: Meliponini); Different repetitive DNA sequences make up heterochromatin in Meliponini; Molecular Marker to Identify Two Stingless Bee Species: Tetragonisca angustula and Tetragonisca fiebrigi (Hymenoptera, Meliponinae)"
391,"Tetragonisca weyrauchi","Tetragonisca","NA","weyrauchi","Extante","Neotropical / Novo Mundo","Meliponina",3,3,"29; 120; 256","Mitochondrial polymorphism in tetragonisca angustula and tetragonisca weyrauchi (Apidae) in northern Brazil; Characterization of microsatellite loci of tetragonisca angustula (Hymenoptera, Apidae, Meliponini); Genetic divergence in Tetragonisca angustula Latreille, 1811 (Hymenoptera, Meliponinae,Trigonini) based on rapd markers"
392,"Trichotrigona camargoiana","Trichotrigona","NA","camargoiana","Extante","Neotropical / Novo Mundo","Meliponina",0,0,"",""
393,"Trichotrigona extranea","Trichotrigona","NA","extranea","Extante","Neotropical / Novo Mundo","Meliponina",0,0,"",""
394,"Trigona chanchamayoensis","Trigona","Aphaneura","chanchamayoensis","Extante","Neotropical / Novo Mundo","Meliponina",1,1,"81","Isolation and characterization of ten microsatellite loci in stingless bee Trigona spinipes (Apidae: Meliponini)"
395,"Trigona ferricauda","Trigona","Aphaneura","ferricauda","Extante","Neotropical / Novo Mundo","Meliponina",0,0,"",""
396,"Trigona muzoensis","Trigona","Aphaneura","muzoensis","Extante","Neotropical / Novo Mundo","Meliponina",1,1,"253","DNA Barcoding of Stingless Bees (Hymenoptera: Meliponini) in Northern Peruvian Forests: A Plea for Integrative Taxonomy"
397,"Trigona pallens","Trigona","Aphaneura","pallens","Extante","Neotropical / Novo Mundo","Meliponina",1,1,"181","Comparative cytogenetic analysis reveals chromosomal variability in five stingless bees of the genus Trigona (Apidae, Apinae, Meliponini)"
398,"Trigona williana","Trigona","Aphaneura","williana","Extante","Neotropical / Novo Mundo","Meliponina",4,4,"181; 253; 288; 339","Comparative cytogenetic analysis reveals chromosomal variability in five stingless bees of the genus Trigona (Apidae, Apinae, Meliponini); DNA Barcoding of Stingless Bees (Hymenoptera: Meliponini) in Northern Peruvian Forests: A Plea for Integrative Taxonomy; Molecular identification of Amazonian stingless bees using polymerase chain reaction single-strand conformation polymorphism; An updated molecular phylogeny of the stingless bees of the genus Trigona (Hymenoptera, Meliponini) of the northern Peruvian forests"
399,"Trigona cilipes","Trigona","Aphaneuropsis","cilipes","Extante","Neotropical / Novo Mundo","Meliponina",0,0,"",""
400,"Trigona lacteipennis","Trigona","Aphaneuropsis","lacteipennis","Extante","Neotropical / Novo Mundo","Meliponina",0,0,"",""
401,"Trigona mazucatoi","Trigona","Aphaneuropsis","mazucatoi","Extante","Neotropical / Novo Mundo","Meliponina",0,0,"",""
402,"Trigona pellucida","Trigona","Aphaneuropsis","pellucida","Extante","Neotropical / Novo Mundo","Meliponina",1,1,"157","New highly discordant chromosome number and cytogenetic characterization in Trigona (Apidae, Meliponini)"
403,"Trigona dimidiata","Trigona","Dichrotrigona","dimidiata","Extante","Neotropical / Novo Mundo","Meliponina",0,0,"",""
404,"Trigona sesquipedalis","Trigona","Dichrotrigona","sesquipedalis","Extante","Neotropical / Novo Mundo","Meliponina",0,0,"",""
405,"Trigona venezuelana","Trigona","Dichrotrigona","venezuelana","Extante","Neotropical / Novo Mundo","Meliponina",0,0,"",""
406,"Trigona braueri","Trigona","Koilotrigona","braueri","Extante","Neotropical / Novo Mundo","Meliponina",1,1,"157","New highly discordant chromosome number and cytogenetic characterization in Trigona (Apidae, Meliponini)"
407,"Trigona fulviventris","Trigona","Koilotrigona","fulviventris","Extante","Neotropical / Novo Mundo","Meliponina",4,4,"219; 228; 251; 253","Prevalence of begomoviruses in Trigona fuscipennis and Trigona fulviventris visitors of Jatropha curcas; Karyotype characterization of Trigona fulviventris Guérin, 1835 (Hymenoptera, Meliponini) by C banding and fluorochrome staining: Report of a new chromosome number in the genus; Starmerella meliponinorum sp. nov., a novel ascomycetous yeast species associated with stingless bees; DNA Barcoding of Stingless Bees (Hymenoptera: Meliponini) in Northern Peruvian Forests: A Plea for Integrative Taxonomy"
408,"Trigona guianae","Trigona","Koilotrigona","guianae","Extante","Neotropical / Novo Mundo","Meliponina",2,2,"253; 339","DNA Barcoding of Stingless Bees (Hymenoptera: Meliponini) in Northern Peruvian Forests: A Plea for Integrative Taxonomy; An updated molecular phylogeny of the stingless bees of the genus Trigona (Hymenoptera, Meliponini) of the northern Peruvian forests"
409,"Trigona albipennis","Trigona","Ktinotrofia","albipennis","Extante","Neotropical / Novo Mundo","Meliponina",0,0,"",""
410,"Trigona fuscipennis","Trigona","Ktinotrofia","fuscipennis","Extante","Neotropical / Novo Mundo","Meliponina",1,1,"219","Prevalence of begomoviruses in Trigona fuscipennis and Trigona fulviventris visitors of Jatropha curcas"
411,"Trigona crassipes","Trigona","Necrotrigona","crassipes","Extante","Neotropical / Novo Mundo","Meliponina",0,0,"",""
412,"Trigona hypogea","Trigona","Necrotrigona","hypogea","Extante","Neotropical / Novo Mundo","Meliponina",1,1,"181","Comparative cytogenetic analysis reveals chromosomal variability in five stingless bees of the genus Trigona (Apidae, Apinae, Meliponini)"
413,"Trigona necrophaga","Trigona","Necrotrigona","necrophaga","Extante","Neotropical / Novo Mundo","Meliponina",0,0,"",""
414,"Trigona daianeae","Trigona","Nostotrigona","daianeae","Extante","Neotropical / Novo Mundo","Meliponina",0,0,"",""
415,"Trigona juvenili","Trigona","Nostotrigona","juvenili","Extante","Neotropical / Novo Mundo","Meliponina",0,0,"",""
416,"Trigona mandaloriana","Trigona","Nostotrigona","mandaloriana","Extante","Neotropical / Novo Mundo","Meliponina",0,0,"",""
417,"Trigona permodica","Trigona","Nostotrigona","permodica","Extante","Neotropical / Novo Mundo","Meliponina",0,0,"",""
418,"Trigona recursa","Trigona","Nostotrigona","recursa","Extante","Neotropical / Novo Mundo","Meliponina",0,0,"",""
419,"Trigona amalthea","Trigona","Trigona","amalthea","Extante","Neotropical / Novo Mundo","Meliponina",0,0,"",""
420,"Trigona amazonensis","Trigona","Trigona","amazonensis","Extante","Neotropical / Novo Mundo","Meliponina",1,1,"253","DNA Barcoding of Stingless Bees (Hymenoptera: Meliponini) in Northern Peruvian Forests: A Plea for Integrative Taxonomy"
421,"Trigona branneri","Trigona","Trigona","branneri","Extante","Neotropical / Novo Mundo","Meliponina",0,0,"",""
422,"Trigona corvina","Trigona","Trigona","corvina","Extante","Neotropical / Novo Mundo","Meliponina",0,0,"",""
423,"Trigona dallatorreana","Trigona","Trigona","dallatorreana","Extante","Neotropical / Novo Mundo","Meliponina",0,0,"",""
424,"Trigona hyalinata","Trigona","Trigona","hyalinata","Extante","Neotropical / Novo Mundo","Meliponina",2,2,"81; 139","Isolation and characterization of ten microsatellite loci in stingless bee Trigona spinipes (Apidae: Meliponini); The Satellite DNAs Populating the Genome of Trigona hyalinata and the Sharing of a Highly Abundant satDNA in Trigona Genus"
425,"Trigona nigerrima","Trigona","Trigona","nigerrima","Extante","Neotropical / Novo Mundo","Meliponina",0,0,"",""
426,"Trigona pampana","Trigona","Trigona","pampana","Extante","Neotropical / Novo Mundo","Meliponina",0,0,"",""
427,"Trigona silvestriana","Trigona","Trigona","silvestriana","Extante","Neotropical / Novo Mundo","Meliponina",0,0,"",""
428,"Trigona spinipes","Trigona","Trigona","spinipes","Extante","Neotropical / Novo Mundo","Meliponina",5,5,"81; 88; 187; 195; 375","Isolation and characterization of ten microsatellite loci in stingless bee Trigona spinipes (Apidae: Meliponini); Viruses in Brazilian stingless bees; Cytogenetic Analysis in Trigona spinipes Fabricius (Hymenoptera, Meliponina) Reveals Intraspecific Variation; Bacterial communities of indoor surface of stingless bee nests; Karyotypic variation in the stingless bee Trigona spinipes (Hymenoptera: Apidae: Meliponini) from different geographical regions of Brazil"
429,"Trigona truculenta","Trigona","Trigona","truculenta","Extante","Neotropical / Novo Mundo","Meliponina",1,1,"181","Comparative cytogenetic analysis reveals chromosomal variability in five stingless bees of the genus Trigona (Apidae, Apinae, Meliponini)"
430,"Trigonisca euclydiana","Trigonisca","Celetrigona","euclydiana","Extante","Neotropical / Novo Mundo","Meliponina",0,0,"",""
431,"Trigonisca hirsuticornis","Trigonisca","Celetrigona","hirsuticornis","Extante","Neotropical / Novo Mundo","Meliponina",0,0,"",""
432,"Trigonisca longicornis","Trigonisca","Celetrigona","longicornis","Extante","Neotropical / Novo Mundo","Meliponina",0,0,"",""
433,"Trigonisca manauara","Trigonisca","Celetrigona","manauara","Extante","Neotropical / Novo Mundo","Meliponina",0,0,"",""
434,"Trigonisca crispula","Trigonisca","Exochotrigona","crispula","Extante","Neotropical / Novo Mundo","Meliponina",0,0,"",""
435,"Trigonisca pusilla","Trigonisca","Exochotrigona","pusilla","Extante","Neotropical / Novo Mundo","Meliponina",0,0,"",""
436,"Trigonisca gracilis","Trigonisca","Leurotrigona","gracilis","Extante","Neotropical / Novo Mundo","Meliponina",0,0,"",""
437,"Trigonisca muelleri","Trigonisca","Leurotrigona","muelleri","Extante","Neotropical / Novo Mundo","Meliponina",0,0,"",""
438,"Trigonisca atomaria","Trigonisca","Trigonisca","atomaria","Extante","Neotropical / Novo Mundo","Meliponina",0,0,"",""
439,"Trigonisca azteca","Trigonisca","Trigonisca","azteca","Extante","Neotropical / Novo Mundo","Meliponina",0,0,"",""
440,"Trigonisca bidentata","Trigonisca","Trigonisca","bidentata","Extante","Neotropical / Novo Mundo","Meliponina",0,0,"",""
441,"Trigonisca browni","Trigonisca","Trigonisca","browni","Extante","Neotropical / Novo Mundo","Meliponina",0,0,"",""
442,"Trigonisca buyssoni","Trigonisca","Trigonisca","buyssoni","Extante","Neotropical / Novo Mundo","Meliponina",0,0,"",""
443,"Trigonisca chachapoya","Trigonisca","Trigonisca","chachapoya","Extante","Neotropical / Novo Mundo","Meliponina",0,0,"",""
444,"Trigonisca clavicornis","Trigonisca","Trigonisca","clavicornis","Extante","Neotropical / Novo Mundo","Meliponina",0,0,"",""
445,"Trigonisca coephloei","Trigonisca","Trigonisca","coephloei","Extante","Neotropical / Novo Mundo","Meliponina",0,0,"",""
446,"Trigonisca discolor","Trigonisca","Trigonisca","discolor","Extante","Neotropical / Novo Mundo","Meliponina",0,0,"",""
447,"Trigonisca dobzhanskyi","Trigonisca","Trigonisca","dobzhanskyi","Extante","Neotropical / Novo Mundo","Meliponina",0,0,"",""
448,"Trigonisca duckei","Trigonisca","Trigonisca","duckei","Extante","Neotropical / Novo Mundo","Meliponina",0,0,"",""
449,"Trigonisca extrema","Trigonisca","Trigonisca","extrema","Extante","Neotropical / Novo Mundo","Meliponina",0,0,"",""
450,"Trigonisca flavicans","Trigonisca","Trigonisca","flavicans","Extante","Neotropical / Novo Mundo","Meliponina",0,0,"",""
451,"Trigonisca fraissei","Trigonisca","Trigonisca","fraissei","Extante","Neotropical / Novo Mundo","Meliponina",0,0,"",""
452,"Trigonisca graeffei","Trigonisca","Trigonisca","graeffei","Extante","Neotropical / Novo Mundo","Meliponina",0,0,"",""
453,"Trigonisca hirticornis","Trigonisca","Trigonisca","hirticornis","Extante","Neotropical / Novo Mundo","Meliponina",0,0,"",""
454,"Trigonisca intermedia","Trigonisca","Trigonisca","intermedia","Extante","Neotropical / Novo Mundo","Meliponina",0,0,"",""
455,"Trigonisca longitarsis","Trigonisca","Trigonisca","longitarsis","Extante","Neotropical / Novo Mundo","Meliponina",0,0,"",""
456,"Trigonisca martinezi","Trigonisca","Trigonisca","martinezi","Extante","Neotropical / Novo Mundo","Meliponina",0,0,"",""
457,"Trigonisca maya","Trigonisca","Trigonisca","maya","Extante","Neotropical / Novo Mundo","Meliponina",0,0,"",""
458,"Trigonisca mendersoni","Trigonisca","Trigonisca","mendersoni","Extante","Neotropical / Novo Mundo","Meliponina",0,0,"",""
459,"Trigonisca mepecheu","Trigonisca","Trigonisca","mepecheu","Extante","Neotropical / Novo Mundo","Meliponina",0,0,"",""
460,"Trigonisca meridionalis","Trigonisca","Trigonisca","meridionalis","Extante","Neotropical / Novo Mundo","Meliponina",0,0,"",""
461,"Trigonisca mixteca","Trigonisca","Trigonisca","mixteca","Extante","Neotropical / Novo Mundo","Meliponina",0,0,"",""
462,"Trigonisca moratoi","Trigonisca","Trigonisca","moratoi","Extante","Neotropical / Novo Mundo","Meliponina",0,0,"",""
463,"Trigonisca nataliae","Trigonisca","Trigonisca","nataliae","Extante","Neotropical / Novo Mundo","Meliponina",1,1,"40","The complete mitochondrial genome of Trigonisca nataliae (Hymenoptera, Apidae) assemblage reveals heteroplasmy in the control region"
464,"Trigonisca pediculana","Trigonisca","Trigonisca","pediculana","Extante","Neotropical / Novo Mundo","Meliponina",0,0,"",""
465,"Trigonisca pipioli","Trigonisca","Trigonisca","pipioli","Extante","Neotropical / Novo Mundo","Meliponina",0,0,"",""
466,"Trigonisca rondoni","Trigonisca","Trigonisca","rondoni","Extante","Neotropical / Novo Mundo","Meliponina",0,0,"",""
467,"Trigonisca roubiki","Trigonisca","Trigonisca","roubiki","Extante","Neotropical / Novo Mundo","Meliponina",0,0,"",""
468,"Trigonisca sachamiski","Trigonisca","Trigonisca","sachamiski","Extante","Neotropical / Novo Mundo","Meliponina",0,0,"",""
469,"Trigonisca schulthessi","Trigonisca","Trigonisca","schulthessi","Extante","Neotropical / Novo Mundo","Meliponina",0,0,"",""
470,"Trigonisca tavaresi","Trigonisca","Trigonisca","tavaresi","Extante","Neotropical / Novo Mundo","Meliponina",0,0,"",""
471,"Trigonisca townsendi","Trigonisca","Trigonisca","townsendi","Extante","Neotropical / Novo Mundo","Meliponina",0,0,"",""
472,"Trigonisca unidentata","Trigonisca","Trigonisca","unidentata","Extante","Neotropical / Novo Mundo","Meliponina",0,0,"",""
473,"Trigonisca variegatifrons","Trigonisca","Trigonisca","variegatifrons","Extante","Neotropical / Novo Mundo","Meliponina",0,0,"",""
474,"Trigonisca vitrifrons","Trigonisca","Trigonisca","vitrifrons","Extante","Neotropical / Novo Mundo","Meliponina",0,0,"",""
475,"Axestotrigona cameroonensis","Axestotrigona","Atrichotrigona","cameroonensis","Extante","Afrotropical","Hypotrigonina",0,0,"",""
476,"Axestotrigona simpsoni","Axestotrigona","Atrichotrigona","simpsoni","Extante","Afrotropical","Hypotrigonina",0,0,"",""
477,"Axestotrigona erythra","Axestotrigona","Axestotrigona","erythra","Extante","Afrotropical","Hypotrigonina",0,0,"",""
478,"Axestotrigona ferruginea","Axestotrigona","Axestotrigona","ferruginea","Extante","Afrotropical","Hypotrigonina",1,1,"341","Taxonomic identification of stingless bees (Hymenoptera: Apidae: Meliponini) from selected locations of Tanzania using DNA barcoding"
479,"Axestotrigona kitingae","Axestotrigona","Axestotrigona","kitingae","Extinta","Afrotropical","Hypotrigonina",0,0,"",""
480,"Axestotrigona togoensis","Axestotrigona","Axestotrigona","togoensis","Extante","Afrotropical","Hypotrigonina",0,0,"",""
481,"Dactylurina schmidti","Dactylurina","NA","schmidti","Extante","Afrotropical","Hypotrigonina",2,2,"27; 341","Identification of stingless bees (Hymenoptera: Apidae) in Kenya using morphometrics and DNA barcoding; [Identificación de las abejas sin aguijón (Hymenoptera: Apidae) en Kenia usando morfometría y ADN barcoding (código de barras molecular)]; Taxonomic identification of stingless bees (Hymenoptera: Apidae: Meliponini) from selected locations of Tanzania using DNA barcoding"
482,"Dactylurina staudingeri","Dactylurina","NA","staudingeri","Extante","Afrotropical","Hypotrigonina",0,0,"",""
483,"Hypotrigona araujoi","Hypotrigona","NA","araujoi","Extante","Afrotropical","Hypotrigonina",2,2,"180; 204","Resolving taxonomic ambiguity and cryptic speciation of Hypotrigona species through morphometrics and DNA barcoding; [Resolviendo la ambigüedad taxonómica y la especiación críptica de las especies de Hypotrigona a través de la morfometría y el código de barras de ADN]; Taxonomic patterns of host plants and its impact on honey properties by two sympatric Afrotropical stingless bee species in Zanzibar (Tanzania)"
484,"Hypotrigona gribodoi","Hypotrigona","NA","gribodoi","Extante","Afrotropical","Hypotrigonina",3,3,"122; 180; 341","Black queen cell virus detected in endemic African stingless bees (Apidae: Meliponinae); Resolving taxonomic ambiguity and cryptic speciation of Hypotrigona species through morphometrics and DNA barcoding; [Resolviendo la ambigüedad taxonómica y la especiación críptica de las especies de Hypotrigona a través de la morfometría y el código de barras de ADN]; Taxonomic identification of stingless bees (Hymenoptera: Apidae: Meliponini) from selected locations of Tanzania using DNA barcoding"
485,"Hypotrigona kleineri","Hypotrigona","NA","kleineri","Extinta","Afrotropical","Hypotrigonina",0,0,"",""
486,"Hypotrigona ruspolii","Hypotrigona","NA","ruspolii","Extante","Afrotropical","Hypotrigonina",1,1,"180","Resolving taxonomic ambiguity and cryptic speciation of Hypotrigona species through morphometrics and DNA barcoding; [Resolviendo la ambigüedad taxonómica y la especiación críptica de las especies de Hypotrigona a través de la morfometría y el código de barras de ADN]"
487,"Hypotrigona squamuligera","Hypotrigona","NA","squamuligera","Extante","Afrotropical","Hypotrigonina",0,0,"",""
488,"Liotrigona cubiceps","Liotrigona","Cleptotrigona","cubiceps","Extante","Afrotropical","Hypotrigonina",0,0,"",""
489,"Liotrigona baleensis","Liotrigona","Liotrigona","baleensis","Extante","Afrotropical","Hypotrigonina",0,0,"",""
490,"Liotrigona betsimisaraka","Liotrigona","Liotrigona","betsimisaraka","Extante","Afrotropical","Hypotrigonina",0,0,"",""
491,"Liotrigona bitika","Liotrigona","Liotrigona","bitika","Extante","Afrotropical","Hypotrigonina",1,1,"211","Combining morphology and DNA barcoding resolves the taxonomy of Western Malagasy Liotrigona Moure, 1961 (Hymenoptera: Apidae: Meliponini)"
492,"Liotrigona bottegoi","Liotrigona","Liotrigona","bottegoi","Extante","Afrotropical","Hypotrigonina",0,0,"",""
493,"Liotrigona bouyssoui","Liotrigona","Liotrigona","bouyssoui","Extante","Afrotropical","Hypotrigonina",0,0,"",""
494,"Liotrigona chromensis","Liotrigona","Liotrigona","chromensis","Extante","Afrotropical","Hypotrigonina",0,0,"",""
495,"Liotrigona gabonensis","Liotrigona","Liotrigona","gabonensis","Extante","Afrotropical","Hypotrigonina",0,0,"",""
496,"Liotrigona kinzelbachi","Liotrigona","Liotrigona","kinzelbachi","Extante","Afrotropical","Hypotrigonina",1,1,"211","Combining morphology and DNA barcoding resolves the taxonomy of Western Malagasy Liotrigona Moure, 1961 (Hymenoptera: Apidae: Meliponini)"
497,"Liotrigona madecassa","Liotrigona","Liotrigona","madecassa","Extante","Afrotropical","Hypotrigonina",1,1,"211","Combining morphology and DNA barcoding resolves the taxonomy of Western Malagasy Liotrigona Moure, 1961 (Hymenoptera: Apidae: Meliponini)"
498,"Liotrigona mahafalya","Liotrigona","Liotrigona","mahafalya","Extante","Afrotropical","Hypotrigonina",0,0,"",""
499,"Liotrigona nilssoni","Liotrigona","Liotrigona","nilssoni","Extante","Afrotropical","Hypotrigonina",0,0,"",""
500,"Liotrigona parvula","Liotrigona","Liotrigona","parvula","Extante","Afrotropical","Hypotrigonina",0,0,"",""
501,"Liotrigona vetula","Liotrigona","Liotrigona","vetula","Extinta","Afrotropical","Hypotrigonina",0,0,"",""
502,"Liotrigona voeltzkovi","Liotrigona","Liotrigona","voeltzkovi","Extante","Afrotropical","Hypotrigonina",0,0,"",""
503,"Liotrigona aethiopica","Liotrigona","Tapheiotrigona","aethiopica","Extinta","Afrotropical","Hypotrigonina",0,0,"",""
504,"Meliplebeia nebulata","Meliplebeia","Apotrigona","nebulata","Extante","Afrotropical","Hypotrigonina",0,0,"",""
505,"Meliplebeia beccarii","Meliplebeia","Meliplebeia","beccarii","Extante","Afrotropical","Hypotrigonina",1,1,"338","The Complete Mitochondrial Genome of the Stingless Bee Meliplebeia beccarii (Hymenoptera: Apidae: Meliponini) and Insights into Unusual Gene Rearrangement"
506,"Meliplebeia gambiana","Meliplebeia","Meliplebeia","gambiana","Extante","Afrotropical","Hypotrigonina",0,0,"",""
507,"Meliplebeia roubiki","Meliplebeia","Meliplebeia","roubiki","Extante","Afrotropical","Hypotrigonina",0,0,"",""
508,"Meliponula bocandei","Meliponula","NA","bocandei","Extante","Afrotropical","Hypotrigonina",2,2,"27; 122","Identification of stingless bees (Hymenoptera: Apidae) in Kenya using morphometrics and DNA barcoding; [Identificación de las abejas sin aguijón (Hymenoptera: Apidae) en Kenia usando morfometría y ADN barcoding (código de barras molecular)]; Black queen cell virus detected in endemic African stingless bees (Apidae: Meliponinae)"
509,"Plebeiella griswoldorum","Plebeiella","NA","griswoldorum","Extante","Afrotropical","Hypotrigonina",0,0,"",""
510,"Plebeiella lendliana","Plebeiella","NA","lendliana","Extante","Afrotropical","Hypotrigonina",0,0,"",""
511,"Plebeina armata","Plebeina","NA","armata","Extante","Afrotropical","Hypotrigonina",1,1,"341","Taxonomic identification of stingless bees (Hymenoptera: Apidae: Meliponini) from selected locations of Tanzania using DNA barcoding"
512,"Austroplebeia fujianica","Austroplebeia","Anteplebeina","fujianica","Extinta","Indomalaia / Papuásia / Austrália","Hypotrigonina",0,0,"",""
513,"Austroplebeia australis","Austroplebeia","Austroplebeia","australis","Extante","Indomalaia / Papuásia / Austrália","Hypotrigonina",4,4,"215; 226; 270; 368","Apilactobacillus apisilvae sp. nov., Nicolia spurrieriana gen. nov. sp. nov., Bombilactobacillus folatiphilus sp. nov. and Bombilactobacillus thymidiniphilus sp. nov., four new lactic acid bacterial isolates from stingless bees Tetragonula carbonaria and Austroplebeia australis; Microbial communities of three sympatric Australian stingless bee species; Cytogenetic characterization of Austroplebeia australis: evolutionary hints from a stingless bee outside the Neotropical region; Microbial diversity in stingless bee gut is linked to host wing size and influenced by the environment"
514,"Austroplebeia cassiae","Austroplebeia","Austroplebeia","cassiae","Extante","Indomalaia / Papuásia / Austrália","Hypotrigonina",0,0,"",""
515,"Austroplebeia cincta","Austroplebeia","Austroplebeia","cincta","Extante","Indomalaia / Papuásia / Austrália","Hypotrigonina",0,0,"",""
516,"Austroplebeia essingtoni","Austroplebeia","Austroplebeia","essingtoni","Extante","Indomalaia / Papuásia / Austrália","Hypotrigonina",0,0,"",""
517,"Austroplebeia magna","Austroplebeia","Austroplebeia","magna","Extante","Indomalaia / Papuásia / Austrália","Hypotrigonina",0,0,"",""
518,"Ebaiotrigona carpenteri","Ebaiotrigona","NA","carpenteri","Extante","Indomalaia / Papuásia / Austrália","Hypotrigonina",0,0,"",""
519,"Geniotrigona lacteifasciata","Geniotrigona","NA","lacteifasciata","Extante","Indomalaia / Papuásia / Austrália","Hypotrigonina",0,0,"",""
520,"Geniotrigona thoracica","Geniotrigona","NA","thoracica","Extante","Indomalaia / Papuásia / Austrália","Hypotrigonina",3,5,"156; 158; 159","Complete mitochondrial genome of the stingless bee Geniotrigona thoracica (Hymenoptera, Apidae, Meliponini): presence of genome duplication, heteroplasmy and inverted repeats; Antimicrobial activity and antibiotic resistance of lactic acid bacteria isolated from Malaysian stingless bee's gut; Human-mediated dispersal of Geniotrigona thoracica (Apidae: Meliponini) colonies promotes high genetic diversity and reduces population structuring in managed populations"
521,"Heterotrigona hobbyi","Heterotrigona","Borneotrigona","hobbyi","Extante","Indomalaia / Papuásia / Austrália","Hypotrigonina",0,0,"",""
522,"Heterotrigona bakeri","Heterotrigona","Heterotrigona","bakeri","Extante","Indomalaia / Papuásia / Austrália","Hypotrigonina",2,2,"186; 381","Potential DNA Barcoding of Local Stingless Honeybee (Tantadan) from Kiulu, Sabah using 28S Ribosomal DNA; A molecular phylogeny of the Old World stingless bees (Hymenoptera: Apidae: Meliponini) and the non-monophyly of the large genus Trigona"
523,"Heterotrigona erythrogastra","Heterotrigona","Heterotrigona","erythrogastra","Extante","Indomalaia / Papuásia / Austrália","Hypotrigonina",1,1,"138","Stingless bee honey: Evaluating its antibacterial activity and bacterial diversity"
524,"Heterotrigona itama","Heterotrigona","Heterotrigona","itama","Extante","Indomalaia / Papuásia / Austrália","Hypotrigonina",24,27,"35; 104; 110; 116; 123; 131; 147; 158; 162; 186; 199; 233; 237; 245; 250; 289; 292; 312; 316; 318; 319; 332; 343; 370","Quantification of bioactive components and evaluation of microbial community and antibacterial activity from Heterotrigona itama and Tetrigona binghami honeys; Effect of symbiotic bee fungus on survival of stingless bee Heterotrigona itama larvae; Complete Mitochondrial Genome Characterization and Phylogenomics of the Stingless Bee, Heterotrigona itama (Apidae: Meliponini); Heteroplasmy, inverted repeats, and genetic differentiation of the stingless bee Heterotrigona itama (Hymenoptera, Apidae, Meliponini) mitochondrial genome; Species description, morphometric measurement and molecular identification of stingless bees (Hymenoptera: Apidae: Meliponini) in meliponiculture industry in West Java Province, Indonesia; Probiotic properties of bacteria isolated from bee bread of stingless bee Heterotrigona itama; Functional orthologs of honeybee CYP6AQ1 in stingless bees degrade the butenolide insecticide flupyradifurone; Antimicrobial activity and antibiotic resistance of lactic acid bacteria isolated from Malaysian stingless bee's gut; Effect of bee species on the physicochemical, bioactive, and microbiological properties of longan honey in Thailand; Potential DNA Barcoding of Local Stingless Honeybee (Tantadan) from Kiulu, Sabah using 28S Ribosomal DNA; Exploring the Potential of Alcohol-Fermenting Yeast Isolated from Heterotrigona itama Stingless Bees for Beverage Production; Genetic structure of the commercial stingless bee Heterotrigona itama (Apidae: Meliponini) in Thailand; Characterisation of probiotic potential and whole genome analysis of lactic acid bacteria isolated from Tetragonula Laeviceps and Heterotrigona Itama bee bread; Bacterial Community in Apis cerana and Heterotrigona itama Honey Using a Metabarcoding Approach; Metabarcoding in diet assessment of heterotrigona itama based on trnl marker towards domestication program; The first ITS2 sequence data set of eDNA from honey of Malaysian giant honeybees (Apis dorsata) and stingless bees (Heterotrigona itama) reveals plant species diversity; Phylogenetic relationships of heterotrigona itama in Malaysia based on COI DNA sequences; Identification of Lactobacillus spp. and Fructobacillus spp. isolated from fresh Heterotrigona itama honey and their antagonistic activities against clinical pathogenic bacteria; [Identificación de Lactobacillus spp. y Fructobacillus spp. aislados de la miel fresca de Heterotrigona itama y sus actividades antagónicas contra las bacterias patógenas clínicas]; A study on the genetic variability of stingless bees in terengganu by using random amplified polymorphic dna (Rapd) markers: A preliminary assessment; Probiotic Potential of Lactic Acid Bacteria from Honey of Three Different Type Honeybees; [Potensi Probiotik Bakteri Asam Laktat Asal Madu dari Tiga Jenis Lebah yang Berbeda]; ..."
525,"Heterotrigona flaviventris","Heterotrigona","Platytrigona","flaviventris","Extante","Indomalaia / Papuásia / Austrália","Hypotrigonina",0,0,"",""
526,"Heterotrigona keyensis","Heterotrigona","Platytrigona","keyensis","Extante","Indomalaia / Papuásia / Austrália","Hypotrigonina",0,0,"",""
527,"Heterotrigona lamingtonia","Heterotrigona","Platytrigona","lamingtonia","Extante","Indomalaia / Papuásia / Austrália","Hypotrigonina",0,0,"",""
528,"Heterotrigona planifrons","Heterotrigona","Platytrigona","planifrons","Extante","Indomalaia / Papuásia / Austrália","Hypotrigonina",0,0,"",""
529,"Heterotrigona paradisaea","Heterotrigona","Sahulotrigona","paradisaea","Extante","Indomalaia / Papuásia / Austrália","Hypotrigonina",0,0,"",""
530,"Heterotrigona taraxis","Heterotrigona","Sahulotrigona","taraxis","Extante","Indomalaia / Papuásia / Austrália","Hypotrigonina",0,0,"",""
531,"Heterotrigona tricholoma","Heterotrigona","Sahulotrigona","tricholoma","Extante","Indomalaia / Papuásia / Austrália","Hypotrigonina",0,0,"",""
532,"Heterotrigona lieftincki","Heterotrigona","Sundatrigona","lieftincki","Extante","Indomalaia / Papuásia / Austrália","Hypotrigonina",0,0,"",""
533,"Heterotrigona moorei","Heterotrigona","Sundatrigona","moorei","Extante","Indomalaia / Papuásia / Austrália","Hypotrigonina",0,0,"",""
534,"Homotrigona aliceae","Homotrigona","Homotrigona","aliceae","Extante","Indomalaia / Papuásia / Austrália","Hypotrigonina",0,0,"",""
535,"Homotrigona anamitica","Homotrigona","Homotrigona","anamitica","Extante","Indomalaia / Papuásia / Austrália","Hypotrigonina",0,0,"",""
536,"Homotrigona fimbriata","Homotrigona","Homotrigona","fimbriata","Extante","Indomalaia / Papuásia / Austrália","Hypotrigonina",1,1,"138","Stingless bee honey: Evaluating its antibacterial activity and bacterial diversity"
537,"Homotrigona lutea","Homotrigona","Homotrigona","lutea","Extante","Indomalaia / Papuásia / Austrália","Hypotrigonina",0,0,"",""
538,"Homotrigona canifrons","Homotrigona","Lophotrigona","canifrons","Extante","Indomalaia / Papuásia / Austrália","Hypotrigonina",0,0,"",""
539,"Homotrigona haematoptera","Homotrigona","Odontotrigona","haematoptera","Extante","Indomalaia / Papuásia / Austrália","Hypotrigonina",0,0,"",""
540,"Homotrigona apicalis","Homotrigona","Tetrigona","apicalis","Extante","Indomalaia / Papuásia / Austrália","Hypotrigonina",0,0,"",""
541,"Homotrigona binghami","Homotrigona","Tetrigona","binghami","Extante","Indomalaia / Papuásia / Austrália","Hypotrigonina",0,0,"",""
542,"Homotrigona melanoleuca","Homotrigona","Tetrigona","melanoleuca","Extante","Indomalaia / Papuásia / Austrália","Hypotrigonina",0,0,"",""
543,"Homotrigona peninsularis","Homotrigona","Tetrigona","peninsularis","Extante","Indomalaia / Papuásia / Austrália","Hypotrigonina",0,0,"",""
544,"Homotrigona vidua","Homotrigona","Tetrigona","vidua","Extante","Indomalaia / Papuásia / Austrália","Hypotrigonina",0,0,"",""
545,"Lepidotrigona amruthae","Lepidotrigona","NA","amruthae","Extante","Indomalaia / Papuásia / Austrália","Hypotrigonina",0,0,"",""
546,"Lepidotrigona arcifera","Lepidotrigona","NA","arcifera","Extante","Indomalaia / Papuásia / Austrália","Hypotrigonina",3,3,"7; 175; 286","TAXONOMIC STATUS OF STINGLESS BEE LEPIDOTRIGONA ARCIFERA (HYMENOPTERA: MELIPONINI) FROM THE SOUTHWEST CHINA - TIBETAN PLATEAU; Structural Variations in Complete Mitogenome of Stingless Bees Serve as Auxiliary Molecular Markers for Generic Systematics; Diagnostics of wild stingless bees from northeast india"
547,"Lepidotrigona doipaensis","Lepidotrigona","NA","doipaensis","Extante","Indomalaia / Papuásia / Austrália","Hypotrigonina",0,0,"",""
548,"Lepidotrigona flavibasis","Lepidotrigona","NA","flavibasis","Extante","Indomalaia / Papuásia / Austrália","Hypotrigonina",3,3,"7; 175; 203","TAXONOMIC STATUS OF STINGLESS BEE LEPIDOTRIGONA ARCIFERA (HYMENOPTERA: MELIPONINI) FROM THE SOUTHWEST CHINA - TIBETAN PLATEAU; Structural Variations in Complete Mitogenome of Stingless Bees Serve as Auxiliary Molecular Markers for Generic Systematics; The Complete Mitochondrial Genome of Lepidotrigona flavibasis (Hymenoptera: Meliponini) and High Gene Rearrangement in Lepidotrigona Mitogenomes"
549,"Lepidotrigona hoozana","Lepidotrigona","NA","hoozana","Extante","Indomalaia / Papuásia / Austrália","Hypotrigonina",0,0,"",""
550,"Lepidotrigona javanica","Lepidotrigona","NA","javanica","Extante","Indomalaia / Papuásia / Austrália","Hypotrigonina",0,0,"",""
551,"Lepidotrigona latebalteata","Lepidotrigona","NA","latebalteata","Extante","Indomalaia / Papuásia / Austrália","Hypotrigonina",0,0,"",""
552,"Lepidotrigona latipes","Lepidotrigona","NA","latipes","Extante","Indomalaia / Papuásia / Austrália","Hypotrigonina",0,0,"",""
553,"Lepidotrigona nitidiventris","Lepidotrigona","NA","nitidiventris","Extante","Indomalaia / Papuásia / Austrália","Hypotrigonina",0,0,"",""
554,"Lepidotrigona palavanica","Lepidotrigona","NA","palavanica","Extante","Indomalaia / Papuásia / Austrália","Hypotrigonina",0,0,"",""
555,"Lepidotrigona rajithae","Lepidotrigona","NA","rajithae","Extante","Indomalaia / Papuásia / Austrália","Hypotrigonina",0,0,"",""
556,"Lepidotrigona satun","Lepidotrigona","NA","satun","Extante","Indomalaia / Papuásia / Austrália","Hypotrigonina",0,0,"",""
557,"Lepidotrigona sikkimensis","Lepidotrigona","NA","sikkimensis","Extante","Indomalaia / Papuásia / Austrália","Hypotrigonina",0,0,"",""
558,"Lepidotrigona terminata","Lepidotrigona","NA","terminata","Extante","Indomalaia / Papuásia / Austrália","Hypotrigonina",9,9,"6; 48; 106; 123; 175; 186; 203; 223; 310","Stingless bees (Hymenoptera: Apidae) in South and West Sulawesi, Indonesia: morphology, nest structure, and molecular characteristics; The composition of bacteria in gut and beebread of stingless bees (Apidae: Meliponini) from tropics Yunnan, China; Distinct fungal microbiomes of two Thai commercial stingless bee species, Lepidotrigona terminata and Tetragonula pagdeni suggest a possible niche separation in a shared habitat; Species description, morphometric measurement and molecular identification of stingless bees (Hymenoptera: Apidae: Meliponini) in meliponiculture industry in West Java Province, Indonesia; Structural Variations in Complete Mitogenome of Stingless Bees Serve as Auxiliary Molecular Markers for Generic Systematics; Potential DNA Barcoding of Local Stingless Honeybee (Tantadan) from Kiulu, Sabah using 28S Ribosomal DNA; The Complete Mitochondrial Genome of Lepidotrigona flavibasis (Hymenoptera: Meliponini) and High Gene Rearrangement in Lepidotrigona Mitogenomes; Complete mitochondrial genome of the stingless bee Lepidotrigona terminata (Hymenoptera: Meliponinae) and phylogenetic analysis; Cultured-dependent and cultured-independent study of bacteria associated with Thai commercial stingless bee Lepidotrigona terminata"
559,"Lepidotrigona thenzawlensis","Lepidotrigona","NA","thenzawlensis","Extante","Indomalaia / Papuásia / Austrália","Hypotrigonina",0,0,"",""
560,"Lepidotrigona trochanterica","Lepidotrigona","NA","trochanterica","Extante","Indomalaia / Papuásia / Austrália","Hypotrigonina",0,0,"",""
561,"Lepidotrigona ventralis","Lepidotrigona","NA","ventralis","Extante","Indomalaia / Papuásia / Austrália","Hypotrigonina",1,1,"48","The composition of bacteria in gut and beebread of stingless bees (Apidae: Meliponini) from tropics Yunnan, China"
562,"Lisotrigona cacciae","Lisotrigona","NA","cacciae","Extante","Indomalaia / Papuásia / Austrália","Hypotrigonina",0,0,"",""
563,"Lisotrigona furva","Lisotrigona","NA","furva","Extante","Indomalaia / Papuásia / Austrália","Hypotrigonina",0,0,"",""
564,"Papuatrigona atricornis","Papuatrigona","NA","atricornis","Extante","Indomalaia / Papuásia / Austrália","Hypotrigonina",0,0,"",""
565,"Pariotrigona pendleburyi","Pariotrigona","NA","pendleburyi","Extante","Indomalaia / Papuásia / Austrália","Hypotrigonina",0,0,"",""
566,"Tetragonula atripes","Tetragonula","Tetragonilla","atripes","Extante","Indomalaia / Papuásia / Austrália","Hypotrigonina",0,0,"",""
567,"Tetragonula collina","Tetragonula","Tetragonilla","collina","Extante","Indomalaia / Papuásia / Austrália","Hypotrigonina",0,0,"",""
568,"Tetragonula fuscibasis","Tetragonula","Tetragonilla","fuscibasis","Extante","Indomalaia / Papuásia / Austrália","Hypotrigonina",0,0,"",""
569,"Tetragonula rufibasalis","Tetragonula","Tetragonilla","rufibasalis","Extante","Indomalaia / Papuásia / Austrália","Hypotrigonina",0,0,"",""
570,"Tetragonula ashishi","Tetragonula","Tetragonula","ashishi","Extante","Indomalaia / Papuásia / Austrália","Hypotrigonina",0,0,"",""
571,"Tetragonula bengalensis","Tetragonula","Tetragonula","bengalensis","Extante","Indomalaia / Papuásia / Austrália","Hypotrigonina",0,0,"",""
572,"Tetragonula biroi","Tetragonula","Tetragonula","biroi","Extante","Indomalaia / Papuásia / Austrália","Hypotrigonina",0,0,"",""
573,"Tetragonula callophyllae","Tetragonula","Tetragonula","callophyllae","Extante","Indomalaia / Papuásia / Austrália","Hypotrigonina",0,0,"",""
574,"Tetragonula carbonaria","Tetragonula","Tetragonula","carbonaria","Extante","Indomalaia / Papuásia / Austrália","Hypotrigonina",18,18,"51; 52; 84; 98; 101; 117; 137; 147; 186; 198; 214; 215; 226; 229; 246; 274; 330; 368","Conserved but mechanistically diverse piRNA defence against endogenous retroviruses in insects; Multi-Omic Analysis Reveals Population Differentiation and Signatures of Social Evolution in Tetragonula Stingless Bees; Temporal changes in the microbiome of stingless bee foragers following colony relocation; Shifting range in a stingless bee leads to pre-mating reproductive interference between species; Males Are Capable of Long-Distance Dispersal in a Social Bee; Reassessing Hybridisation in Australian Tetragonula Stingless Bees Using Multiple Genetic Markers; Anthropogenic hive movements are changing the genetic structure of a stingless bee (Tetragonula carbonaria) population along the east coast of Australia; Functional orthologs of honeybee CYP6AQ1 in stingless bees degrade the butenolide insecticide flupyradifurone; Potential DNA Barcoding of Local Stingless Honeybee (Tantadan) from Kiulu, Sabah using 28S Ribosomal DNA; Bacterial microbiota associated with the reproductive tissue of stingless bees; Genetic architecture of the Tetragonula carbonaria species complex of Australian stingless bees (Hymenoptera: Apidae: Meliponini); Apilactobacillus apisilvae sp. nov., Nicolia spurrieriana gen. nov. sp. nov., Bombilactobacillus folatiphilus sp. nov. and Bombilactobacillus thymidiniphilus sp. nov., four new lactic acid bacterial isolates from stingless bees Tetragonula carbonaria and Austroplebeia australis; Microbial communities of three sympatric Australian stingless bee species; Hive Transplantation Has Minimal Impact on the Core Gut Microbiome of the Australian Stingless Bee, Tetragonula carbonaria; Rapid evolution, rearrangements and whole mitogenome duplication in the Australian stingless bees Tetragonula (Hymenoptera: Apidae): A steppingstone towards understanding mitochondrial function and evolution; Conserved numts mask a highly divergent mitochondrial-COI gene in a species complex of Australian stingless bees Tetragonula (Hymenoptera: Apidae); Mitochondrial genome heteroplasmy and phylogenomics of the stingless bee Tetragonula laeviceps (Apidae, Apinae, Meliponini); Microbial diversity in stingless bee gut is linked to host wing size and influenced by the environment"
575,"Tetragonula clypearis","Tetragonula","Tetragonula","clypearis","Extante","Indomalaia / Papuásia / Austrália","Hypotrigonina",1,1,"6","Stingless bees (Hymenoptera: Apidae) in South and West Sulawesi, Indonesia: morphology, nest structure, and molecular characteristics"
576,"Tetragonula dapitanensis","Tetragonula","Tetragonula","dapitanensis","Extante","Indomalaia / Papuásia / Austrália","Hypotrigonina",0,0,"",""
577,"Tetragonula davenporti","Tetragonula","Tetragonula","davenporti","Extante","Indomalaia / Papuásia / Austrália","Hypotrigonina",3,4,"117; 214; 330","Reassessing Hybridisation in Australian Tetragonula Stingless Bees Using Multiple Genetic Markers; Genetic architecture of the Tetragonula carbonaria species complex of Australian stingless bees (Hymenoptera: Apidae: Meliponini); Mitochondrial genome heteroplasmy and phylogenomics of the stingless bee Tetragonula laeviceps (Apidae, Apinae, Meliponini)"
578,"Tetragonula drescheri","Tetragonula","Tetragonula","drescheri","Extante","Indomalaia / Papuásia / Austrália","Hypotrigonina",3,3,"123; 186; 260","Species description, morphometric measurement and molecular identification of stingless bees (Hymenoptera: Apidae: Meliponini) in meliponiculture industry in West Java Province, Indonesia; Potential DNA Barcoding of Local Stingless Honeybee (Tantadan) from Kiulu, Sabah using 28S Ribosomal DNA; Phylogenetic analysis of tetragonula minangkabau and other species using cytochrome b gene"
579,"Tetragonula florilega","Tetragonula","Tetragonula","florilega","Extinta","Indomalaia / Papuásia / Austrália","Hypotrigonina",0,0,"",""
580,"Tetragonula fuscobalteata","Tetragonula","Tetragonula","fuscobalteata","Extante","Indomalaia / Papuásia / Austrália","Hypotrigonina",5,5,"6; 186; 260; 316; 330","Stingless bees (Hymenoptera: Apidae) in South and West Sulawesi, Indonesia: morphology, nest structure, and molecular characteristics; Potential DNA Barcoding of Local Stingless Honeybee (Tantadan) from Kiulu, Sabah using 28S Ribosomal DNA; Phylogenetic analysis of tetragonula minangkabau and other species using cytochrome b gene; A study on the genetic variability of stingless bees in terengganu by using random amplified polymorphic dna (Rapd) markers: A preliminary assessment; Mitochondrial genome heteroplasmy and phylogenomics of the stingless bee Tetragonula laeviceps (Apidae, Apinae, Meliponini)"
581,"Tetragonula geissleri","Tetragonula","Tetragonula","geissleri","Extante","Indomalaia / Papuásia / Austrália","Hypotrigonina",0,0,"",""
582,"Tetragonula gressitti","Tetragonula","Tetragonula","gressitti","Extante","Indomalaia / Papuásia / Austrália","Hypotrigonina",0,0,"",""
583,"Tetragonula hirashimai","Tetragonula","Tetragonula","hirashimai","Extante","Indomalaia / Papuásia / Austrália","Hypotrigonina",0,0,"",""
584,"Tetragonula hockingsi","Tetragonula","Tetragonula","hockingsi","Extante","Indomalaia / Papuásia / Austrália","Hypotrigonina",9,9,"8; 52; 98; 117; 198; 214; 246; 274; 330","Gene Flow Between Populations With Highly Divergent Mitogenomes in the Australian Stingless Bee, Tetragonula hockingsi; Multi-Omic Analysis Reveals Population Differentiation and Signatures of Social Evolution in Tetragonula Stingless Bees; Shifting range in a stingless bee leads to pre-mating reproductive interference between species; Reassessing Hybridisation in Australian Tetragonula Stingless Bees Using Multiple Genetic Markers; Bacterial microbiota associated with the reproductive tissue of stingless bees; Genetic architecture of the Tetragonula carbonaria species complex of Australian stingless bees (Hymenoptera: Apidae: Meliponini); Rapid evolution, rearrangements and whole mitogenome duplication in the Australian stingless bees Tetragonula (Hymenoptera: Apidae): A steppingstone towards understanding mitochondrial function and evolution; Conserved numts mask a highly divergent mitochondrial-COI gene in a species complex of Australian stingless bees Tetragonula (Hymenoptera: Apidae); Mitochondrial genome heteroplasmy and phylogenomics of the stingless bee Tetragonula laeviceps (Apidae, Apinae, Meliponini)"
585,"Tetragonula iridipennis","Tetragonula","Tetragonula","iridipennis","Extante","Indomalaia / Papuásia / Austrália","Hypotrigonina",3,3,"65; 115; 155","Unveiling the Cultivation-Dependent Gut Bacterial Microbiota in the Feral Stingless Bee, Tetragonula iridipennis Smith (Hymenoptera: Apidae); Stingless Bee, Tetragonula iridipennis Smith, 1854 (Hymenoptera: Apidae: Meliponini): Molecular and Morphological Characterization; The complete mitochondrial genome of the Indian dammer bee, Tetragonula iridipennis, and the phylogenomics of Meliponini"
586,"Tetragonula kyrdemkulaiensis","Tetragonula","Tetragonula","kyrdemkulaiensis","Extante","Indomalaia / Papuásia / Austrália","Hypotrigonina",0,0,"",""
587,"Tetragonula laeviceps","Tetragonula","Tetragonula","laeviceps","Extante","Indomalaia / Papuásia / Austrália","Hypotrigonina",11,11,"123; 158; 160; 162; 186; 237; 252; 260; 330; 332; 354","Species description, morphometric measurement and molecular identification of stingless bees (Hymenoptera: Apidae: Meliponini) in meliponiculture industry in West Java Province, Indonesia; Antimicrobial activity and antibiotic resistance of lactic acid bacteria isolated from Malaysian stingless bee's gut; Phylogenetic and Morphological Characteristics Reveal Cryptic Speciation in Stingless Bee, Tetragonula laeviceps s.l. Smith 1857 (Hymenoptera; Meliponinae); Effect of bee species on the physicochemical, bioactive, and microbiological properties of longan honey in Thailand; Potential DNA Barcoding of Local Stingless Honeybee (Tantadan) from Kiulu, Sabah using 28S Ribosomal DNA; Characterisation of probiotic potential and whole genome analysis of lactic acid bacteria isolated from Tetragonula Laeviceps and Heterotrigona Itama bee bread; Biomonitoring via DNA metabarcoding and light microscopy of bee pollen in rainforest transformation landscapes of Sumatra; Phylogenetic analysis of tetragonula minangkabau and other species using cytochrome b gene; Mitochondrial genome heteroplasmy and phylogenomics of the stingless bee Tetragonula laeviceps (Apidae, Apinae, Meliponini); Morphometric and molecular identification, domestication, and potentials of stingless bees (Apidae: Meliponini) in Mount Halimun Salak National Park, West Java, Indonesia; HIGH GENETIC VARIATIONS OF THE STINGLESS BEE Tetragonula laeviceps BASED ON MITOCHONDRIAL DNA OF CYTOCHROME C OXIDASE SUBUNIT 1 (CO1) GENE IN SUMATRA AND JAVA, INDONESIA"
588,"Tetragonula malaipanae","Tetragonula","Tetragonula","malaipanae","Extante","Indomalaia / Papuásia / Austrália","Hypotrigonina",0,0,"",""
589,"Tetragonula melanocephala","Tetragonula","Tetragonula","melanocephala","Extante","Indomalaia / Papuásia / Austrália","Hypotrigonina",1,1,"186","Potential DNA Barcoding of Local Stingless Honeybee (Tantadan) from Kiulu, Sabah using 28S Ribosomal DNA"
590,"Tetragonula melina","Tetragonula","Tetragonula","melina","Extante","Indomalaia / Papuásia / Austrália","Hypotrigonina",0,0,"",""
591,"Tetragonula mellipes","Tetragonula","Tetragonula","mellipes","Extante","Indomalaia / Papuásia / Austrália","Hypotrigonina",1,2,"274","Conserved numts mask a highly divergent mitochondrial-COI gene in a species complex of Australian stingless bees Tetragonula (Hymenoptera: Apidae)"
592,"Tetragonula minangkabau","Tetragonula","Tetragonula","minangkabau","Extante","Indomalaia / Papuásia / Austrália","Hypotrigonina",1,2,"260","Phylogenetic analysis of tetragonula minangkabau and other species using cytochrome b gene"
593,"Tetragonula minor","Tetragonula","Tetragonula","minor","Extante","Indomalaia / Papuásia / Austrália","Hypotrigonina",0,0,"",""
594,"Tetragonula pagdeni","Tetragonula","Tetragonula","pagdeni","Extante","Indomalaia / Papuásia / Austrália","Hypotrigonina",9,9,"17; 45; 48; 106; 155; 161; 162; 175; 305","Population structure of the stingless bee (Tetragonula pagdeni Schwarz) in Thailand determined by cytochrome b and ATPase6–tRNAASP sequence analysis; Genetic differentiation of the stingless bee tetragonula pagdeni in Thailand using SSCP analysis of a large subunit of mitochondrial ribosomal DNA; The composition of bacteria in gut and beebread of stingless bees (Apidae: Meliponini) from tropics Yunnan, China; Distinct fungal microbiomes of two Thai commercial stingless bee species, Lepidotrigona terminata and Tetragonula pagdeni suggest a possible niche separation in a shared habitat; The complete mitochondrial genome of the Indian dammer bee, Tetragonula iridipennis, and the phylogenomics of Meliponini; The partial mitochondrial sequence of the Old World stingless bee, Tetragonula pagdeni; Effect of bee species on the physicochemical, bioactive, and microbiological properties of longan honey in Thailand; Structural Variations in Complete Mitogenome of Stingless Bees Serve as Auxiliary Molecular Markers for Generic Systematics; Unusual mitochondrial tRNA rearrangements in stingless bee Tetragonula pagdeni and phylogenetic analysis"
595,"Tetragonula pagdeniformis","Tetragonula","Tetragonula","pagdeniformis","Extante","Indomalaia / Papuásia / Austrália","Hypotrigonina",0,0,"",""
596,"Tetragonula penangensis","Tetragonula","Tetragonula","penangensis","Extante","Indomalaia / Papuásia / Austrália","Hypotrigonina",0,0,"",""
597,"Tetragonula perlucipinnae","Tetragonula","Tetragonula","perlucipinnae","Extante","Indomalaia / Papuásia / Austrália","Hypotrigonina",0,0,"",""
598,"Tetragonula praeterita","Tetragonula","Tetragonula","praeterita","Extante","Indomalaia / Papuásia / Austrália","Hypotrigonina",0,0,"",""
599,"Tetragonula reepeni","Tetragonula","Tetragonula","reepeni","Extante","Indomalaia / Papuásia / Austrália","Hypotrigonina",0,0,"",""
600,"Tetragonula ruficornis","Tetragonula","Tetragonula","ruficornis","Extante","Indomalaia / Papuásia / Austrália","Hypotrigonina",0,0,"",""
601,"Tetragonula sapiens","Tetragonula","Tetragonula","sapiens","Extante","Indomalaia / Papuásia / Austrália","Hypotrigonina",1,1,"6","Stingless bees (Hymenoptera: Apidae) in South and West Sulawesi, Indonesia: morphology, nest structure, and molecular characteristics"
602,"Tetragonula sarawakensis","Tetragonula","Tetragonula","sarawakensis","Extante","Indomalaia / Papuásia / Austrália","Hypotrigonina",1,2,"123","Species description, morphometric measurement and molecular identification of stingless bees (Hymenoptera: Apidae: Meliponini) in meliponiculture industry in West Java Province, Indonesia"
603,"Tetragonula shishirae","Tetragonula","Tetragonula","shishirae","Extante","Indomalaia / Papuásia / Austrália","Hypotrigonina",0,0,"",""
604,"Tetragonula shubhami","Tetragonula","Tetragonula","shubhami","Extante","Indomalaia / Papuásia / Austrália","Hypotrigonina",0,0,"",""
605,"Tetragonula sirindhornae","Tetragonula","Tetragonula","sirindhornae","Extante","Indomalaia / Papuásia / Austrália","Hypotrigonina",0,0,"",""
606,"Tetragonula srikantanathi","Tetragonula","Tetragonula","srikantanathi","Extante","Indomalaia / Papuásia / Austrália","Hypotrigonina",0,0,"",""
607,"Tetragonula sumae","Tetragonula","Tetragonula","sumae","Extante","Indomalaia / Papuásia / Austrália","Hypotrigonina",0,0,"",""
608,"Tetragonula testaceitarsis","Tetragonula","Tetragonula","testaceitarsis","Extante","Indomalaia / Papuásia / Austrália","Hypotrigonina",0,1,"",""
609,"Tetragonula vikrami","Tetragonula","Tetragonula","vikrami","Extante","Indomalaia / Papuásia / Austrália","Hypotrigonina",0,0,"",""
610,"Tetragonula zucchii","Tetragonula","Tetragonula","zucchii","Extante","Indomalaia / Papuásia / Austrália","Hypotrigonina",0,0,"",""
611,"Wallacetrigona incisa","Wallacetrigona","NA","incisa","Extante","Indomalaia / Papuásia / Austrália","Hypotrigonina",2,2,"6; 127","Stingless bees (Hymenoptera: Apidae) in South and West Sulawesi, Indonesia: morphology, nest structure, and molecular characteristics; Genetic diversity and population structure of an endemic bee Wallacetrigona incisa in South Sulawesi, Indonesia"
612,"Adactylurina aethiopica","Adactylurina","NA","aethiopica","Extinta","Gêneros exclusivamente fósseis","Hypotrigonina",0,0,"",""
613,"Cretotrigona prisca","Cretotrigona","NA","prisca","Extinta","Gêneros exclusivamente fósseis","Hypotrigonina",0,0,"",""
614,"Exebotrigona velteni","Exebotrigona","NA","velteni","Extinta","Gêneros exclusivamente fósseis","Hypotrigonina",0,0,"",""
615,"Kelneriapis eocenica","Kelneriapis","NA","eocenica","Extinta","Gêneros exclusivamente fósseis","Hypotrigonina",0,0,"",""
616,"Liotrigonopsis rozeni","Liotrigonopsis","NA","rozeni","Extinta","Gêneros exclusivamente fósseis","Hypotrigonina",0,0,"",""
617,"Meliponorytes sicula","Meliponorytes","NA","sicula","Extinta","Gêneros exclusivamente fósseis","Hypotrigonina",0,0,"",""
618,"Meliponorytes succini","Meliponorytes","NA","succini","Extinta","Gêneros exclusivamente fósseis","Hypotrigonina",0,0,"",""
619,"Proplebeia abdita","Proplebeia","NA","abdita","Extinta","Gêneros exclusivamente fósseis","Hypotrigonina",0,0,"",""
620,"Proplebeia dominicana","Proplebeia","NA","dominicana","Extinta","Gêneros exclusivamente fósseis","Hypotrigonina",3,3,"304; 366; 398","Enzymatic amplification and nucleotide sequencing of portions of the 18s rRNA gene of the bee Proplebeia dominicana (Apidae: Hymenoptera) isolated from 25-40 million year old Dominican amber; Isolation and partial characterisation of DNA from the bee Proplebeia dominicana (Apidae: Hymenoptera) in 25-40 million year old amber; BACILLUS DNA IN FOSSIL BEES - AN ANCIENT SYMBIOSIS"
621,"Proplebeia silacea","Proplebeia","NA","silacea","Extinta","Gêneros exclusivamente fósseis","Hypotrigonina",0,0,"",""
622,"Proplebeia tantilla","Proplebeia","NA","tantilla","Extinta","Gêneros exclusivamente fósseis","Hypotrigonina",0,0,"",""
623,"Proplebeia vetusta","Proplebeia","NA","vetusta","Extinta","Gêneros exclusivamente fósseis","Hypotrigonina",0,0,"",""
