year,topic,article_label,short_label_article,compact_label,plot_label,broader_theme,mean_prevalence,n_documents,prevalence_smooth
1950,1,"Phylogenomics, taxonomy and evolutionary relationships",Phylogenomics/taxonomy,T1. Phylogenomics/taxonomy,"T1. Phylogenomics, taxonomy and evolutionary relationships",Evolutionary relationships and taxonomy,0.001794339172342523,2,0.001794339172342523
1951,1,"Phylogenomics, taxonomy and evolutionary relationships",Phylogenomics/taxonomy,T1. Phylogenomics/taxonomy,"T1. Phylogenomics, taxonomy and evolutionary relationships",Evolutionary relationships and taxonomy,0,0,5.981130574475076e-4
1952,1,"Phylogenomics, taxonomy and evolutionary relationships",Phylogenomics/taxonomy,T1. Phylogenomics/taxonomy,"T1. Phylogenomics, taxonomy and evolutionary relationships",Evolutionary relationships and taxonomy,0,0,0
1953,1,"Phylogenomics, taxonomy and evolutionary relationships",Phylogenomics/taxonomy,T1. Phylogenomics/taxonomy,"T1. Phylogenomics, taxonomy and evolutionary relationships",Evolutionary relationships and taxonomy,0,0,0
1954,1,"Phylogenomics, taxonomy and evolutionary relationships",Phylogenomics/taxonomy,T1. Phylogenomics/taxonomy,"T1. Phylogenomics, taxonomy and evolutionary relationships",Evolutionary relationships and taxonomy,0,0,0
1955,1,"Phylogenomics, taxonomy and evolutionary relationships",Phylogenomics/taxonomy,T1. Phylogenomics/taxonomy,"T1. Phylogenomics, taxonomy and evolutionary relationships",Evolutionary relationships and taxonomy,0,0,0
1956,1,"Phylogenomics, taxonomy and evolutionary relationships",Phylogenomics/taxonomy,T1. Phylogenomics/taxonomy,"T1. Phylogenomics, taxonomy and evolutionary relationships",Evolutionary relationships and taxonomy,0,0,0
1957,1,"Phylogenomics, taxonomy and evolutionary relationships",Phylogenomics/taxonomy,T1. Phylogenomics/taxonomy,"T1. Phylogenomics, taxonomy and evolutionary relationships",Evolutionary relationships and taxonomy,0,0,0
1958,1,"Phylogenomics, taxonomy and evolutionary relationships",Phylogenomics/taxonomy,T1. Phylogenomics/taxonomy,"T1. Phylogenomics, taxonomy and evolutionary relationships",Evolutionary relationships and taxonomy,0,0,0
1959,1,"Phylogenomics, taxonomy and evolutionary relationships",Phylogenomics/taxonomy,T1. Phylogenomics/taxonomy,"T1. Phylogenomics, taxonomy and evolutionary relationships",Evolutionary relationships and taxonomy,0,0,0
1960,1,"Phylogenomics, taxonomy and evolutionary relationships",Phylogenomics/taxonomy,T1. Phylogenomics/taxonomy,"T1. Phylogenomics, taxonomy and evolutionary relationships",Evolutionary relationships and taxonomy,0,0,0
1961,1,"Phylogenomics, taxonomy and evolutionary relationships",Phylogenomics/taxonomy,T1. Phylogenomics/taxonomy,"T1. Phylogenomics, taxonomy and evolutionary relationships",Evolutionary relationships and taxonomy,0,0,0
1962,1,"Phylogenomics, taxonomy and evolutionary relationships",Phylogenomics/taxonomy,T1. Phylogenomics/taxonomy,"T1. Phylogenomics, taxonomy and evolutionary relationships",Evolutionary relationships and taxonomy,0,0,0
1963,1,"Phylogenomics, taxonomy and evolutionary relationships",Phylogenomics/taxonomy,T1. Phylogenomics/taxonomy,"T1. Phylogenomics, taxonomy and evolutionary relationships",Evolutionary relationships and taxonomy,0,0,0
1964,1,"Phylogenomics, taxonomy and evolutionary relationships",Phylogenomics/taxonomy,T1. Phylogenomics/taxonomy,"T1. Phylogenomics, taxonomy and evolutionary relationships",Evolutionary relationships and taxonomy,0,0,0
1965,1,"Phylogenomics, taxonomy and evolutionary relationships",Phylogenomics/taxonomy,T1. Phylogenomics/taxonomy,"T1. Phylogenomics, taxonomy and evolutionary relationships",Evolutionary relationships and taxonomy,0,0,6.260925139738422e-4
1966,1,"Phylogenomics, taxonomy and evolutionary relationships",Phylogenomics/taxonomy,T1. Phylogenomics/taxonomy,"T1. Phylogenomics, taxonomy and evolutionary relationships",Evolutionary relationships and taxonomy,0.0018782775419215266,1,6.260925139738422e-4
1967,1,"Phylogenomics, taxonomy and evolutionary relationships",Phylogenomics/taxonomy,T1. Phylogenomics/taxonomy,"T1. Phylogenomics, taxonomy and evolutionary relationships",Evolutionary relationships and taxonomy,0,0,6.260925139738422e-4
1968,1,"Phylogenomics, taxonomy and evolutionary relationships",Phylogenomics/taxonomy,T1. Phylogenomics/taxonomy,"T1. Phylogenomics, taxonomy and evolutionary relationships",Evolutionary relationships and taxonomy,0,0,6.485750071252273e-4
1969,1,"Phylogenomics, taxonomy and evolutionary relationships",Phylogenomics/taxonomy,T1. Phylogenomics/taxonomy,"T1. Phylogenomics, taxonomy and evolutionary relationships",Evolutionary relationships and taxonomy,0.0019457250213756818,3,0.001773752397528516
1970,1,"Phylogenomics, taxonomy and evolutionary relationships",Phylogenomics/taxonomy,T1. Phylogenomics/taxonomy,"T1. Phylogenomics, taxonomy and evolutionary relationships",Evolutionary relationships and taxonomy,0.0033755321712098663,1,0.001773752397528516
1971,1,"Phylogenomics, taxonomy and evolutionary relationships",Phylogenomics/taxonomy,T1. Phylogenomics/taxonomy,"T1. Phylogenomics, taxonomy and evolutionary relationships",Evolutionary relationships and taxonomy,0,0,0.01680457338385401
1972,1,"Phylogenomics, taxonomy and evolutionary relationships",Phylogenomics/taxonomy,T1. Phylogenomics/taxonomy,"T1. Phylogenomics, taxonomy and evolutionary relationships",Evolutionary relationships and taxonomy,0.04703818798035217,2,0.015679395993450723
1973,1,"Phylogenomics, taxonomy and evolutionary relationships",Phylogenomics/taxonomy,T1. Phylogenomics/taxonomy,"T1. Phylogenomics, taxonomy and evolutionary relationships",Evolutionary relationships and taxonomy,0,0,0.015828576078022204
1974,1,"Phylogenomics, taxonomy and evolutionary relationships",Phylogenomics/taxonomy,T1. Phylogenomics/taxonomy,"T1. Phylogenomics, taxonomy and evolutionary relationships",Evolutionary relationships and taxonomy,4.475402537144406e-4,1,0.0010435243871683758
1975,1,"Phylogenomics, taxonomy and evolutionary relationships",Phylogenomics/taxonomy,T1. Phylogenomics/taxonomy,"T1. Phylogenomics, taxonomy and evolutionary relationships",Evolutionary relationships and taxonomy,0.0026830329077906874,2,0.0014301732570662605
1976,1,"Phylogenomics, taxonomy and evolutionary relationships",Phylogenomics/taxonomy,T1. Phylogenomics/taxonomy,"T1. Phylogenomics, taxonomy and evolutionary relationships",Evolutionary relationships and taxonomy,0.001159946609693654,1,0.0012809931724947804
1977,1,"Phylogenomics, taxonomy and evolutionary relationships",Phylogenomics/taxonomy,T1. Phylogenomics/taxonomy,"T1. Phylogenomics, taxonomy and evolutionary relationships",Evolutionary relationships and taxonomy,0,0,3.866488698978847e-4
1978,1,"Phylogenomics, taxonomy and evolutionary relationships",Phylogenomics/taxonomy,T1. Phylogenomics/taxonomy,"T1. Phylogenomics, taxonomy and evolutionary relationships",Evolutionary relationships and taxonomy,0,0,0.02524901951450518
1979,1,"Phylogenomics, taxonomy and evolutionary relationships",Phylogenomics/taxonomy,T1. Phylogenomics/taxonomy,"T1. Phylogenomics, taxonomy and evolutionary relationships",Evolutionary relationships and taxonomy,0.07574705854351554,2,0.02524901951450518
1980,1,"Phylogenomics, taxonomy and evolutionary relationships",Phylogenomics/taxonomy,T1. Phylogenomics/taxonomy,"T1. Phylogenomics, taxonomy and evolutionary relationships",Evolutionary relationships and taxonomy,0,0,0.02524901951450518
1981,1,"Phylogenomics, taxonomy and evolutionary relationships",Phylogenomics/taxonomy,T1. Phylogenomics/taxonomy,"T1. Phylogenomics, taxonomy and evolutionary relationships",Evolutionary relationships and taxonomy,0,0,0
1982,1,"Phylogenomics, taxonomy and evolutionary relationships",Phylogenomics/taxonomy,T1. Phylogenomics/taxonomy,"T1. Phylogenomics, taxonomy and evolutionary relationships",Evolutionary relationships and taxonomy,0,0,0.06869556793559514
1983,1,"Phylogenomics, taxonomy and evolutionary relationships",Phylogenomics/taxonomy,T1. Phylogenomics/taxonomy,"T1. Phylogenomics, taxonomy and evolutionary relationships",Evolutionary relationships and taxonomy,0.20608670380678545,2,0.06871645556647796
1984,1,"Phylogenomics, taxonomy and evolutionary relationships",Phylogenomics/taxonomy,T1. Phylogenomics/taxonomy,"T1. Phylogenomics, taxonomy and evolutionary relationships",Evolutionary relationships and taxonomy,6.266289264843776e-5,1,0.06871645556647796
1985,1,"Phylogenomics, taxonomy and evolutionary relationships",Phylogenomics/taxonomy,T1. Phylogenomics/taxonomy,"T1. Phylogenomics, taxonomy and evolutionary relationships",Evolutionary relationships and taxonomy,0,0,2.4023207587963108e-4
1986,1,"Phylogenomics, taxonomy and evolutionary relationships",Phylogenomics/taxonomy,T1. Phylogenomics/taxonomy,"T1. Phylogenomics, taxonomy and evolutionary relationships",Evolutionary relationships and taxonomy,6.580333349904555e-4,3,7.599335209180103e-4
1987,1,"Phylogenomics, taxonomy and evolutionary relationships",Phylogenomics/taxonomy,T1. Phylogenomics/taxonomy,"T1. Phylogenomics, taxonomy and evolutionary relationships",Evolutionary relationships and taxonomy,0.0016217672277635757,3,0.0016439624095558047
1988,1,"Phylogenomics, taxonomy and evolutionary relationships",Phylogenomics/taxonomy,T1. Phylogenomics/taxonomy,"T1. Phylogenomics, taxonomy and evolutionary relationships",Evolutionary relationships and taxonomy,0.002652086665913383,1,0.001442849882171457
1989,1,"Phylogenomics, taxonomy and evolutionary relationships",Phylogenomics/taxonomy,T1. Phylogenomics/taxonomy,"T1. Phylogenomics, taxonomy and evolutionary relationships",Evolutionary relationships and taxonomy,5.4695752837412274e-5,1,9.070719786980656e-4
1990,1,"Phylogenomics, taxonomy and evolutionary relationships",Phylogenomics/taxonomy,T1. Phylogenomics/taxonomy,"T1. Phylogenomics, taxonomy and evolutionary relationships",Evolutionary relationships and taxonomy,1.4433517343401637e-5,1,2.913691723037733e-5
1991,1,"Phylogenomics, taxonomy and evolutionary relationships",Phylogenomics/taxonomy,T1. Phylogenomics/taxonomy,"T1. Phylogenomics, taxonomy and evolutionary relationships",Evolutionary relationships and taxonomy,1.8281481510318088e-5,4,3.9470898518821786e-4
1992,1,"Phylogenomics, taxonomy and evolutionary relationships",Phylogenomics/taxonomy,T1. Phylogenomics/taxonomy,"T1. Phylogenomics, taxonomy and evolutionary relationships",Evolutionary relationships and taxonomy,0.001151411956710934,3,3.8989781274041734e-4
1993,1,"Phylogenomics, taxonomy and evolutionary relationships",Phylogenomics/taxonomy,T1. Phylogenomics/taxonomy,"T1. Phylogenomics, taxonomy and evolutionary relationships",Evolutionary relationships and taxonomy,0,0,5.749595717088388e-4
1994,1,"Phylogenomics, taxonomy and evolutionary relationships",Phylogenomics/taxonomy,T1. Phylogenomics/taxonomy,"T1. Phylogenomics, taxonomy and evolutionary relationships",Evolutionary relationships and taxonomy,5.734667584155825e-4,2,4.2827580683760415e-4
1995,1,"Phylogenomics, taxonomy and evolutionary relationships",Phylogenomics/taxonomy,T1. Phylogenomics/taxonomy,"T1. Phylogenomics, taxonomy and evolutionary relationships",Evolutionary relationships and taxonomy,7.1136066209723e-4,4,4.2827580683760415e-4
1996,1,"Phylogenomics, taxonomy and evolutionary relationships",Phylogenomics/taxonomy,T1. Phylogenomics/taxonomy,"T1. Phylogenomics, taxonomy and evolutionary relationships",Evolutionary relationships and taxonomy,0,0,6.832584390819124e-4
1997,1,"Phylogenomics, taxonomy and evolutionary relationships",Phylogenomics/taxonomy,T1. Phylogenomics/taxonomy,"T1. Phylogenomics, taxonomy and evolutionary relationships",Evolutionary relationships and taxonomy,0.001338414655148507,2,0.002591156916230972
1998,1,"Phylogenomics, taxonomy and evolutionary relationships",Phylogenomics/taxonomy,T1. Phylogenomics/taxonomy,"T1. Phylogenomics, taxonomy and evolutionary relationships",Evolutionary relationships and taxonomy,0.006435056093544409,2,0.005290495466629106
1999,1,"Phylogenomics, taxonomy and evolutionary relationships",Phylogenomics/taxonomy,T1. Phylogenomics/taxonomy,"T1. Phylogenomics, taxonomy and evolutionary relationships",Evolutionary relationships and taxonomy,0.008098015651194404,2,0.005134652746678841
2000,1,"Phylogenomics, taxonomy and evolutionary relationships",Phylogenomics/taxonomy,T1. Phylogenomics/taxonomy,"T1. Phylogenomics, taxonomy and evolutionary relationships",Evolutionary relationships and taxonomy,8.708864952977104e-4,3,0.015188957761761808
2001,1,"Phylogenomics, taxonomy and evolutionary relationships",Phylogenomics/taxonomy,T1. Phylogenomics/taxonomy,"T1. Phylogenomics, taxonomy and evolutionary relationships",Evolutionary relationships and taxonomy,0.03659797113879331,3,0.013678528702697432
2002,1,"Phylogenomics, taxonomy and evolutionary relationships",Phylogenomics/taxonomy,T1. Phylogenomics/taxonomy,"T1. Phylogenomics, taxonomy and evolutionary relationships",Evolutionary relationships and taxonomy,0.0035667284740012765,3,0.10455005994818378
2003,1,"Phylogenomics, taxonomy and evolutionary relationships",Phylogenomics/taxonomy,T1. Phylogenomics/taxonomy,"T1. Phylogenomics, taxonomy and evolutionary relationships",Evolutionary relationships and taxonomy,0.2734854802317568,3,0.1071148234510562
2004,1,"Phylogenomics, taxonomy and evolutionary relationships",Phylogenomics/taxonomy,T1. Phylogenomics/taxonomy,"T1. Phylogenomics, taxonomy and evolutionary relationships",Evolutionary relationships and taxonomy,0.04429226164741058,6,0.11316954809684535
2005,1,"Phylogenomics, taxonomy and evolutionary relationships",Phylogenomics/taxonomy,T1. Phylogenomics/taxonomy,"T1. Phylogenomics, taxonomy and evolutionary relationships",Evolutionary relationships and taxonomy,0.021730902411368675,7,0.05249855558485237
2006,1,"Phylogenomics, taxonomy and evolutionary relationships",Phylogenomics/taxonomy,T1. Phylogenomics/taxonomy,"T1. Phylogenomics, taxonomy and evolutionary relationships",Evolutionary relationships and taxonomy,0.09147250269577785,9,0.0857369176738895
2007,1,"Phylogenomics, taxonomy and evolutionary relationships",Phylogenomics/taxonomy,T1. Phylogenomics/taxonomy,"T1. Phylogenomics, taxonomy and evolutionary relationships",Evolutionary relationships and taxonomy,0.14400734791452197,8,0.11651675968686706
2008,1,"Phylogenomics, taxonomy and evolutionary relationships",Phylogenomics/taxonomy,T1. Phylogenomics/taxonomy,"T1. Phylogenomics, taxonomy and evolutionary relationships",Evolutionary relationships and taxonomy,0.11407042845030141,9,0.10539785885731381
2009,1,"Phylogenomics, taxonomy and evolutionary relationships",Phylogenomics/taxonomy,T1. Phylogenomics/taxonomy,"T1. Phylogenomics, taxonomy and evolutionary relationships",Evolutionary relationships and taxonomy,0.05811580020711809,15,0.1271136569918907
2010,1,"Phylogenomics, taxonomy and evolutionary relationships",Phylogenomics/taxonomy,T1. Phylogenomics/taxonomy,"T1. Phylogenomics, taxonomy and evolutionary relationships",Evolutionary relationships and taxonomy,0.2091547423182526,17,0.09403780323354743
2011,1,"Phylogenomics, taxonomy and evolutionary relationships",Phylogenomics/taxonomy,T1. Phylogenomics/taxonomy,"T1. Phylogenomics, taxonomy and evolutionary relationships",Evolutionary relationships and taxonomy,0.01484286717527164,11,0.09659895160789829
2012,1,"Phylogenomics, taxonomy and evolutionary relationships",Phylogenomics/taxonomy,T1. Phylogenomics/taxonomy,"T1. Phylogenomics, taxonomy and evolutionary relationships",Evolutionary relationships and taxonomy,0.06579924533017066,13,0.05632772250160909
2013,1,"Phylogenomics, taxonomy and evolutionary relationships",Phylogenomics/taxonomy,T1. Phylogenomics/taxonomy,"T1. Phylogenomics, taxonomy and evolutionary relationships",Evolutionary relationships and taxonomy,0.08834105499938498,15,0.07531243077854695
2014,1,"Phylogenomics, taxonomy and evolutionary relationships",Phylogenomics/taxonomy,T1. Phylogenomics/taxonomy,"T1. Phylogenomics, taxonomy and evolutionary relationships",Evolutionary relationships and taxonomy,0.07179699200608525,16,0.05438489086236314
2015,1,"Phylogenomics, taxonomy and evolutionary relationships",Phylogenomics/taxonomy,T1. Phylogenomics/taxonomy,"T1. Phylogenomics, taxonomy and evolutionary relationships",Evolutionary relationships and taxonomy,0.0030166255816192074,5,0.04187228064404607
2016,1,"Phylogenomics, taxonomy and evolutionary relationships",Phylogenomics/taxonomy,T1. Phylogenomics/taxonomy,"T1. Phylogenomics, taxonomy and evolutionary relationships",Evolutionary relationships and taxonomy,0.05080322434443376,10,0.04120312719665911
2017,1,"Phylogenomics, taxonomy and evolutionary relationships",Phylogenomics/taxonomy,T1. Phylogenomics/taxonomy,"T1. Phylogenomics, taxonomy and evolutionary relationships",Evolutionary relationships and taxonomy,0.06978953166392438,12,0.04812118828311838
2018,1,"Phylogenomics, taxonomy and evolutionary relationships",Phylogenomics/taxonomy,T1. Phylogenomics/taxonomy,"T1. Phylogenomics, taxonomy and evolutionary relationships",Evolutionary relationships and taxonomy,0.023770808840996995,16,0.04162448213397924
2019,1,"Phylogenomics, taxonomy and evolutionary relationships",Phylogenomics/taxonomy,T1. Phylogenomics/taxonomy,"T1. Phylogenomics, taxonomy and evolutionary relationships",Evolutionary relationships and taxonomy,0.03131310589701636,16,0.03455660376945741
2020,1,"Phylogenomics, taxonomy and evolutionary relationships",Phylogenomics/taxonomy,T1. Phylogenomics/taxonomy,"T1. Phylogenomics, taxonomy and evolutionary relationships",Evolutionary relationships and taxonomy,0.048585896570358895,16,0.05179124016876303
2021,1,"Phylogenomics, taxonomy and evolutionary relationships",Phylogenomics/taxonomy,T1. Phylogenomics/taxonomy,"T1. Phylogenomics, taxonomy and evolutionary relationships",Evolutionary relationships and taxonomy,0.07547471803891384,26,0.06821221058753814
2022,1,"Phylogenomics, taxonomy and evolutionary relationships",Phylogenomics/taxonomy,T1. Phylogenomics/taxonomy,"T1. Phylogenomics, taxonomy and evolutionary relationships",Evolutionary relationships and taxonomy,0.0805760171533417,23,0.07061978335584544
2023,1,"Phylogenomics, taxonomy and evolutionary relationships",Phylogenomics/taxonomy,T1. Phylogenomics/taxonomy,"T1. Phylogenomics, taxonomy and evolutionary relationships",Evolutionary relationships and taxonomy,0.055808614875280806,31,0.07875228034183021
2024,1,"Phylogenomics, taxonomy and evolutionary relationships",Phylogenomics/taxonomy,T1. Phylogenomics/taxonomy,"T1. Phylogenomics, taxonomy and evolutionary relationships",Evolutionary relationships and taxonomy,0.09987220899686812,21,0.08976288152608784
2025,1,"Phylogenomics, taxonomy and evolutionary relationships",Phylogenomics/taxonomy,T1. Phylogenomics/taxonomy,"T1. Phylogenomics, taxonomy and evolutionary relationships",Evolutionary relationships and taxonomy,0.11360782070611462,39,0.1465461776135155
2026,1,"Phylogenomics, taxonomy and evolutionary relationships",Phylogenomics/taxonomy,T1. Phylogenomics/taxonomy,"T1. Phylogenomics, taxonomy and evolutionary relationships",Evolutionary relationships and taxonomy,0.22615850313756378,11,0.22615850313756378
1950,2,Symbiotic bacteria and probiotics,Symbiotic bacteria/probiotics,T2. Symbiotic bacteria/probiotics,T2. Symbiotic bacteria and probiotics,Microbiome and symbiosis,0.0033261175261101975,2,0.0033261175261101975
1951,2,Symbiotic bacteria and probiotics,Symbiotic bacteria/probiotics,T2. Symbiotic bacteria/probiotics,T2. Symbiotic bacteria and probiotics,Microbiome and symbiosis,0,0,0.0011087058420367324
1952,2,Symbiotic bacteria and probiotics,Symbiotic bacteria/probiotics,T2. Symbiotic bacteria/probiotics,T2. Symbiotic bacteria and probiotics,Microbiome and symbiosis,0,0,0
1953,2,Symbiotic bacteria and probiotics,Symbiotic bacteria/probiotics,T2. Symbiotic bacteria/probiotics,T2. Symbiotic bacteria and probiotics,Microbiome and symbiosis,0,0,0
1954,2,Symbiotic bacteria and probiotics,Symbiotic bacteria/probiotics,T2. Symbiotic bacteria/probiotics,T2. Symbiotic bacteria and probiotics,Microbiome and symbiosis,0,0,0
1955,2,Symbiotic bacteria and probiotics,Symbiotic bacteria/probiotics,T2. Symbiotic bacteria/probiotics,T2. Symbiotic bacteria and probiotics,Microbiome and symbiosis,0,0,0
1956,2,Symbiotic bacteria and probiotics,Symbiotic bacteria/probiotics,T2. Symbiotic bacteria/probiotics,T2. Symbiotic bacteria and probiotics,Microbiome and symbiosis,0,0,0
1957,2,Symbiotic bacteria and probiotics,Symbiotic bacteria/probiotics,T2. Symbiotic bacteria/probiotics,T2. Symbiotic bacteria and probiotics,Microbiome and symbiosis,0,0,0
1958,2,Symbiotic bacteria and probiotics,Symbiotic bacteria/probiotics,T2. Symbiotic bacteria/probiotics,T2. Symbiotic bacteria and probiotics,Microbiome and symbiosis,0,0,0
1959,2,Symbiotic bacteria and probiotics,Symbiotic bacteria/probiotics,T2. Symbiotic bacteria/probiotics,T2. Symbiotic bacteria and probiotics,Microbiome and symbiosis,0,0,0
1960,2,Symbiotic bacteria and probiotics,Symbiotic bacteria/probiotics,T2. Symbiotic bacteria/probiotics,T2. Symbiotic bacteria and probiotics,Microbiome and symbiosis,0,0,0
1961,2,Symbiotic bacteria and probiotics,Symbiotic bacteria/probiotics,T2. Symbiotic bacteria/probiotics,T2. Symbiotic bacteria and probiotics,Microbiome and symbiosis,0,0,0
1962,2,Symbiotic bacteria and probiotics,Symbiotic bacteria/probiotics,T2. Symbiotic bacteria/probiotics,T2. Symbiotic bacteria and probiotics,Microbiome and symbiosis,0,0,0
1963,2,Symbiotic bacteria and probiotics,Symbiotic bacteria/probiotics,T2. Symbiotic bacteria/probiotics,T2. Symbiotic bacteria and probiotics,Microbiome and symbiosis,0,0,0
1964,2,Symbiotic bacteria and probiotics,Symbiotic bacteria/probiotics,T2. Symbiotic bacteria/probiotics,T2. Symbiotic bacteria and probiotics,Microbiome and symbiosis,0,0,0
1965,2,Symbiotic bacteria and probiotics,Symbiotic bacteria/probiotics,T2. Symbiotic bacteria/probiotics,T2. Symbiotic bacteria and probiotics,Microbiome and symbiosis,0,0,4.108375301151259e-4
1966,2,Symbiotic bacteria and probiotics,Symbiotic bacteria/probiotics,T2. Symbiotic bacteria/probiotics,T2. Symbiotic bacteria and probiotics,Microbiome and symbiosis,0.0012325125903453777,1,4.108375301151259e-4
1967,2,Symbiotic bacteria and probiotics,Symbiotic bacteria/probiotics,T2. Symbiotic bacteria/probiotics,T2. Symbiotic bacteria and probiotics,Microbiome and symbiosis,0,0,4.108375301151259e-4
1968,2,Symbiotic bacteria and probiotics,Symbiotic bacteria/probiotics,T2. Symbiotic bacteria/probiotics,T2. Symbiotic bacteria and probiotics,Microbiome and symbiosis,0,0,0.02788530436329987
1969,2,Symbiotic bacteria and probiotics,Symbiotic bacteria/probiotics,T2. Symbiotic bacteria/probiotics,T2. Symbiotic bacteria and probiotics,Microbiome and symbiosis,0.08365591308989961,3,0.15945829021722485
1970,2,Symbiotic bacteria and probiotics,Symbiotic bacteria/probiotics,T2. Symbiotic bacteria/probiotics,T2. Symbiotic bacteria and probiotics,Microbiome and symbiosis,0.394718957561775,1,0.15945829021722485
1971,2,Symbiotic bacteria and probiotics,Symbiotic bacteria/probiotics,T2. Symbiotic bacteria/probiotics,T2. Symbiotic bacteria and probiotics,Microbiome and symbiosis,0,0,0.17079185865473828
1972,2,Symbiotic bacteria and probiotics,Symbiotic bacteria/probiotics,T2. Symbiotic bacteria/probiotics,T2. Symbiotic bacteria and probiotics,Microbiome and symbiosis,0.11765661840243985,2,0.03921887280081328
1973,2,Symbiotic bacteria and probiotics,Symbiotic bacteria/probiotics,T2. Symbiotic bacteria/probiotics,T2. Symbiotic bacteria and probiotics,Microbiome and symbiosis,0,0,0.03962542762791204
1974,2,Symbiotic bacteria and probiotics,Symbiotic bacteria/probiotics,T2. Symbiotic bacteria/probiotics,T2. Symbiotic bacteria and probiotics,Microbiome and symbiosis,0.0012196644812962811,1,0.005576813920934272
1975,2,Symbiotic bacteria and probiotics,Symbiotic bacteria/probiotics,T2. Symbiotic bacteria/probiotics,T2. Symbiotic bacteria and probiotics,Microbiome and symbiosis,0.015510777281506537,2,0.007253880042457152
1976,2,Symbiotic bacteria and probiotics,Symbiotic bacteria/probiotics,T2. Symbiotic bacteria/probiotics,T2. Symbiotic bacteria and probiotics,Microbiome and symbiosis,0.005031198364568641,1,0.006847325215358392
1977,2,Symbiotic bacteria and probiotics,Symbiotic bacteria/probiotics,T2. Symbiotic bacteria/probiotics,T2. Symbiotic bacteria and probiotics,Microbiome and symbiosis,0,0,0.0016770661215228801
1978,2,Symbiotic bacteria and probiotics,Symbiotic bacteria/probiotics,T2. Symbiotic bacteria/probiotics,T2. Symbiotic bacteria and probiotics,Microbiome and symbiosis,0,0,0.003307385927049721
1979,2,Symbiotic bacteria and probiotics,Symbiotic bacteria/probiotics,T2. Symbiotic bacteria/probiotics,T2. Symbiotic bacteria and probiotics,Microbiome and symbiosis,0.009922157781149164,2,0.003307385927049721
1980,2,Symbiotic bacteria and probiotics,Symbiotic bacteria/probiotics,T2. Symbiotic bacteria/probiotics,T2. Symbiotic bacteria and probiotics,Microbiome and symbiosis,0,0,0.003307385927049721
1981,2,Symbiotic bacteria and probiotics,Symbiotic bacteria/probiotics,T2. Symbiotic bacteria/probiotics,T2. Symbiotic bacteria and probiotics,Microbiome and symbiosis,0,0,0
1982,2,Symbiotic bacteria and probiotics,Symbiotic bacteria/probiotics,T2. Symbiotic bacteria/probiotics,T2. Symbiotic bacteria and probiotics,Microbiome and symbiosis,0,0,0.0035737458478151277
1983,2,Symbiotic bacteria and probiotics,Symbiotic bacteria/probiotics,T2. Symbiotic bacteria/probiotics,T2. Symbiotic bacteria and probiotics,Microbiome and symbiosis,0.010721237543445384,2,0.004111264755824077
1984,2,Symbiotic bacteria and probiotics,Symbiotic bacteria/probiotics,T2. Symbiotic bacteria/probiotics,T2. Symbiotic bacteria and probiotics,Microbiome and symbiosis,0.0016125567240268478,1,0.004111264755824077
1985,2,Symbiotic bacteria and probiotics,Symbiotic bacteria/probiotics,T2. Symbiotic bacteria/probiotics,T2. Symbiotic bacteria and probiotics,Microbiome and symbiosis,0,0,0.001775922626160184
1986,2,Symbiotic bacteria and probiotics,Symbiotic bacteria/probiotics,T2. Symbiotic bacteria/probiotics,T2. Symbiotic bacteria and probiotics,Microbiome and symbiosis,0.0037152111544537037,3,0.002577837765818736
1987,2,Symbiotic bacteria and probiotics,Symbiotic bacteria/probiotics,T2. Symbiotic bacteria/probiotics,T2. Symbiotic bacteria and probiotics,Microbiome and symbiosis,0.004018302143002505,3,0.004842782718861323
1988,2,Symbiotic bacteria and probiotics,Symbiotic bacteria/probiotics,T2. Symbiotic bacteria/probiotics,T2. Symbiotic bacteria and probiotics,Microbiome and symbiosis,0.006794834859127763,1,0.004011647040404532
1989,2,Symbiotic bacteria and probiotics,Symbiotic bacteria/probiotics,T2. Symbiotic bacteria/probiotics,T2. Symbiotic bacteria and probiotics,Microbiome and symbiosis,0.0012218041190833284,1,0.002866139855069876
1990,2,Symbiotic bacteria and probiotics,Symbiotic bacteria/probiotics,T2. Symbiotic bacteria/probiotics,T2. Symbiotic bacteria and probiotics,Microbiome and symbiosis,5.817805869985373e-4,1,7.799851281362836e-4
1991,2,Symbiotic bacteria and probiotics,Symbiotic bacteria/probiotics,T2. Symbiotic bacteria/probiotics,T2. Symbiotic bacteria and probiotics,Microbiome and symbiosis,5.363706783269851e-4,4,0.0019874981902378588
1992,2,Symbiotic bacteria and probiotics,Symbiotic bacteria/probiotics,T2. Symbiotic bacteria/probiotics,T2. Symbiotic bacteria and probiotics,Microbiome and symbiosis,0.0048443433053880535,3,0.001793571327905013
1993,2,Symbiotic bacteria and probiotics,Symbiotic bacteria/probiotics,T2. Symbiotic bacteria/probiotics,T2. Symbiotic bacteria and probiotics,Microbiome and symbiosis,0,0,0.055562831478920084
1994,2,Symbiotic bacteria and probiotics,Symbiotic bacteria/probiotics,T2. Symbiotic bacteria/probiotics,T2. Symbiotic bacteria and probiotics,Microbiome and symbiosis,0.1618441511313722,2,0.054192273099677175
1995,2,Symbiotic bacteria and probiotics,Symbiotic bacteria/probiotics,T2. Symbiotic bacteria/probiotics,T2. Symbiotic bacteria and probiotics,Microbiome and symbiosis,7.326681676593176e-4,4,0.054192273099677175
1996,2,Symbiotic bacteria and probiotics,Symbiotic bacteria/probiotics,T2. Symbiotic bacteria/probiotics,T2. Symbiotic bacteria and probiotics,Microbiome and symbiosis,0,0,0.043242807391874964
1997,2,Symbiotic bacteria and probiotics,Symbiotic bacteria/probiotics,T2. Symbiotic bacteria/probiotics,T2. Symbiotic bacteria and probiotics,Microbiome and symbiosis,0.1289957540079656,2,0.043044564091963534
1998,2,Symbiotic bacteria and probiotics,Symbiotic bacteria/probiotics,T2. Symbiotic bacteria/probiotics,T2. Symbiotic bacteria and probiotics,Microbiome and symbiosis,1.3793826792501913e-4,2,0.04315520833851208
1999,2,Symbiotic bacteria and probiotics,Symbiotic bacteria/probiotics,T2. Symbiotic bacteria/probiotics,T2. Symbiotic bacteria and probiotics,Microbiome and symbiosis,3.319327396456295e-4,2,2.760989917087597e-4
2000,2,Symbiotic bacteria and probiotics,Symbiotic bacteria/probiotics,T2. Symbiotic bacteria/probiotics,T2. Symbiotic bacteria and probiotics,Microbiome and symbiosis,3.5842596755563056e-4,3,5.398194033800979e-4
2001,2,Symbiotic bacteria and probiotics,Symbiotic bacteria/probiotics,T2. Symbiotic bacteria/probiotics,T2. Symbiotic bacteria and probiotics,Microbiome and symbiosis,9.290995029390334e-4,3,6.414944182630582e-4
2002,2,Symbiotic bacteria and probiotics,Symbiotic bacteria/probiotics,T2. Symbiotic bacteria/probiotics,T2. Symbiotic bacteria and probiotics,Microbiome and symbiosis,6.36957784294511e-4,3,0.09642646468300323
2003,2,Symbiotic bacteria and probiotics,Symbiotic bacteria/probiotics,T2. Symbiotic bacteria/probiotics,T2. Symbiotic bacteria and probiotics,Microbiome and symbiosis,0.2877133367617762,3,0.0962653424163056
2004,2,Symbiotic bacteria and probiotics,Symbiotic bacteria/probiotics,T2. Symbiotic bacteria/probiotics,T2. Symbiotic bacteria and probiotics,Microbiome and symbiosis,4.4573270284611866e-4,6,0.09614477624018342
2005,2,Symbiotic bacteria and probiotics,Symbiotic bacteria/probiotics,T2. Symbiotic bacteria/probiotics,T2. Symbiotic bacteria and probiotics,Microbiome and symbiosis,2.752592559279822e-4,7,4.326419547612455e-4
2006,2,Symbiotic bacteria and probiotics,Symbiotic bacteria/probiotics,T2. Symbiotic bacteria/probiotics,T2. Symbiotic bacteria and probiotics,Microbiome and symbiosis,5.769339055096357e-4,9,3.4267434648750563e-4
2007,2,Symbiotic bacteria and probiotics,Symbiotic bacteria/probiotics,T2. Symbiotic bacteria/probiotics,T2. Symbiotic bacteria and probiotics,Microbiome and symbiosis,1.758298780248991e-4,8,3.5553841054337135e-4
2008,2,Symbiotic bacteria and probiotics,Symbiotic bacteria/probiotics,T2. Symbiotic bacteria/probiotics,T2. Symbiotic bacteria and probiotics,Microbiome and symbiosis,3.138514480955793e-4,9,1.922432375333743e-4
2009,2,Symbiotic bacteria and probiotics,Symbiotic bacteria/probiotics,T2. Symbiotic bacteria/probiotics,T2. Symbiotic bacteria and probiotics,Microbiome and symbiosis,8.704838647964452e-5,15,1.7625712566881607e-4
2010,2,Symbiotic bacteria and probiotics,Symbiotic bacteria/probiotics,T2. Symbiotic bacteria/probiotics,T2. Symbiotic bacteria and probiotics,Microbiome and symbiosis,1.278715424312244e-4,17,1.5955514520028417e-4
2011,2,Symbiotic bacteria and probiotics,Symbiotic bacteria/probiotics,T2. Symbiotic bacteria/probiotics,T2. Symbiotic bacteria and probiotics,Microbiome and symbiosis,2.6374550668998355e-4,11,3.126906308042095e-4
2012,2,Symbiotic bacteria and probiotics,Symbiotic bacteria/probiotics,T2. Symbiotic bacteria/probiotics,T2. Symbiotic bacteria and probiotics,Microbiome and symbiosis,5.464548432914207e-4,13,0.011582843861593847
2013,2,Symbiotic bacteria and probiotics,Symbiotic bacteria/probiotics,T2. Symbiotic bacteria/probiotics,T2. Symbiotic bacteria and probiotics,Microbiome and symbiosis,0.03393833123480014,15,0.017096077542253823
2014,2,Symbiotic bacteria and probiotics,Symbiotic bacteria/probiotics,T2. Symbiotic bacteria/probiotics,T2. Symbiotic bacteria and probiotics,Microbiome and symbiosis,0.01680344654866991,16,0.017392310275665294
2015,2,Symbiotic bacteria and probiotics,Symbiotic bacteria/probiotics,T2. Symbiotic bacteria/probiotics,T2. Symbiotic bacteria and probiotics,Microbiome and symbiosis,0.0014351530435258385,5,0.0335522565707334
2016,2,Symbiotic bacteria and probiotics,Symbiotic bacteria/probiotics,T2. Symbiotic bacteria/probiotics,T2. Symbiotic bacteria and probiotics,Microbiome and symbiosis,0.08241817012000446,10,0.02849325837658388
2017,2,Symbiotic bacteria and probiotics,Symbiotic bacteria/probiotics,T2. Symbiotic bacteria/probiotics,T2. Symbiotic bacteria and probiotics,Microbiome and symbiosis,0.0016264519662213428,12,0.0734671476942406
2018,2,Symbiotic bacteria and probiotics,Symbiotic bacteria/probiotics,T2. Symbiotic bacteria/probiotics,T2. Symbiotic bacteria and probiotics,Microbiome and symbiosis,0.13635682099649601,16,0.08877982993376504
2019,2,Symbiotic bacteria and probiotics,Symbiotic bacteria/probiotics,T2. Symbiotic bacteria/probiotics,T2. Symbiotic bacteria and probiotics,Microbiome and symbiosis,0.1283562168385778,16,0.13762086339388688
2020,2,Symbiotic bacteria and probiotics,Symbiotic bacteria/probiotics,T2. Symbiotic bacteria/probiotics,T2. Symbiotic bacteria and probiotics,Microbiome and symbiosis,0.14814955234658683,16,0.10590611224119839
2021,2,Symbiotic bacteria and probiotics,Symbiotic bacteria/probiotics,T2. Symbiotic bacteria/probiotics,T2. Symbiotic bacteria and probiotics,Microbiome and symbiosis,0.041212567538430576,26,0.13682086783551994
2022,2,Symbiotic bacteria and probiotics,Symbiotic bacteria/probiotics,T2. Symbiotic bacteria/probiotics,T2. Symbiotic bacteria and probiotics,Microbiome and symbiosis,0.22110048362154247,23,0.13861406493712372
2023,2,Symbiotic bacteria and probiotics,Symbiotic bacteria/probiotics,T2. Symbiotic bacteria/probiotics,T2. Symbiotic bacteria and probiotics,Microbiome and symbiosis,0.15352914365139816,31,0.16970052085388188
2024,2,Symbiotic bacteria and probiotics,Symbiotic bacteria/probiotics,T2. Symbiotic bacteria/probiotics,T2. Symbiotic bacteria and probiotics,Microbiome and symbiosis,0.13447193528870502,21,0.13474358825047575
2025,2,Symbiotic bacteria and probiotics,Symbiotic bacteria/probiotics,T2. Symbiotic bacteria/probiotics,T2. Symbiotic bacteria and probiotics,Microbiome and symbiosis,0.11622968581132406,39,0.1267732072819946
2026,2,Symbiotic bacteria and probiotics,Symbiotic bacteria/probiotics,T2. Symbiotic bacteria/probiotics,T2. Symbiotic bacteria and probiotics,Microbiome and symbiosis,0.12961800074595473,11,0.12961800074595473
1950,3,"Viral pathogens, floral resources and metabarcoding",Pathogens/metabarcoding,T3. Pathogens/metabarcoding,"T3. Viral pathogens, floral resources and metabarcoding",Disease ecology and environmental DNA,0.0026778973523856418,2,0.0026778973523856418
1951,3,"Viral pathogens, floral resources and metabarcoding",Pathogens/metabarcoding,T3. Pathogens/metabarcoding,"T3. Viral pathogens, floral resources and metabarcoding",Disease ecology and environmental DNA,0,0,8.926324507952138e-4
1952,3,"Viral pathogens, floral resources and metabarcoding",Pathogens/metabarcoding,T3. Pathogens/metabarcoding,"T3. Viral pathogens, floral resources and metabarcoding",Disease ecology and environmental DNA,0,0,0
1953,3,"Viral pathogens, floral resources and metabarcoding",Pathogens/metabarcoding,T3. Pathogens/metabarcoding,"T3. Viral pathogens, floral resources and metabarcoding",Disease ecology and environmental DNA,0,0,0
1954,3,"Viral pathogens, floral resources and metabarcoding",Pathogens/metabarcoding,T3. Pathogens/metabarcoding,"T3. Viral pathogens, floral resources and metabarcoding",Disease ecology and environmental DNA,0,0,0
1955,3,"Viral pathogens, floral resources and metabarcoding",Pathogens/metabarcoding,T3. Pathogens/metabarcoding,"T3. Viral pathogens, floral resources and metabarcoding",Disease ecology and environmental DNA,0,0,0
1956,3,"Viral pathogens, floral resources and metabarcoding",Pathogens/metabarcoding,T3. Pathogens/metabarcoding,"T3. Viral pathogens, floral resources and metabarcoding",Disease ecology and environmental DNA,0,0,0
1957,3,"Viral pathogens, floral resources and metabarcoding",Pathogens/metabarcoding,T3. Pathogens/metabarcoding,"T3. Viral pathogens, floral resources and metabarcoding",Disease ecology and environmental DNA,0,0,0
1958,3,"Viral pathogens, floral resources and metabarcoding",Pathogens/metabarcoding,T3. Pathogens/metabarcoding,"T3. Viral pathogens, floral resources and metabarcoding",Disease ecology and environmental DNA,0,0,0
1959,3,"Viral pathogens, floral resources and metabarcoding",Pathogens/metabarcoding,T3. Pathogens/metabarcoding,"T3. Viral pathogens, floral resources and metabarcoding",Disease ecology and environmental DNA,0,0,0
1960,3,"Viral pathogens, floral resources and metabarcoding",Pathogens/metabarcoding,T3. Pathogens/metabarcoding,"T3. Viral pathogens, floral resources and metabarcoding",Disease ecology and environmental DNA,0,0,0
1961,3,"Viral pathogens, floral resources and metabarcoding",Pathogens/metabarcoding,T3. Pathogens/metabarcoding,"T3. Viral pathogens, floral resources and metabarcoding",Disease ecology and environmental DNA,0,0,0
1962,3,"Viral pathogens, floral resources and metabarcoding",Pathogens/metabarcoding,T3. Pathogens/metabarcoding,"T3. Viral pathogens, floral resources and metabarcoding",Disease ecology and environmental DNA,0,0,0
1963,3,"Viral pathogens, floral resources and metabarcoding",Pathogens/metabarcoding,T3. Pathogens/metabarcoding,"T3. Viral pathogens, floral resources and metabarcoding",Disease ecology and environmental DNA,0,0,0
1964,3,"Viral pathogens, floral resources and metabarcoding",Pathogens/metabarcoding,T3. Pathogens/metabarcoding,"T3. Viral pathogens, floral resources and metabarcoding",Disease ecology and environmental DNA,0,0,0
1965,3,"Viral pathogens, floral resources and metabarcoding",Pathogens/metabarcoding,T3. Pathogens/metabarcoding,"T3. Viral pathogens, floral resources and metabarcoding",Disease ecology and environmental DNA,0,0,0.0011534604255394713
1966,3,"Viral pathogens, floral resources and metabarcoding",Pathogens/metabarcoding,T3. Pathogens/metabarcoding,"T3. Viral pathogens, floral resources and metabarcoding",Disease ecology and environmental DNA,0.003460381276618414,1,0.0011534604255394713
1967,3,"Viral pathogens, floral resources and metabarcoding",Pathogens/metabarcoding,T3. Pathogens/metabarcoding,"T3. Viral pathogens, floral resources and metabarcoding",Disease ecology and environmental DNA,0,0,0.0011534604255394713
1968,3,"Viral pathogens, floral resources and metabarcoding",Pathogens/metabarcoding,T3. Pathogens/metabarcoding,"T3. Viral pathogens, floral resources and metabarcoding",Disease ecology and environmental DNA,0,0,0.0038885021747787096
1969,3,"Viral pathogens, floral resources and metabarcoding",Pathogens/metabarcoding,T3. Pathogens/metabarcoding,"T3. Viral pathogens, floral resources and metabarcoding",Disease ecology and environmental DNA,0.01166550652433613,3,0.013744577172165734
1970,3,"Viral pathogens, floral resources and metabarcoding",Pathogens/metabarcoding,T3. Pathogens/metabarcoding,"T3. Viral pathogens, floral resources and metabarcoding",Disease ecology and environmental DNA,0.029568224992161076,1,0.013744577172165734
1971,3,"Viral pathogens, floral resources and metabarcoding",Pathogens/metabarcoding,T3. Pathogens/metabarcoding,"T3. Viral pathogens, floral resources and metabarcoding",Disease ecology and environmental DNA,0,0,0.027821965068676346
1972,3,"Viral pathogens, floral resources and metabarcoding",Pathogens/metabarcoding,T3. Pathogens/metabarcoding,"T3. Viral pathogens, floral resources and metabarcoding",Disease ecology and environmental DNA,0.05389767021386796,2,0.01796589007128932
1973,3,"Viral pathogens, floral resources and metabarcoding",Pathogens/metabarcoding,T3. Pathogens/metabarcoding,"T3. Viral pathogens, floral resources and metabarcoding",Disease ecology and environmental DNA,0,0,0.019183893160664153
1974,3,"Viral pathogens, floral resources and metabarcoding",Pathogens/metabarcoding,T3. Pathogens/metabarcoding,"T3. Viral pathogens, floral resources and metabarcoding",Disease ecology and environmental DNA,0.003654009268124499,1,0.05350388154441359
1975,3,"Viral pathogens, floral resources and metabarcoding",Pathogens/metabarcoding,T3. Pathogens/metabarcoding,"T3. Viral pathogens, floral resources and metabarcoding",Disease ecology and environmental DNA,0.15685763536511627,2,0.07924312918522176
1976,3,"Viral pathogens, floral resources and metabarcoding",Pathogens/metabarcoding,T3. Pathogens/metabarcoding,"T3. Viral pathogens, floral resources and metabarcoding",Disease ecology and environmental DNA,0.07721774292242453,1,0.07802512609584693
1977,3,"Viral pathogens, floral resources and metabarcoding",Pathogens/metabarcoding,T3. Pathogens/metabarcoding,"T3. Viral pathogens, floral resources and metabarcoding",Disease ecology and environmental DNA,0,0,0.025739247640808177
1978,3,"Viral pathogens, floral resources and metabarcoding",Pathogens/metabarcoding,T3. Pathogens/metabarcoding,"T3. Viral pathogens, floral resources and metabarcoding",Disease ecology and environmental DNA,0,0,0.022603811534971978
1979,3,"Viral pathogens, floral resources and metabarcoding",Pathogens/metabarcoding,T3. Pathogens/metabarcoding,"T3. Viral pathogens, floral resources and metabarcoding",Disease ecology and environmental DNA,0.06781143460491594,2,0.022603811534971978
1980,3,"Viral pathogens, floral resources and metabarcoding",Pathogens/metabarcoding,T3. Pathogens/metabarcoding,"T3. Viral pathogens, floral resources and metabarcoding",Disease ecology and environmental DNA,0,0,0.022603811534971978
1981,3,"Viral pathogens, floral resources and metabarcoding",Pathogens/metabarcoding,T3. Pathogens/metabarcoding,"T3. Viral pathogens, floral resources and metabarcoding",Disease ecology and environmental DNA,0,0,0
1982,3,"Viral pathogens, floral resources and metabarcoding",Pathogens/metabarcoding,T3. Pathogens/metabarcoding,"T3. Viral pathogens, floral resources and metabarcoding",Disease ecology and environmental DNA,0,0,0.027829336841885273
1983,3,"Viral pathogens, floral resources and metabarcoding",Pathogens/metabarcoding,T3. Pathogens/metabarcoding,"T3. Viral pathogens, floral resources and metabarcoding",Disease ecology and environmental DNA,0.08348801052565583,2,0.02911357547401031
1984,3,"Viral pathogens, floral resources and metabarcoding",Pathogens/metabarcoding,T3. Pathogens/metabarcoding,"T3. Viral pathogens, floral resources and metabarcoding",Disease ecology and environmental DNA,0.003852715896375103,1,0.02911357547401031
1985,3,"Viral pathogens, floral resources and metabarcoding",Pathogens/metabarcoding,T3. Pathogens/metabarcoding,"T3. Viral pathogens, floral resources and metabarcoding",Disease ecology and environmental DNA,0,0,0.10777459216497273
1986,3,"Viral pathogens, floral resources and metabarcoding",Pathogens/metabarcoding,T3. Pathogens/metabarcoding,"T3. Viral pathogens, floral resources and metabarcoding",Disease ecology and environmental DNA,0.3194710605985431,3,0.16628229500478486
1987,3,"Viral pathogens, floral resources and metabarcoding",Pathogens/metabarcoding,T3. Pathogens/metabarcoding,"T3. Viral pathogens, floral resources and metabarcoding",Disease ecology and environmental DNA,0.17937582441581154,3,0.17240271610505767
1988,3,"Viral pathogens, floral resources and metabarcoding",Pathogens/metabarcoding,T3. Pathogens/metabarcoding,"T3. Viral pathogens, floral resources and metabarcoding",Disease ecology and environmental DNA,0.018361263300818415,1,0.06682006889501577
1989,3,"Viral pathogens, floral resources and metabarcoding",Pathogens/metabarcoding,T3. Pathogens/metabarcoding,"T3. Viral pathogens, floral resources and metabarcoding",Disease ecology and environmental DNA,0.0027231189684173737,1,0.007334415824989827
1990,3,"Viral pathogens, floral resources and metabarcoding",Pathogens/metabarcoding,T3. Pathogens/metabarcoding,"T3. Viral pathogens, floral resources and metabarcoding",Disease ecology and environmental DNA,9.188652057336926e-4,1,0.0015282393050881891
1991,3,"Viral pathogens, floral resources and metabarcoding",Pathogens/metabarcoding,T3. Pathogens/metabarcoding,"T3. Viral pathogens, floral resources and metabarcoding",Disease ecology and environmental DNA,9.427337411135014e-4,4,0.004080143433711865
1992,3,"Viral pathogens, floral resources and metabarcoding",Pathogens/metabarcoding,T3. Pathogens/metabarcoding,"T3. Viral pathogens, floral resources and metabarcoding",Disease ecology and environmental DNA,0.010378831354288402,3,0.003773855031800634
1993,3,"Viral pathogens, floral resources and metabarcoding",Pathogens/metabarcoding,T3. Pathogens/metabarcoding,"T3. Viral pathogens, floral resources and metabarcoding",Disease ecology and environmental DNA,0,0,0.007195675487101695
1994,3,"Viral pathogens, floral resources and metabarcoding",Pathogens/metabarcoding,T3. Pathogens/metabarcoding,"T3. Viral pathogens, floral resources and metabarcoding",Disease ecology and environmental DNA,0.011208195107016684,2,0.11964592529303779
1995,3,"Viral pathogens, floral resources and metabarcoding",Pathogens/metabarcoding,T3. Pathogens/metabarcoding,"T3. Viral pathogens, floral resources and metabarcoding",Disease ecology and environmental DNA,0.3477295807720967,4,0.11964592529303779
1996,3,"Viral pathogens, floral resources and metabarcoding",Pathogens/metabarcoding,T3. Pathogens/metabarcoding,"T3. Viral pathogens, floral resources and metabarcoding",Disease ecology and environmental DNA,0,0,0.1435053006408713
1997,3,"Viral pathogens, floral resources and metabarcoding",Pathogens/metabarcoding,T3. Pathogens/metabarcoding,"T3. Viral pathogens, floral resources and metabarcoding",Disease ecology and environmental DNA,0.08278632115051726,2,0.029495219250098646
1998,3,"Viral pathogens, floral resources and metabarcoding",Pathogens/metabarcoding,T3. Pathogens/metabarcoding,"T3. Viral pathogens, floral resources and metabarcoding",Disease ecology and environmental DNA,0.005699336599778677,2,0.031930838151202685
1999,3,"Viral pathogens, floral resources and metabarcoding",Pathogens/metabarcoding,T3. Pathogens/metabarcoding,"T3. Viral pathogens, floral resources and metabarcoding",Disease ecology and environmental DNA,0.0073068567033121225,2,0.00510489321239883
2000,3,"Viral pathogens, floral resources and metabarcoding",Pathogens/metabarcoding,T3. Pathogens/metabarcoding,"T3. Viral pathogens, floral resources and metabarcoding",Disease ecology and environmental DNA,0.002308486334105693,3,0.014842791107464035
2001,3,"Viral pathogens, floral resources and metabarcoding",Pathogens/metabarcoding,T3. Pathogens/metabarcoding,"T3. Viral pathogens, floral resources and metabarcoding",Disease ecology and environmental DNA,0.03491303028497429,3,0.013267043300772436
2002,3,"Viral pathogens, floral resources and metabarcoding",Pathogens/metabarcoding,T3. Pathogens/metabarcoding,"T3. Viral pathogens, floral resources and metabarcoding",Disease ecology and environmental DNA,0.002579613283237325,3,0.013105202590000907
2003,3,"Viral pathogens, floral resources and metabarcoding",Pathogens/metabarcoding,T3. Pathogens/metabarcoding,"T3. Viral pathogens, floral resources and metabarcoding",Disease ecology and environmental DNA,0.001822964201791108,3,0.009105172042140808
2004,3,"Viral pathogens, floral resources and metabarcoding",Pathogens/metabarcoding,T3. Pathogens/metabarcoding,"T3. Viral pathogens, floral resources and metabarcoding",Disease ecology and environmental DNA,0.022912938641393994,6,0.008488237611487263
2005,3,"Viral pathogens, floral resources and metabarcoding",Pathogens/metabarcoding,T3. Pathogens/metabarcoding,"T3. Viral pathogens, floral resources and metabarcoding",Disease ecology and environmental DNA,7.288099912766867e-4,7,0.009246556180267502
2006,3,"Viral pathogens, floral resources and metabarcoding",Pathogens/metabarcoding,T3. Pathogens/metabarcoding,"T3. Viral pathogens, floral resources and metabarcoding",Disease ecology and environmental DNA,0.004097919908131826,9,0.0020707955725664073
2007,3,"Viral pathogens, floral resources and metabarcoding",Pathogens/metabarcoding,T3. Pathogens/metabarcoding,"T3. Viral pathogens, floral resources and metabarcoding",Disease ecology and environmental DNA,0.0013856568182907091,8,0.0021632838082706793
2008,3,"Viral pathogens, floral resources and metabarcoding",Pathogens/metabarcoding,T3. Pathogens/metabarcoding,"T3. Viral pathogens, floral resources and metabarcoding",Disease ecology and environmental DNA,0.0010062746983895028,9,0.002630845924794187
2009,3,"Viral pathogens, floral resources and metabarcoding",Pathogens/metabarcoding,T3. Pathogens/metabarcoding,"T3. Viral pathogens, floral resources and metabarcoding",Disease ecology and environmental DNA,0.00550060625770235,15,0.0036047154765155116
2010,3,"Viral pathogens, floral resources and metabarcoding",Pathogens/metabarcoding,T3. Pathogens/metabarcoding,"T3. Viral pathogens, floral resources and metabarcoding",Disease ecology and environmental DNA,0.004307265473454683,17,0.004790987542689822
2011,3,"Viral pathogens, floral resources and metabarcoding",Pathogens/metabarcoding,T3. Pathogens/metabarcoding,"T3. Viral pathogens, floral resources and metabarcoding",Disease ecology and environmental DNA,0.004565090896912434,11,0.015079924064307094
2012,3,"Viral pathogens, floral resources and metabarcoding",Pathogens/metabarcoding,T3. Pathogens/metabarcoding,"T3. Viral pathogens, floral resources and metabarcoding",Disease ecology and environmental DNA,0.03636741582255417,13,0.01924934726885173
2013,3,"Viral pathogens, floral resources and metabarcoding",Pathogens/metabarcoding,T3. Pathogens/metabarcoding,"T3. Viral pathogens, floral resources and metabarcoding",Disease ecology and environmental DNA,0.016815535087088582,15,0.021074497783298354
2014,3,"Viral pathogens, floral resources and metabarcoding",Pathogens/metabarcoding,T3. Pathogens/metabarcoding,"T3. Viral pathogens, floral resources and metabarcoding",Disease ecology and environmental DNA,0.01004054244025231,16,0.07573028936514432
2015,3,"Viral pathogens, floral resources and metabarcoding",Pathogens/metabarcoding,T3. Pathogens/metabarcoding,"T3. Viral pathogens, floral resources and metabarcoding",Disease ecology and environmental DNA,0.2003347905680921,5,0.07602314052257776
2016,3,"Viral pathogens, floral resources and metabarcoding",Pathogens/metabarcoding,T3. Pathogens/metabarcoding,"T3. Viral pathogens, floral resources and metabarcoding",Disease ecology and environmental DNA,0.017694088559388876,10,0.0910972894730716
2017,3,"Viral pathogens, floral resources and metabarcoding",Pathogens/metabarcoding,T3. Pathogens/metabarcoding,"T3. Viral pathogens, floral resources and metabarcoding",Disease ecology and environmental DNA,0.05526298929173381,12,0.03951263620608757
2018,3,"Viral pathogens, floral resources and metabarcoding",Pathogens/metabarcoding,T3. Pathogens/metabarcoding,"T3. Viral pathogens, floral resources and metabarcoding",Disease ecology and environmental DNA,0.04558083076714004,16,0.07626096688578879
2019,3,"Viral pathogens, floral resources and metabarcoding",Pathogens/metabarcoding,T3. Pathogens/metabarcoding,"T3. Viral pathogens, floral resources and metabarcoding",Disease ecology and environmental DNA,0.12793908059849252,16,0.08613106144845917
2020,3,"Viral pathogens, floral resources and metabarcoding",Pathogens/metabarcoding,T3. Pathogens/metabarcoding,"T3. Viral pathogens, floral resources and metabarcoding",Disease ecology and environmental DNA,0.08487327297974497,16,0.10522053885206513
2021,3,"Viral pathogens, floral resources and metabarcoding",Pathogens/metabarcoding,T3. Pathogens/metabarcoding,"T3. Viral pathogens, floral resources and metabarcoding",Disease ecology and environmental DNA,0.10284926297795793,26,0.08303329212968064
2022,3,"Viral pathogens, floral resources and metabarcoding",Pathogens/metabarcoding,T3. Pathogens/metabarcoding,"T3. Viral pathogens, floral resources and metabarcoding",Disease ecology and environmental DNA,0.06137734043133903,23,0.10951578044779474
2023,3,"Viral pathogens, floral resources and metabarcoding",Pathogens/metabarcoding,T3. Pathogens/metabarcoding,"T3. Viral pathogens, floral resources and metabarcoding",Disease ecology and environmental DNA,0.16432073793408727,31,0.15153719309754946
2024,3,"Viral pathogens, floral resources and metabarcoding",Pathogens/metabarcoding,T3. Pathogens/metabarcoding,"T3. Viral pathogens, floral resources and metabarcoding",Disease ecology and environmental DNA,0.22891350092722204,21,0.1609326920428238
2025,3,"Viral pathogens, floral resources and metabarcoding",Pathogens/metabarcoding,T3. Pathogens/metabarcoding,"T3. Viral pathogens, floral resources and metabarcoding",Disease ecology and environmental DNA,0.08956383726716208,39,0.13381631400284247
2026,3,"Viral pathogens, floral resources and metabarcoding",Pathogens/metabarcoding,T3. Pathogens/metabarcoding,"T3. Viral pathogens, floral resources and metabarcoding",Disease ecology and environmental DNA,0.08297160381414329,11,0.08297160381414329
1950,4,Mitogenomics and mitochondrial genome evolution,Mitogenomics,T4. Mitogenomics,T4. Mitogenomics and mitochondrial genome evolution,Genome architecture and comparative genomics,0.0028194454011752396,2,0.0028194454011752396
1951,4,Mitogenomics and mitochondrial genome evolution,Mitogenomics,T4. Mitogenomics,T4. Mitogenomics and mitochondrial genome evolution,Genome architecture and comparative genomics,0,0,9.398151337250798e-4
1952,4,Mitogenomics and mitochondrial genome evolution,Mitogenomics,T4. Mitogenomics,T4. Mitogenomics and mitochondrial genome evolution,Genome architecture and comparative genomics,0,0,0
1953,4,Mitogenomics and mitochondrial genome evolution,Mitogenomics,T4. Mitogenomics,T4. Mitogenomics and mitochondrial genome evolution,Genome architecture and comparative genomics,0,0,0
1954,4,Mitogenomics and mitochondrial genome evolution,Mitogenomics,T4. Mitogenomics,T4. Mitogenomics and mitochondrial genome evolution,Genome architecture and comparative genomics,0,0,0
1955,4,Mitogenomics and mitochondrial genome evolution,Mitogenomics,T4. Mitogenomics,T4. Mitogenomics and mitochondrial genome evolution,Genome architecture and comparative genomics,0,0,0
1956,4,Mitogenomics and mitochondrial genome evolution,Mitogenomics,T4. Mitogenomics,T4. Mitogenomics and mitochondrial genome evolution,Genome architecture and comparative genomics,0,0,0
1957,4,Mitogenomics and mitochondrial genome evolution,Mitogenomics,T4. Mitogenomics,T4. Mitogenomics and mitochondrial genome evolution,Genome architecture and comparative genomics,0,0,0
1958,4,Mitogenomics and mitochondrial genome evolution,Mitogenomics,T4. Mitogenomics,T4. Mitogenomics and mitochondrial genome evolution,Genome architecture and comparative genomics,0,0,0
1959,4,Mitogenomics and mitochondrial genome evolution,Mitogenomics,T4. Mitogenomics,T4. Mitogenomics and mitochondrial genome evolution,Genome architecture and comparative genomics,0,0,0
1960,4,Mitogenomics and mitochondrial genome evolution,Mitogenomics,T4. Mitogenomics,T4. Mitogenomics and mitochondrial genome evolution,Genome architecture and comparative genomics,0,0,0
1961,4,Mitogenomics and mitochondrial genome evolution,Mitogenomics,T4. Mitogenomics,T4. Mitogenomics and mitochondrial genome evolution,Genome architecture and comparative genomics,0,0,0
1962,4,Mitogenomics and mitochondrial genome evolution,Mitogenomics,T4. Mitogenomics,T4. Mitogenomics and mitochondrial genome evolution,Genome architecture and comparative genomics,0,0,0
1963,4,Mitogenomics and mitochondrial genome evolution,Mitogenomics,T4. Mitogenomics,T4. Mitogenomics and mitochondrial genome evolution,Genome architecture and comparative genomics,0,0,0
1964,4,Mitogenomics and mitochondrial genome evolution,Mitogenomics,T4. Mitogenomics,T4. Mitogenomics and mitochondrial genome evolution,Genome architecture and comparative genomics,0,0,0
1965,4,Mitogenomics and mitochondrial genome evolution,Mitogenomics,T4. Mitogenomics,T4. Mitogenomics and mitochondrial genome evolution,Genome architecture and comparative genomics,0,0,5.285282844678477e-4
1966,4,Mitogenomics and mitochondrial genome evolution,Mitogenomics,T4. Mitogenomics,T4. Mitogenomics and mitochondrial genome evolution,Genome architecture and comparative genomics,0.0015855848534035433,1,5.285282844678477e-4
1967,4,Mitogenomics and mitochondrial genome evolution,Mitogenomics,T4. Mitogenomics,T4. Mitogenomics and mitochondrial genome evolution,Genome architecture and comparative genomics,0,0,5.285282844678477e-4
1968,4,Mitogenomics and mitochondrial genome evolution,Mitogenomics,T4. Mitogenomics,T4. Mitogenomics and mitochondrial genome evolution,Genome architecture and comparative genomics,0,0,2.2602127842253006e-4
1969,4,Mitogenomics and mitochondrial genome evolution,Mitogenomics,T4. Mitogenomics,T4. Mitogenomics and mitochondrial genome evolution,Genome architecture and comparative genomics,6.780638352675902e-4,3,0.0015901789163106116
1970,4,Mitogenomics and mitochondrial genome evolution,Mitogenomics,T4. Mitogenomics,T4. Mitogenomics and mitochondrial genome evolution,Genome architecture and comparative genomics,0.004092472913664245,1,0.0015901789163106116
1971,4,Mitogenomics and mitochondrial genome evolution,Mitogenomics,T4. Mitogenomics,T4. Mitogenomics and mitochondrial genome evolution,Genome architecture and comparative genomics,0,0,0.0021483652849748586
1972,4,Mitogenomics and mitochondrial genome evolution,Mitogenomics,T4. Mitogenomics,T4. Mitogenomics and mitochondrial genome evolution,Genome architecture and comparative genomics,0.002352622941260331,2,7.842076470867769e-4
1973,4,Mitogenomics and mitochondrial genome evolution,Mitogenomics,T4. Mitogenomics,T4. Mitogenomics and mitochondrial genome evolution,Genome architecture and comparative genomics,0,0,9.230021805174551e-4
1974,4,Mitogenomics and mitochondrial genome evolution,Mitogenomics,T4. Mitogenomics,T4. Mitogenomics and mitochondrial genome evolution,Genome architecture and comparative genomics,4.163836002920345e-4,1,7.47625787362308e-4
1975,4,Mitogenomics and mitochondrial genome evolution,Mitogenomics,T4. Mitogenomics,T4. Mitogenomics and mitochondrial genome evolution,Genome architecture and comparative genomics,0.0018264937617948898,2,9.319410571624058e-4
1976,4,Mitogenomics and mitochondrial genome evolution,Mitogenomics,T4. Mitogenomics,T4. Mitogenomics and mitochondrial genome evolution,Genome architecture and comparative genomics,5.529458094002933e-4,1,7.931465237317277e-4
1977,4,Mitogenomics and mitochondrial genome evolution,Mitogenomics,T4. Mitogenomics,T4. Mitogenomics and mitochondrial genome evolution,Genome architecture and comparative genomics,0,0,1.8431526980009776e-4
1978,4,Mitogenomics and mitochondrial genome evolution,Mitogenomics,T4. Mitogenomics,T4. Mitogenomics and mitochondrial genome evolution,Genome architecture and comparative genomics,0,0,0.0011299085986861829
1979,4,Mitogenomics and mitochondrial genome evolution,Mitogenomics,T4. Mitogenomics,T4. Mitogenomics and mitochondrial genome evolution,Genome architecture and comparative genomics,0.0033897257960585486,2,0.0011299085986861829
1980,4,Mitogenomics and mitochondrial genome evolution,Mitogenomics,T4. Mitogenomics,T4. Mitogenomics and mitochondrial genome evolution,Genome architecture and comparative genomics,0,0,0.0011299085986861829
1981,4,Mitogenomics and mitochondrial genome evolution,Mitogenomics,T4. Mitogenomics,T4. Mitogenomics and mitochondrial genome evolution,Genome architecture and comparative genomics,0,0,0
1982,4,Mitogenomics and mitochondrial genome evolution,Mitogenomics,T4. Mitogenomics,T4. Mitogenomics and mitochondrial genome evolution,Genome architecture and comparative genomics,0,0,0.0029564879945510433
1983,4,Mitogenomics and mitochondrial genome evolution,Mitogenomics,T4. Mitogenomics,T4. Mitogenomics and mitochondrial genome evolution,Genome architecture and comparative genomics,0.00886946398365313,2,0.0029731752101196498
1984,4,Mitogenomics and mitochondrial genome evolution,Mitogenomics,T4. Mitogenomics,T4. Mitogenomics and mitochondrial genome evolution,Genome architecture and comparative genomics,5.0061646705819823e-5,1,0.0029731752101196498
1985,4,Mitogenomics and mitochondrial genome evolution,Mitogenomics,T4. Mitogenomics,T4. Mitogenomics and mitochondrial genome evolution,Genome architecture and comparative genomics,0,0,7.757302805452128e-5
1986,4,Mitogenomics and mitochondrial genome evolution,Mitogenomics,T4. Mitogenomics,T4. Mitogenomics and mitochondrial genome evolution,Genome architecture and comparative genomics,1.8265743745774404e-4,3,2.2538872824693008e-4
1987,4,Mitogenomics and mitochondrial genome evolution,Mitogenomics,T4. Mitogenomics,T4. Mitogenomics and mitochondrial genome evolution,Genome architecture and comparative genomics,4.935087472830462e-4,3,0.001136022139219763
1988,4,Mitogenomics and mitochondrial genome evolution,Mitogenomics,T4. Mitogenomics,T4. Mitogenomics and mitochondrial genome evolution,Genome architecture and comparative genomics,0.0027319002329184994,1,0.0010965614468354508
1989,4,Mitogenomics and mitochondrial genome evolution,Mitogenomics,T4. Mitogenomics,T4. Mitogenomics and mitochondrial genome evolution,Genome architecture and comparative genomics,6.427536030480727e-5,1,9.3787065135301e-4
1990,4,Mitogenomics and mitochondrial genome evolution,Mitogenomics,T4. Mitogenomics,T4. Mitogenomics and mitochondrial genome evolution,Genome architecture and comparative genomics,1.7436360835723514e-5,1,3.4113973608039726e-5
1991,4,Mitogenomics and mitochondrial genome evolution,Mitogenomics,T4. Mitogenomics,T4. Mitogenomics and mitochondrial genome evolution,Genome architecture and comparative genomics,2.0630199683588394e-5,4,0.021053754998130236
1992,4,Mitogenomics and mitochondrial genome evolution,Mitogenomics,T4. Mitogenomics,T4. Mitogenomics and mitochondrial genome evolution,Genome architecture and comparative genomics,0.06312319843387139,3,0.02104794287785166
1993,4,Mitogenomics and mitochondrial genome evolution,Mitogenomics,T4. Mitogenomics,T4. Mitogenomics and mitochondrial genome evolution,Genome architecture and comparative genomics,0,0,0.02297800288574144
1994,4,Mitogenomics and mitochondrial genome evolution,Mitogenomics,T4. Mitogenomics,T4. Mitogenomics and mitochondrial genome evolution,Genome architecture and comparative genomics,0.005810810223352936,2,0.0020049054954697377
1995,4,Mitogenomics and mitochondrial genome evolution,Mitogenomics,T4. Mitogenomics,T4. Mitogenomics and mitochondrial genome evolution,Genome architecture and comparative genomics,2.0390626305627753e-4,4,0.0020049054954697377
1996,4,Mitogenomics and mitochondrial genome evolution,Mitogenomics,T4. Mitogenomics,T4. Mitogenomics and mitochondrial genome evolution,Genome architecture and comparative genomics,0,0,0.002277065481768648
1997,4,Mitogenomics and mitochondrial genome evolution,Mitogenomics,T4. Mitogenomics,T4. Mitogenomics and mitochondrial genome evolution,Genome architecture and comparative genomics,0.006627290182249667,2,0.03833417371282627
1998,4,Mitogenomics and mitochondrial genome evolution,Mitogenomics,T4. Mitogenomics,T4. Mitogenomics and mitochondrial genome evolution,Genome architecture and comparative genomics,0.10837523095622914,2,0.06262777716321144
1999,4,Mitogenomics and mitochondrial genome evolution,Mitogenomics,T4. Mitogenomics,T4. Mitogenomics and mitochondrial genome evolution,Genome architecture and comparative genomics,0.07288081035115554,2,0.06055382566884372
2000,4,Mitogenomics and mitochondrial genome evolution,Mitogenomics,T4. Mitogenomics,T4. Mitogenomics and mitochondrial genome evolution,Genome architecture and comparative genomics,4.054356991464849e-4,3,0.03760797984837645
2001,4,Mitogenomics and mitochondrial genome evolution,Mitogenomics,T4. Mitogenomics,T4. Mitogenomics and mitochondrial genome evolution,Genome architecture and comparative genomics,0.039537693494827345,3,0.035556279174728755
2002,4,Mitogenomics and mitochondrial genome evolution,Mitogenomics,T4. Mitogenomics,T4. Mitogenomics and mitochondrial genome evolution,Genome architecture and comparative genomics,0.06672570833021245,3,0.03735372853876722
2003,4,Mitogenomics and mitochondrial genome evolution,Mitogenomics,T4. Mitogenomics,T4. Mitogenomics and mitochondrial genome evolution,Genome architecture and comparative genomics,0.005797783791261882,3,0.02931487877323608
2004,4,Mitogenomics and mitochondrial genome evolution,Mitogenomics,T4. Mitogenomics,T4. Mitogenomics and mitochondrial genome evolution,Genome architecture and comparative genomics,0.015421144198233908,6,0.013385341132097408
2005,4,Mitogenomics and mitochondrial genome evolution,Mitogenomics,T4. Mitogenomics,T4. Mitogenomics and mitochondrial genome evolution,Genome architecture and comparative genomics,0.018937095406796434,7,0.04894633237266379
2006,4,Mitogenomics and mitochondrial genome evolution,Mitogenomics,T4. Mitogenomics,T4. Mitogenomics and mitochondrial genome evolution,Genome architecture and comparative genomics,0.11248075751296104,9,0.04766095746884175
2007,4,Mitogenomics and mitochondrial genome evolution,Mitogenomics,T4. Mitogenomics,T4. Mitogenomics and mitochondrial genome evolution,Genome architecture and comparative genomics,0.011565019486767782,8,0.08070684649560408
2008,4,Mitogenomics and mitochondrial genome evolution,Mitogenomics,T4. Mitogenomics,T4. Mitogenomics and mitochondrial genome evolution,Genome architecture and comparative genomics,0.11807476248708344,9,0.0439946705375259
2009,4,Mitogenomics and mitochondrial genome evolution,Mitogenomics,T4. Mitogenomics,T4. Mitogenomics and mitochondrial genome evolution,Genome architecture and comparative genomics,0.0023442296387264946,15,0.04229533367976303
2010,4,Mitogenomics and mitochondrial genome evolution,Mitogenomics,T4. Mitogenomics,T4. Mitogenomics and mitochondrial genome evolution,Genome architecture and comparative genomics,0.006467008913479156,17,0.005865475724510322
2011,4,Mitogenomics and mitochondrial genome evolution,Mitogenomics,T4. Mitogenomics,T4. Mitogenomics and mitochondrial genome evolution,Genome architecture and comparative genomics,0.008785188621325317,11,0.011539515629661067
2012,4,Mitogenomics and mitochondrial genome evolution,Mitogenomics,T4. Mitogenomics,T4. Mitogenomics and mitochondrial genome evolution,Genome architecture and comparative genomics,0.01936634935417873,13,0.03162859334547602
2013,4,Mitogenomics and mitochondrial genome evolution,Mitogenomics,T4. Mitogenomics,T4. Mitogenomics and mitochondrial genome evolution,Genome architecture and comparative genomics,0.066734242060924015,15,0.05169127568600702
2014,4,Mitogenomics and mitochondrial genome evolution,Mitogenomics,T4. Mitogenomics,T4. Mitogenomics and mitochondrial genome evolution,Genome architecture and comparative genomics,0.06897323564291831,16,0.04554190126455428
2015,4,Mitogenomics and mitochondrial genome evolution,Mitogenomics,T4. Mitogenomics,T4. Mitogenomics and mitochondrial genome evolution,Genome architecture and comparative genomics,9.182260898205277e-4,5,0.07022541304525623
2016,4,Mitogenomics and mitochondrial genome evolution,Mitogenomics,T4. Mitogenomics,T4. Mitogenomics and mitochondrial genome evolution,Genome architecture and comparative genomics,0.14078477740302986,10,0.049227295341934124
2017,4,Mitogenomics and mitochondrial genome evolution,Mitogenomics,T4. Mitogenomics,T4. Mitogenomics and mitochondrial genome evolution,Genome architecture and comparative genomics,0.00597888253295199,12,0.050735615704572704
2018,4,Mitogenomics and mitochondrial genome evolution,Mitogenomics,T4. Mitogenomics,T4. Mitogenomics and mitochondrial genome evolution,Genome architecture and comparative genomics,0.005443187177736277,16,0.03587620725826239
2019,4,Mitogenomics and mitochondrial genome evolution,Mitogenomics,T4. Mitogenomics,T4. Mitogenomics and mitochondrial genome evolution,Genome architecture and comparative genomics,0.09620655206409891,16,0.08875941506597998
2020,4,Mitogenomics and mitochondrial genome evolution,Mitogenomics,T4. Mitogenomics,T4. Mitogenomics and mitochondrial genome evolution,Genome architecture and comparative genomics,0.16462850595610476,16,0.10863412508414295
2021,4,Mitogenomics and mitochondrial genome evolution,Mitogenomics,T4. Mitogenomics,T4. Mitogenomics and mitochondrial genome evolution,Genome architecture and comparative genomics,0.06506731723222521,26,0.09798659089138247
2022,4,Mitogenomics and mitochondrial genome evolution,Mitogenomics,T4. Mitogenomics,T4. Mitogenomics and mitochondrial genome evolution,Genome architecture and comparative genomics,0.06426394948581744,23,0.07728896616315592
2023,4,Mitogenomics and mitochondrial genome evolution,Mitogenomics,T4. Mitogenomics,T4. Mitogenomics and mitochondrial genome evolution,Genome architecture and comparative genomics,0.10253563177142513,31,0.10565681053880542
2024,4,Mitogenomics and mitochondrial genome evolution,Mitogenomics,T4. Mitogenomics,T4. Mitogenomics and mitochondrial genome evolution,Genome architecture and comparative genomics,0.15017085035917366,21,0.13837900242054305
2025,4,Mitogenomics and mitochondrial genome evolution,Mitogenomics,T4. Mitogenomics,T4. Mitogenomics and mitochondrial genome evolution,Genome architecture and comparative genomics,0.16243052513103037,39,0.17192044985026295
2026,4,Mitogenomics and mitochondrial genome evolution,Mitogenomics,T4. Mitogenomics,T4. Mitogenomics and mitochondrial genome evolution,Genome architecture and comparative genomics,0.20315997406058486,11,0.20315997406058486
1950,5,"Cytogenetics, karyotypes and chromosome architecture",Cytogenetics/karyotypes,T5. Cytogenetics/karyotypes,"T5. Cytogenetics, karyotypes and chromosome architecture",Cytogenetics and cytogenomics,0.03322020868639382,2,0.03322020868639382
1951,5,"Cytogenetics, karyotypes and chromosome architecture",Cytogenetics/karyotypes,T5. Cytogenetics/karyotypes,"T5. Cytogenetics, karyotypes and chromosome architecture",Cytogenetics and cytogenomics,0,0,0.011073402895464605
1952,5,"Cytogenetics, karyotypes and chromosome architecture",Cytogenetics/karyotypes,T5. Cytogenetics/karyotypes,"T5. Cytogenetics, karyotypes and chromosome architecture",Cytogenetics and cytogenomics,0,0,0
1953,5,"Cytogenetics, karyotypes and chromosome architecture",Cytogenetics/karyotypes,T5. Cytogenetics/karyotypes,"T5. Cytogenetics, karyotypes and chromosome architecture",Cytogenetics and cytogenomics,0,0,0
1954,5,"Cytogenetics, karyotypes and chromosome architecture",Cytogenetics/karyotypes,T5. Cytogenetics/karyotypes,"T5. Cytogenetics, karyotypes and chromosome architecture",Cytogenetics and cytogenomics,0,0,0
1955,5,"Cytogenetics, karyotypes and chromosome architecture",Cytogenetics/karyotypes,T5. Cytogenetics/karyotypes,"T5. Cytogenetics, karyotypes and chromosome architecture",Cytogenetics and cytogenomics,0,0,0
1956,5,"Cytogenetics, karyotypes and chromosome architecture",Cytogenetics/karyotypes,T5. Cytogenetics/karyotypes,"T5. Cytogenetics, karyotypes and chromosome architecture",Cytogenetics and cytogenomics,0,0,0
1957,5,"Cytogenetics, karyotypes and chromosome architecture",Cytogenetics/karyotypes,T5. Cytogenetics/karyotypes,"T5. Cytogenetics, karyotypes and chromosome architecture",Cytogenetics and cytogenomics,0,0,0
1958,5,"Cytogenetics, karyotypes and chromosome architecture",Cytogenetics/karyotypes,T5. Cytogenetics/karyotypes,"T5. Cytogenetics, karyotypes and chromosome architecture",Cytogenetics and cytogenomics,0,0,0
1959,5,"Cytogenetics, karyotypes and chromosome architecture",Cytogenetics/karyotypes,T5. Cytogenetics/karyotypes,"T5. Cytogenetics, karyotypes and chromosome architecture",Cytogenetics and cytogenomics,0,0,0
1960,5,"Cytogenetics, karyotypes and chromosome architecture",Cytogenetics/karyotypes,T5. Cytogenetics/karyotypes,"T5. Cytogenetics, karyotypes and chromosome architecture",Cytogenetics and cytogenomics,0,0,0
1961,5,"Cytogenetics, karyotypes and chromosome architecture",Cytogenetics/karyotypes,T5. Cytogenetics/karyotypes,"T5. Cytogenetics, karyotypes and chromosome architecture",Cytogenetics and cytogenomics,0,0,0
1962,5,"Cytogenetics, karyotypes and chromosome architecture",Cytogenetics/karyotypes,T5. Cytogenetics/karyotypes,"T5. Cytogenetics, karyotypes and chromosome architecture",Cytogenetics and cytogenomics,0,0,0
1963,5,"Cytogenetics, karyotypes and chromosome architecture",Cytogenetics/karyotypes,T5. Cytogenetics/karyotypes,"T5. Cytogenetics, karyotypes and chromosome architecture",Cytogenetics and cytogenomics,0,0,0
1964,5,"Cytogenetics, karyotypes and chromosome architecture",Cytogenetics/karyotypes,T5. Cytogenetics/karyotypes,"T5. Cytogenetics, karyotypes and chromosome architecture",Cytogenetics and cytogenomics,0,0,0
1965,5,"Cytogenetics, karyotypes and chromosome architecture",Cytogenetics/karyotypes,T5. Cytogenetics/karyotypes,"T5. Cytogenetics, karyotypes and chromosome architecture",Cytogenetics and cytogenomics,0,0,6.576068538496401e-4
1966,5,"Cytogenetics, karyotypes and chromosome architecture",Cytogenetics/karyotypes,T5. Cytogenetics/karyotypes,"T5. Cytogenetics, karyotypes and chromosome architecture",Cytogenetics and cytogenomics,0.0019728205615489203,1,6.576068538496401e-4
1967,5,"Cytogenetics, karyotypes and chromosome architecture",Cytogenetics/karyotypes,T5. Cytogenetics/karyotypes,"T5. Cytogenetics, karyotypes and chromosome architecture",Cytogenetics and cytogenomics,0,0,6.576068538496401e-4
1968,5,"Cytogenetics, karyotypes and chromosome architecture",Cytogenetics/karyotypes,T5. Cytogenetics/karyotypes,"T5. Cytogenetics, karyotypes and chromosome architecture",Cytogenetics and cytogenomics,0,0,0.010850696201829286
1969,5,"Cytogenetics, karyotypes and chromosome architecture",Cytogenetics/karyotypes,T5. Cytogenetics/karyotypes,"T5. Cytogenetics, karyotypes and chromosome architecture",Cytogenetics and cytogenomics,0.03255208860548786,3,0.018616416796447117
1970,5,"Cytogenetics, karyotypes and chromosome architecture",Cytogenetics/karyotypes,T5. Cytogenetics/karyotypes,"T5. Cytogenetics, karyotypes and chromosome architecture",Cytogenetics and cytogenomics,0.023297161783853493,1,0.018616416796447117
1971,5,"Cytogenetics, karyotypes and chromosome architecture",Cytogenetics/karyotypes,T5. Cytogenetics/karyotypes,"T5. Cytogenetics, karyotypes and chromosome architecture",Cytogenetics and cytogenomics,0,0,0.026069907622890628
1972,5,"Cytogenetics, karyotypes and chromosome architecture",Cytogenetics/karyotypes,T5. Cytogenetics/karyotypes,"T5. Cytogenetics, karyotypes and chromosome architecture",Cytogenetics and cytogenomics,0.054912561084818394,2,0.018304187028272797
1973,5,"Cytogenetics, karyotypes and chromosome architecture",Cytogenetics/karyotypes,T5. Cytogenetics/karyotypes,"T5. Cytogenetics, karyotypes and chromosome architecture",Cytogenetics and cytogenomics,0,0,0.018936279884446062
1974,5,"Cytogenetics, karyotypes and chromosome architecture",Cytogenetics/karyotypes,T5. Cytogenetics/karyotypes,"T5. Cytogenetics, karyotypes and chromosome architecture",Cytogenetics and cytogenomics,0.0018962785685197967,1,0.0018068116870664853
1975,5,"Cytogenetics, karyotypes and chromosome architecture",Cytogenetics/karyotypes,T5. Cytogenetics/karyotypes,"T5. Cytogenetics, karyotypes and chromosome architecture",Cytogenetics and cytogenomics,0.003524156492679659,2,0.0035939621871966736
1976,5,"Cytogenetics, karyotypes and chromosome architecture",Cytogenetics/karyotypes,T5. Cytogenetics/karyotypes,"T5. Cytogenetics, karyotypes and chromosome architecture",Cytogenetics and cytogenomics,0.005361451500390566,1,0.002961869331023408
1977,5,"Cytogenetics, karyotypes and chromosome architecture",Cytogenetics/karyotypes,T5. Cytogenetics/karyotypes,"T5. Cytogenetics, karyotypes and chromosome architecture",Cytogenetics and cytogenomics,0,0,0.0017871505001301887
1978,5,"Cytogenetics, karyotypes and chromosome architecture",Cytogenetics/karyotypes,T5. Cytogenetics/karyotypes,"T5. Cytogenetics, karyotypes and chromosome architecture",Cytogenetics and cytogenomics,0,0,0.08641505713153244
1979,5,"Cytogenetics, karyotypes and chromosome architecture",Cytogenetics/karyotypes,T5. Cytogenetics/karyotypes,"T5. Cytogenetics, karyotypes and chromosome architecture",Cytogenetics and cytogenomics,0.25924517139459735,2,0.08641505713153244
1980,5,"Cytogenetics, karyotypes and chromosome architecture",Cytogenetics/karyotypes,T5. Cytogenetics/karyotypes,"T5. Cytogenetics, karyotypes and chromosome architecture",Cytogenetics and cytogenomics,0,0,0.08641505713153244
1981,5,"Cytogenetics, karyotypes and chromosome architecture",Cytogenetics/karyotypes,T5. Cytogenetics/karyotypes,"T5. Cytogenetics, karyotypes and chromosome architecture",Cytogenetics and cytogenomics,0,0,0
1982,5,"Cytogenetics, karyotypes and chromosome architecture",Cytogenetics/karyotypes,T5. Cytogenetics/karyotypes,"T5. Cytogenetics, karyotypes and chromosome architecture",Cytogenetics and cytogenomics,0,0,0.032312158177711645
1983,5,"Cytogenetics, karyotypes and chromosome architecture",Cytogenetics/karyotypes,T5. Cytogenetics/karyotypes,"T5. Cytogenetics, karyotypes and chromosome architecture",Cytogenetics and cytogenomics,0.09693647453313495,2,0.03398599415061796
1984,5,"Cytogenetics, karyotypes and chromosome architecture",Cytogenetics/karyotypes,T5. Cytogenetics/karyotypes,"T5. Cytogenetics, karyotypes and chromosome architecture",Cytogenetics and cytogenomics,0.005021507918718943,1,0.03398599415061796
1985,5,"Cytogenetics, karyotypes and chromosome architecture",Cytogenetics/karyotypes,T5. Cytogenetics/karyotypes,"T5. Cytogenetics, karyotypes and chromosome architecture",Cytogenetics and cytogenomics,0,0,0.0031342417603559603
1986,5,"Cytogenetics, karyotypes and chromosome architecture",Cytogenetics/karyotypes,T5. Cytogenetics/karyotypes,"T5. Cytogenetics, karyotypes and chromosome architecture",Cytogenetics and cytogenomics,0.004381217362348939,3,0.0026031670969542246
1987,5,"Cytogenetics, karyotypes and chromosome architecture",Cytogenetics/karyotypes,T5. Cytogenetics/karyotypes,"T5. Cytogenetics, karyotypes and chromosome architecture",Cytogenetics and cytogenomics,0.0034282839285137354,3,0.27819520264215364
1988,5,"Cytogenetics, karyotypes and chromosome architecture",Cytogenetics/karyotypes,T5. Cytogenetics/karyotypes,"T5. Cytogenetics, karyotypes and chromosome architecture",Cytogenetics and cytogenomics,0.8267761066355983,1,0.27893215362620577
1989,5,"Cytogenetics, karyotypes and chromosome architecture",Cytogenetics/karyotypes,T5. Cytogenetics/karyotypes,"T5. Cytogenetics, karyotypes and chromosome architecture",Cytogenetics and cytogenomics,0.006592070314505227,1,0.2788337028737913
1990,5,"Cytogenetics, karyotypes and chromosome architecture",Cytogenetics/karyotypes,T5. Cytogenetics/karyotypes,"T5. Cytogenetics, karyotypes and chromosome architecture",Cytogenetics and cytogenomics,0.003132931671270429,1,0.004433067543519288
1991,5,"Cytogenetics, karyotypes and chromosome architecture",Cytogenetics/karyotypes,T5. Cytogenetics/karyotypes,"T5. Cytogenetics, karyotypes and chromosome architecture",Cytogenetics and cytogenomics,0.0035742006447822094,4,0.10828327938355614
1992,5,"Cytogenetics, karyotypes and chromosome architecture",Cytogenetics/karyotypes,T5. Cytogenetics/karyotypes,"T5. Cytogenetics, karyotypes and chromosome architecture",Cytogenetics and cytogenomics,0.3181427058346158,3,0.107238968826466
1993,5,"Cytogenetics, karyotypes and chromosome architecture",Cytogenetics/karyotypes,T5. Cytogenetics/karyotypes,"T5. Cytogenetics, karyotypes and chromosome architecture",Cytogenetics and cytogenomics,0,0,0.10719292665905546
1994,5,"Cytogenetics, karyotypes and chromosome architecture",Cytogenetics/karyotypes,T5. Cytogenetics/karyotypes,"T5. Cytogenetics, karyotypes and chromosome architecture",Cytogenetics and cytogenomics,0.0034360741425505823,2,0.0017143178835429729
1995,5,"Cytogenetics, karyotypes and chromosome architecture",Cytogenetics/karyotypes,T5. Cytogenetics/karyotypes,"T5. Cytogenetics, karyotypes and chromosome architecture",Cytogenetics and cytogenomics,0.001706879508078337,4,0.0017143178835429729
1996,5,"Cytogenetics, karyotypes and chromosome architecture",Cytogenetics/karyotypes,T5. Cytogenetics/karyotypes,"T5. Cytogenetics, karyotypes and chromosome architecture",Cytogenetics and cytogenomics,0,0,0.13362837220239343
1997,5,"Cytogenetics, karyotypes and chromosome architecture",Cytogenetics/karyotypes,T5. Cytogenetics/karyotypes,"T5. Cytogenetics, karyotypes and chromosome architecture",Cytogenetics and cytogenomics,0.399178237099102,2,0.29785198886304887
1998,5,"Cytogenetics, karyotypes and chromosome architecture",Cytogenetics/karyotypes,T5. Cytogenetics/karyotypes,"T5. Cytogenetics, karyotypes and chromosome architecture",Cytogenetics and cytogenomics,0.4943777294900447,2,0.4632342822079315
1999,5,"Cytogenetics, karyotypes and chromosome architecture",Cytogenetics/karyotypes,T5. Cytogenetics/karyotypes,"T5. Cytogenetics, karyotypes and chromosome architecture",Cytogenetics and cytogenomics,0.49614688003464796,2,0.33176082841682975
2000,5,"Cytogenetics, karyotypes and chromosome architecture",Cytogenetics/karyotypes,T5. Cytogenetics/karyotypes,"T5. Cytogenetics, karyotypes and chromosome architecture",Cytogenetics and cytogenomics,0.004757875725796604,3,0.1853510778786541
2001,5,"Cytogenetics, karyotypes and chromosome architecture",Cytogenetics/karyotypes,T5. Cytogenetics/karyotypes,"T5. Cytogenetics, karyotypes and chromosome architecture",Cytogenetics and cytogenomics,0.055148477875517785,3,0.13587041771960434
2002,5,"Cytogenetics, karyotypes and chromosome architecture",Cytogenetics/karyotypes,T5. Cytogenetics/karyotypes,"T5. Cytogenetics, karyotypes and chromosome architecture",Cytogenetics and cytogenomics,0.34770489955749867,3,0.25796531476775353
2003,5,"Cytogenetics, karyotypes and chromosome architecture",Cytogenetics/karyotypes,T5. Cytogenetics/karyotypes,"T5. Cytogenetics, karyotypes and chromosome architecture",Cytogenetics and cytogenomics,0.3710425668702442,3,0.25692073736830634
2004,5,"Cytogenetics, karyotypes and chromosome architecture",Cytogenetics/karyotypes,T5. Cytogenetics/karyotypes,"T5. Cytogenetics, karyotypes and chromosome architecture",Cytogenetics and cytogenomics,0.05201474567717613,6,0.23722910198021785
2005,5,"Cytogenetics, karyotypes and chromosome architecture",Cytogenetics/karyotypes,T5. Cytogenetics/karyotypes,"T5. Cytogenetics, karyotypes and chromosome architecture",Cytogenetics and cytogenomics,0.2886299933932333,7,0.12459073901088115
2006,5,"Cytogenetics, karyotypes and chromosome architecture",Cytogenetics/karyotypes,T5. Cytogenetics/karyotypes,"T5. Cytogenetics, karyotypes and chromosome architecture",Cytogenetics and cytogenomics,0.033127477962234066,9,0.12417217061468537
2007,5,"Cytogenetics, karyotypes and chromosome architecture",Cytogenetics/karyotypes,T5. Cytogenetics/karyotypes,"T5. Cytogenetics, karyotypes and chromosome architecture",Cytogenetics and cytogenomics,0.05075904048858876,8,0.08370058707513217
2008,5,"Cytogenetics, karyotypes and chromosome architecture",Cytogenetics/karyotypes,T5. Cytogenetics/karyotypes,"T5. Cytogenetics, karyotypes and chromosome architecture",Cytogenetics and cytogenomics,0.1672152427745737,9,0.11206901643912248
2009,5,"Cytogenetics, karyotypes and chromosome architecture",Cytogenetics/karyotypes,T5. Cytogenetics/karyotypes,"T5. Cytogenetics, karyotypes and chromosome architecture",Cytogenetics and cytogenomics,0.11823276605420498,15,0.14611468837993688
2010,5,"Cytogenetics, karyotypes and chromosome architecture",Cytogenetics/karyotypes,T5. Cytogenetics/karyotypes,"T5. Cytogenetics, karyotypes and chromosome architecture",Cytogenetics and cytogenomics,0.152896056311032,17,0.17676653613662563
2011,5,"Cytogenetics, karyotypes and chromosome architecture",Cytogenetics/karyotypes,T5. Cytogenetics/karyotypes,"T5. Cytogenetics, karyotypes and chromosome architecture",Cytogenetics and cytogenomics,0.25917078604464,11,0.14595948474666923
2012,5,"Cytogenetics, karyotypes and chromosome architecture",Cytogenetics/karyotypes,T5. Cytogenetics/karyotypes,"T5. Cytogenetics, karyotypes and chromosome architecture",Cytogenetics and cytogenomics,0.025811611884335738,13,0.1640813802766554
2013,5,"Cytogenetics, karyotypes and chromosome architecture",Cytogenetics/karyotypes,T5. Cytogenetics/karyotypes,"T5. Cytogenetics, karyotypes and chromosome architecture",Cytogenetics and cytogenomics,0.20726174290099048,15,0.12311164952341117
2014,5,"Cytogenetics, karyotypes and chromosome architecture",Cytogenetics/karyotypes,T5. Cytogenetics/karyotypes,"T5. Cytogenetics, karyotypes and chromosome architecture",Cytogenetics and cytogenomics,0.1362615937849073,16,0.11486399914549013
2015,5,"Cytogenetics, karyotypes and chromosome architecture",Cytogenetics/karyotypes,T5. Cytogenetics/karyotypes,"T5. Cytogenetics, karyotypes and chromosome architecture",Cytogenetics and cytogenomics,0.0010686607505726324,5,0.0480105869728745
2016,5,"Cytogenetics, karyotypes and chromosome architecture",Cytogenetics/karyotypes,T5. Cytogenetics/karyotypes,"T5. Cytogenetics, karyotypes and chromosome architecture",Cytogenetics and cytogenomics,0.006701506383143565,10,0.017193018346718002
2017,5,"Cytogenetics, karyotypes and chromosome architecture",Cytogenetics/karyotypes,T5. Cytogenetics/karyotypes,"T5. Cytogenetics, karyotypes and chromosome architecture",Cytogenetics and cytogenomics,0.04380888790643781,12,0.09930649576357187
2018,5,"Cytogenetics, karyotypes and chromosome architecture",Cytogenetics/karyotypes,T5. Cytogenetics/karyotypes,"T5. Cytogenetics, karyotypes and chromosome architecture",Cytogenetics and cytogenomics,0.24740909300113426,16,0.15198609664085172
2019,5,"Cytogenetics, karyotypes and chromosome architecture",Cytogenetics/karyotypes,T5. Cytogenetics/karyotypes,"T5. Cytogenetics, karyotypes and chromosome architecture",Cytogenetics and cytogenomics,0.1647403090149831,16,0.21644104740915102
2020,5,"Cytogenetics, karyotypes and chromosome architecture",Cytogenetics/karyotypes,T5. Cytogenetics/karyotypes,"T5. Cytogenetics, karyotypes and chromosome architecture",Cytogenetics and cytogenomics,0.23717374021133564,16,0.23176942347228055
2021,5,"Cytogenetics, karyotypes and chromosome architecture",Cytogenetics/karyotypes,T5. Cytogenetics/karyotypes,"T5. Cytogenetics, karyotypes and chromosome architecture",Cytogenetics and cytogenomics,0.2933942211905229,26,0.2015426902350842
2022,5,"Cytogenetics, karyotypes and chromosome architecture",Cytogenetics/karyotypes,T5. Cytogenetics/karyotypes,"T5. Cytogenetics, karyotypes and chromosome architecture",Cytogenetics and cytogenomics,0.0740601093033941,23,0.1579462894998152
2023,5,"Cytogenetics, karyotypes and chromosome architecture",Cytogenetics/karyotypes,T5. Cytogenetics/karyotypes,"T5. Cytogenetics, karyotypes and chromosome architecture",Cytogenetics and cytogenomics,0.10638453800552862,31,0.07669452386435904
2024,5,"Cytogenetics, karyotypes and chromosome architecture",Cytogenetics/karyotypes,T5. Cytogenetics/karyotypes,"T5. Cytogenetics, karyotypes and chromosome architecture",Cytogenetics and cytogenomics,0.04963892428415441,21,0.07324836249574188
2025,5,"Cytogenetics, karyotypes and chromosome architecture",Cytogenetics/karyotypes,T5. Cytogenetics/karyotypes,"T5. Cytogenetics, karyotypes and chromosome architecture",Cytogenetics and cytogenomics,0.0637216251975426,39,0.06641159836596092
2026,5,"Cytogenetics, karyotypes and chromosome architecture",Cytogenetics/karyotypes,T5. Cytogenetics/karyotypes,"T5. Cytogenetics, karyotypes and chromosome architecture",Cytogenetics and cytogenomics,0.08587424561618576,11,0.08587424561618576
1950,6,mtDNA/COI marker assays and DNA barcoding,mtDNA/COI markers,T6. mtDNA/COI markers,T6. mtDNA/COI marker assays and DNA barcoding,"Marker assays, barcoding and molecular identification",0.0018091030158651432,2,0.0018091030158651432
1951,6,mtDNA/COI marker assays and DNA barcoding,mtDNA/COI markers,T6. mtDNA/COI markers,T6. mtDNA/COI marker assays and DNA barcoding,"Marker assays, barcoding and molecular identification",0,0,6.030343386217143e-4
1952,6,mtDNA/COI marker assays and DNA barcoding,mtDNA/COI markers,T6. mtDNA/COI markers,T6. mtDNA/COI marker assays and DNA barcoding,"Marker assays, barcoding and molecular identification",0,0,0
1953,6,mtDNA/COI marker assays and DNA barcoding,mtDNA/COI markers,T6. mtDNA/COI markers,T6. mtDNA/COI marker assays and DNA barcoding,"Marker assays, barcoding and molecular identification",0,0,0
1954,6,mtDNA/COI marker assays and DNA barcoding,mtDNA/COI markers,T6. mtDNA/COI markers,T6. mtDNA/COI marker assays and DNA barcoding,"Marker assays, barcoding and molecular identification",0,0,0
1955,6,mtDNA/COI marker assays and DNA barcoding,mtDNA/COI markers,T6. mtDNA/COI markers,T6. mtDNA/COI marker assays and DNA barcoding,"Marker assays, barcoding and molecular identification",0,0,0
1956,6,mtDNA/COI marker assays and DNA barcoding,mtDNA/COI markers,T6. mtDNA/COI markers,T6. mtDNA/COI marker assays and DNA barcoding,"Marker assays, barcoding and molecular identification",0,0,0
1957,6,mtDNA/COI marker assays and DNA barcoding,mtDNA/COI markers,T6. mtDNA/COI markers,T6. mtDNA/COI marker assays and DNA barcoding,"Marker assays, barcoding and molecular identification",0,0,0
1958,6,mtDNA/COI marker assays and DNA barcoding,mtDNA/COI markers,T6. mtDNA/COI markers,T6. mtDNA/COI marker assays and DNA barcoding,"Marker assays, barcoding and molecular identification",0,0,0
1959,6,mtDNA/COI marker assays and DNA barcoding,mtDNA/COI markers,T6. mtDNA/COI markers,T6. mtDNA/COI marker assays and DNA barcoding,"Marker assays, barcoding and molecular identification",0,0,0
1960,6,mtDNA/COI marker assays and DNA barcoding,mtDNA/COI markers,T6. mtDNA/COI markers,T6. mtDNA/COI marker assays and DNA barcoding,"Marker assays, barcoding and molecular identification",0,0,0
1961,6,mtDNA/COI marker assays and DNA barcoding,mtDNA/COI markers,T6. mtDNA/COI markers,T6. mtDNA/COI marker assays and DNA barcoding,"Marker assays, barcoding and molecular identification",0,0,0
1962,6,mtDNA/COI marker assays and DNA barcoding,mtDNA/COI markers,T6. mtDNA/COI markers,T6. mtDNA/COI marker assays and DNA barcoding,"Marker assays, barcoding and molecular identification",0,0,0
1963,6,mtDNA/COI marker assays and DNA barcoding,mtDNA/COI markers,T6. mtDNA/COI markers,T6. mtDNA/COI marker assays and DNA barcoding,"Marker assays, barcoding and molecular identification",0,0,0
1964,6,mtDNA/COI marker assays and DNA barcoding,mtDNA/COI markers,T6. mtDNA/COI markers,T6. mtDNA/COI marker assays and DNA barcoding,"Marker assays, barcoding and molecular identification",0,0,0
1965,6,mtDNA/COI marker assays and DNA barcoding,mtDNA/COI markers,T6. mtDNA/COI markers,T6. mtDNA/COI marker assays and DNA barcoding,"Marker assays, barcoding and molecular identification",0,0,3.013137844246586e-5
1966,6,mtDNA/COI marker assays and DNA barcoding,mtDNA/COI markers,T6. mtDNA/COI markers,T6. mtDNA/COI marker assays and DNA barcoding,"Marker assays, barcoding and molecular identification",9.039413532739758e-5,1,3.013137844246586e-5
1967,6,mtDNA/COI marker assays and DNA barcoding,mtDNA/COI markers,T6. mtDNA/COI markers,T6. mtDNA/COI marker assays and DNA barcoding,"Marker assays, barcoding and molecular identification",0,0,3.013137844246586e-5
1968,6,mtDNA/COI marker assays and DNA barcoding,mtDNA/COI markers,T6. mtDNA/COI markers,T6. mtDNA/COI marker assays and DNA barcoding,"Marker assays, barcoding and molecular identification",0,0,3.3873087847188945e-4
1969,6,mtDNA/COI marker assays and DNA barcoding,mtDNA/COI markers,T6. mtDNA/COI markers,T6. mtDNA/COI marker assays and DNA barcoding,"Marker assays, barcoding and molecular identification",0.0010161926354156684,3,0.002668262786602844
1970,6,mtDNA/COI marker assays and DNA barcoding,mtDNA/COI markers,T6. mtDNA/COI markers,T6. mtDNA/COI marker assays and DNA barcoding,"Marker assays, barcoding and molecular identification",0.006988595724392863,1,0.002668262786602844
1971,6,mtDNA/COI marker assays and DNA barcoding,mtDNA/COI markers,T6. mtDNA/COI markers,T6. mtDNA/COI marker assays and DNA barcoding,"Marker assays, barcoding and molecular identification",0,0,0.002607849254212941
1972,6,mtDNA/COI marker assays and DNA barcoding,mtDNA/COI markers,T6. mtDNA/COI markers,T6. mtDNA/COI marker assays and DNA barcoding,"Marker assays, barcoding and molecular identification",8.349520382459606e-4,2,2.7831734608198684e-4
1973,6,mtDNA/COI marker assays and DNA barcoding,mtDNA/COI markers,T6. mtDNA/COI markers,T6. mtDNA/COI marker assays and DNA barcoding,"Marker assays, barcoding and molecular identification",0,0,3.048799279096784e-4
1974,6,mtDNA/COI marker assays and DNA barcoding,mtDNA/COI markers,T6. mtDNA/COI markers,T6. mtDNA/COI marker assays and DNA barcoding,"Marker assays, barcoding and molecular identification",7.968774548307455e-5,1,4.690754983307292e-4
1975,6,mtDNA/COI marker assays and DNA barcoding,mtDNA/COI markers,T6. mtDNA/COI markers,T6. mtDNA/COI marker assays and DNA barcoding,"Marker assays, barcoding and molecular identification",0.0013275387495091133,2,0.0016270184153084361
1976,6,mtDNA/COI marker assays and DNA barcoding,mtDNA/COI markers,T6. mtDNA/COI markers,T6. mtDNA/COI marker assays and DNA barcoding,"Marker assays, barcoding and molecular identification",0.0034738287509331212,1,0.0016004558334807447
1977,6,mtDNA/COI marker assays and DNA barcoding,mtDNA/COI markers,T6. mtDNA/COI markers,T6. mtDNA/COI marker assays and DNA barcoding,"Marker assays, barcoding and molecular identification",0,0,0.001157942916977707
1978,6,mtDNA/COI marker assays and DNA barcoding,mtDNA/COI markers,T6. mtDNA/COI markers,T6. mtDNA/COI marker assays and DNA barcoding,"Marker assays, barcoding and molecular identification",0,0,7.155243832417039e-4
1979,6,mtDNA/COI marker assays and DNA barcoding,mtDNA/COI markers,T6. mtDNA/COI markers,T6. mtDNA/COI marker assays and DNA barcoding,"Marker assays, barcoding and molecular identification",0.002146573149725112,2,7.155243832417039e-4
1980,6,mtDNA/COI marker assays and DNA barcoding,mtDNA/COI markers,T6. mtDNA/COI markers,T6. mtDNA/COI marker assays and DNA barcoding,"Marker assays, barcoding and molecular identification",0,0,7.155243832417039e-4
1981,6,mtDNA/COI marker assays and DNA barcoding,mtDNA/COI markers,T6. mtDNA/COI markers,T6. mtDNA/COI marker assays and DNA barcoding,"Marker assays, barcoding and molecular identification",0,0,0
1982,6,mtDNA/COI marker assays and DNA barcoding,mtDNA/COI markers,T6. mtDNA/COI markers,T6. mtDNA/COI marker assays and DNA barcoding,"Marker assays, barcoding and molecular identification",0,0,0.004824695919982932
1983,6,mtDNA/COI marker assays and DNA barcoding,mtDNA/COI markers,T6. mtDNA/COI markers,T6. mtDNA/COI marker assays and DNA barcoding,"Marker assays, barcoding and molecular identification",0.014474087759948798,2,0.005904539717001472
1984,6,mtDNA/COI marker assays and DNA barcoding,mtDNA/COI markers,T6. mtDNA/COI markers,T6. mtDNA/COI marker assays and DNA barcoding,"Marker assays, barcoding and molecular identification",0.00323953139105562,1,0.005904539717001472
1985,6,mtDNA/COI marker assays and DNA barcoding,mtDNA/COI markers,T6. mtDNA/COI markers,T6. mtDNA/COI marker assays and DNA barcoding,"Marker assays, barcoding and molecular identification",0,0,0.0035516083432916906
1986,6,mtDNA/COI marker assays and DNA barcoding,mtDNA/COI markers,T6. mtDNA/COI markers,T6. mtDNA/COI marker assays and DNA barcoding,"Marker assays, barcoding and molecular identification",0.007415293638819451,3,0.004675200775340147
1987,6,mtDNA/COI marker assays and DNA barcoding,mtDNA/COI markers,T6. mtDNA/COI markers,T6. mtDNA/COI marker assays and DNA barcoding,"Marker assays, barcoding and molecular identification",0.00661030868720099,3,0.006752783768883064
1988,6,mtDNA/COI marker assays and DNA barcoding,mtDNA/COI markers,T6. mtDNA/COI markers,T6. mtDNA/COI marker assays and DNA barcoding,"Marker assays, barcoding and molecular identification",0.006232748980628752,1,0.006361281028338173
1989,6,mtDNA/COI marker assays and DNA barcoding,mtDNA/COI markers,T6. mtDNA/COI markers,T6. mtDNA/COI marker assays and DNA barcoding,"Marker assays, barcoding and molecular identification",0.006240785417184778,1,0.005144213698159032
1990,6,mtDNA/COI marker assays and DNA barcoding,mtDNA/COI markers,T6. mtDNA/COI markers,T6. mtDNA/COI marker assays and DNA barcoding,"Marker assays, barcoding and molecular identification",0.0029591066966635693,1,0.00432349858828926
1991,6,mtDNA/COI marker assays and DNA barcoding,mtDNA/COI markers,T6. mtDNA/COI markers,T6. mtDNA/COI marker assays and DNA barcoding,"Marker assays, barcoding and molecular identification",0.0037706036510194315,4,0.18399371699473907
1992,6,mtDNA/COI marker assays and DNA barcoding,mtDNA/COI markers,T6. mtDNA/COI markers,T6. mtDNA/COI marker assays and DNA barcoding,"Marker assays, barcoding and molecular identification",0.5452514406365342,3,0.1830073480958512
1993,6,mtDNA/COI marker assays and DNA barcoding,mtDNA/COI markers,T6. mtDNA/COI markers,T6. mtDNA/COI marker assays and DNA barcoding,"Marker assays, barcoding and molecular identification",0,0,0.28848699354604035
1994,6,mtDNA/COI marker assays and DNA barcoding,mtDNA/COI markers,T6. mtDNA/COI markers,T6. mtDNA/COI marker assays and DNA barcoding,"Marker assays, barcoding and molecular identification",0.32020954000158686,2,0.10866770657509926
1995,6,mtDNA/COI marker assays and DNA barcoding,mtDNA/COI markers,T6. mtDNA/COI markers,T6. mtDNA/COI marker assays and DNA barcoding,"Marker assays, barcoding and molecular identification",0.005793579723710961,4,0.10866770657509926
1996,6,mtDNA/COI marker assays and DNA barcoding,mtDNA/COI markers,T6. mtDNA/COI markers,T6. mtDNA/COI marker assays and DNA barcoding,"Marker assays, barcoding and molecular identification",0,0,0.08614139043026332
1997,6,mtDNA/COI marker assays and DNA barcoding,mtDNA/COI markers,T6. mtDNA/COI markers,T6. mtDNA/COI marker assays and DNA barcoding,"Marker assays, barcoding and molecular identification",0.252630591567079,2,0.1505413959306992
1998,6,mtDNA/COI marker assays and DNA barcoding,mtDNA/COI markers,T6. mtDNA/COI markers,T6. mtDNA/COI marker assays and DNA barcoding,"Marker assays, barcoding and molecular identification",0.1989935962250186,2,0.1957615599090603
1999,6,mtDNA/COI marker assays and DNA barcoding,mtDNA/COI markers,T6. mtDNA/COI markers,T6. mtDNA/COI marker assays and DNA barcoding,"Marker assays, barcoding and molecular identification",0.13566049193508334,2,0.1323820212207533
2000,6,mtDNA/COI marker assays and DNA barcoding,mtDNA/COI markers,T6. mtDNA/COI markers,T6. mtDNA/COI marker assays and DNA barcoding,"Marker assays, barcoding and molecular identification",0.062491975502157994,3,0.18004722866172193
2001,6,mtDNA/COI marker assays and DNA barcoding,mtDNA/COI markers,T6. mtDNA/COI markers,T6. mtDNA/COI marker assays and DNA barcoding,"Marker assays, barcoding and molecular identification",0.34198921854792447,3,0.2239512168943811
2002,6,mtDNA/COI marker assays and DNA barcoding,mtDNA/COI markers,T6. mtDNA/COI markers,T6. mtDNA/COI marker assays and DNA barcoding,"Marker assays, barcoding and molecular identification",0.26737245663306086,3,0.21502351571972073
2003,6,mtDNA/COI marker assays and DNA barcoding,mtDNA/COI markers,T6. mtDNA/COI markers,T6. mtDNA/COI marker assays and DNA barcoding,"Marker assays, barcoding and molecular identification",0.03570887197817689,3,0.1856206037348699
2004,6,mtDNA/COI marker assays and DNA barcoding,mtDNA/COI markers,T6. mtDNA/COI markers,T6. mtDNA/COI marker assays and DNA barcoding,"Marker assays, barcoding and molecular identification",0.253780482593372,6,0.20265212401928648
2005,6,mtDNA/COI marker assays and DNA barcoding,mtDNA/COI markers,T6. mtDNA/COI markers,T6. mtDNA/COI marker assays and DNA barcoding,"Marker assays, barcoding and molecular identification",0.3184670174863106,7,0.25609604964098803
2006,6,mtDNA/COI marker assays and DNA barcoding,mtDNA/COI markers,T6. mtDNA/COI markers,T6. mtDNA/COI marker assays and DNA barcoding,"Marker assays, barcoding and molecular identification",0.19604064884328162,9,0.23808195467723678
2007,6,mtDNA/COI marker assays and DNA barcoding,mtDNA/COI markers,T6. mtDNA/COI markers,T6. mtDNA/COI marker assays and DNA barcoding,"Marker assays, barcoding and molecular identification",0.19973819770211818,8,0.16503618471039774
2008,6,mtDNA/COI marker assays and DNA barcoding,mtDNA/COI markers,T6. mtDNA/COI markers,T6. mtDNA/COI marker assays and DNA barcoding,"Marker assays, barcoding and molecular identification",0.09932970758579344,9,0.15296639599450515
2009,6,mtDNA/COI marker assays and DNA barcoding,mtDNA/COI markers,T6. mtDNA/COI markers,T6. mtDNA/COI marker assays and DNA barcoding,"Marker assays, barcoding and molecular identification",0.15983128269560387,15,0.14294536034793748
2010,6,mtDNA/COI marker assays and DNA barcoding,mtDNA/COI markers,T6. mtDNA/COI markers,T6. mtDNA/COI marker assays and DNA barcoding,"Marker assays, barcoding and molecular identification",0.16967509076241516,17,0.13476163280285416
2011,6,mtDNA/COI marker assays and DNA barcoding,mtDNA/COI markers,T6. mtDNA/COI markers,T6. mtDNA/COI marker assays and DNA barcoding,"Marker assays, barcoding and molecular identification",0.07477852495054346,11,0.10358949899079764
2012,6,mtDNA/COI marker assays and DNA barcoding,mtDNA/COI markers,T6. mtDNA/COI markers,T6. mtDNA/COI marker assays and DNA barcoding,"Marker assays, barcoding and molecular identification",0.06631488125943433,13,0.09848958791207892
2013,6,mtDNA/COI marker assays and DNA barcoding,mtDNA/COI markers,T6. mtDNA/COI markers,T6. mtDNA/COI marker assays and DNA barcoding,"Marker assays, barcoding and molecular identification",0.15437535752625897,15,0.13887367220508842
2014,6,mtDNA/COI marker assays and DNA barcoding,mtDNA/COI markers,T6. mtDNA/COI markers,T6. mtDNA/COI marker assays and DNA barcoding,"Marker assays, barcoding and molecular identification",0.19593077782957202,16,0.16707219044986268
2015,6,mtDNA/COI marker assays and DNA barcoding,mtDNA/COI markers,T6. mtDNA/COI markers,T6. mtDNA/COI marker assays and DNA barcoding,"Marker assays, barcoding and molecular identification",0.15091043599375706,5,0.14284269298941665
2016,6,mtDNA/COI marker assays and DNA barcoding,mtDNA/COI markers,T6. mtDNA/COI markers,T6. mtDNA/COI marker assays and DNA barcoding,"Marker assays, barcoding and molecular identification",0.08168686514492088,10,0.11492427087891581
2017,6,mtDNA/COI marker assays and DNA barcoding,mtDNA/COI markers,T6. mtDNA/COI markers,T6. mtDNA/COI marker assays and DNA barcoding,"Marker assays, barcoding and molecular identification",0.11217551149806955,12,0.13735447059114922
2018,6,mtDNA/COI marker assays and DNA barcoding,mtDNA/COI markers,T6. mtDNA/COI markers,T6. mtDNA/COI marker assays and DNA barcoding,"Marker assays, barcoding and molecular identification",0.21820103513045727,16,0.16910449609711503
2019,6,mtDNA/COI marker assays and DNA barcoding,mtDNA/COI markers,T6. mtDNA/COI markers,T6. mtDNA/COI marker assays and DNA barcoding,"Marker assays, barcoding and molecular identification",0.17693694166281826,16,0.17649966320400984
2020,6,mtDNA/COI marker assays and DNA barcoding,mtDNA/COI markers,T6. mtDNA/COI markers,T6. mtDNA/COI marker assays and DNA barcoding,"Marker assays, barcoding and molecular identification",0.13436101281875396,16,0.13081643153580447
2021,6,mtDNA/COI marker assays and DNA barcoding,mtDNA/COI markers,T6. mtDNA/COI markers,T6. mtDNA/COI marker assays and DNA barcoding,"Marker assays, barcoding and molecular identification",0.0811513401258412,26,0.09539745954380674
2022,6,mtDNA/COI marker assays and DNA barcoding,mtDNA/COI markers,T6. mtDNA/COI markers,T6. mtDNA/COI marker assays and DNA barcoding,"Marker assays, barcoding and molecular identification",0.0706800256868251,23,0.08479774133567267
2023,6,mtDNA/COI marker assays and DNA barcoding,mtDNA/COI markers,T6. mtDNA/COI markers,T6. mtDNA/COI marker assays and DNA barcoding,"Marker assays, barcoding and molecular identification",0.10256185819435171,31,0.0897210798085041
2024,6,mtDNA/COI marker assays and DNA barcoding,mtDNA/COI markers,T6. mtDNA/COI markers,T6. mtDNA/COI marker assays and DNA barcoding,"Marker assays, barcoding and molecular identification",0.09592135554433552,21,0.10000689186421563
2025,6,mtDNA/COI marker assays and DNA barcoding,mtDNA/COI markers,T6. mtDNA/COI markers,T6. mtDNA/COI marker assays and DNA barcoding,"Marker assays, barcoding and molecular identification",0.1015374618539597,39,0.09487744265412415
2026,6,mtDNA/COI marker assays and DNA barcoding,mtDNA/COI markers,T6. mtDNA/COI markers,T6. mtDNA/COI marker assays and DNA barcoding,"Marker assays, barcoding and molecular identification",0.08717351056407724,11,0.08717351056407724
1950,7,"Population genetics, microsatellites and morphometrics",Population genetics,T7. Population genetics,"T7. Population genetics, microsatellites and morphometrics",Population structure and phenotypic differentiation,0.009301627736456182,2,0.009301627736456182
1951,7,"Population genetics, microsatellites and morphometrics",Population genetics,T7. Population genetics,"T7. Population genetics, microsatellites and morphometrics",Population structure and phenotypic differentiation,0,0,0.0031005425788187273
1952,7,"Population genetics, microsatellites and morphometrics",Population genetics,T7. Population genetics,"T7. Population genetics, microsatellites and morphometrics",Population structure and phenotypic differentiation,0,0,0
1953,7,"Population genetics, microsatellites and morphometrics",Population genetics,T7. Population genetics,"T7. Population genetics, microsatellites and morphometrics",Population structure and phenotypic differentiation,0,0,0
1954,7,"Population genetics, microsatellites and morphometrics",Population genetics,T7. Population genetics,"T7. Population genetics, microsatellites and morphometrics",Population structure and phenotypic differentiation,0,0,0
1955,7,"Population genetics, microsatellites and morphometrics",Population genetics,T7. Population genetics,"T7. Population genetics, microsatellites and morphometrics",Population structure and phenotypic differentiation,0,0,0
1956,7,"Population genetics, microsatellites and morphometrics",Population genetics,T7. Population genetics,"T7. Population genetics, microsatellites and morphometrics",Population structure and phenotypic differentiation,0,0,0
1957,7,"Population genetics, microsatellites and morphometrics",Population genetics,T7. Population genetics,"T7. Population genetics, microsatellites and morphometrics",Population structure and phenotypic differentiation,0,0,0
1958,7,"Population genetics, microsatellites and morphometrics",Population genetics,T7. Population genetics,"T7. Population genetics, microsatellites and morphometrics",Population structure and phenotypic differentiation,0,0,0
1959,7,"Population genetics, microsatellites and morphometrics",Population genetics,T7. Population genetics,"T7. Population genetics, microsatellites and morphometrics",Population structure and phenotypic differentiation,0,0,0
1960,7,"Population genetics, microsatellites and morphometrics",Population genetics,T7. Population genetics,"T7. Population genetics, microsatellites and morphometrics",Population structure and phenotypic differentiation,0,0,0
1961,7,"Population genetics, microsatellites and morphometrics",Population genetics,T7. Population genetics,"T7. Population genetics, microsatellites and morphometrics",Population structure and phenotypic differentiation,0,0,0
1962,7,"Population genetics, microsatellites and morphometrics",Population genetics,T7. Population genetics,"T7. Population genetics, microsatellites and morphometrics",Population structure and phenotypic differentiation,0,0,0
1963,7,"Population genetics, microsatellites and morphometrics",Population genetics,T7. Population genetics,"T7. Population genetics, microsatellites and morphometrics",Population structure and phenotypic differentiation,0,0,0
1964,7,"Population genetics, microsatellites and morphometrics",Population genetics,T7. Population genetics,"T7. Population genetics, microsatellites and morphometrics",Population structure and phenotypic differentiation,0,0,0
1965,7,"Population genetics, microsatellites and morphometrics",Population genetics,T7. Population genetics,"T7. Population genetics, microsatellites and morphometrics",Population structure and phenotypic differentiation,0,0,6.98988815331151e-4
1966,7,"Population genetics, microsatellites and morphometrics",Population genetics,T7. Population genetics,"T7. Population genetics, microsatellites and morphometrics",Population structure and phenotypic differentiation,0.002096966445993453,1,6.98988815331151e-4
1967,7,"Population genetics, microsatellites and morphometrics",Population genetics,T7. Population genetics,"T7. Population genetics, microsatellites and morphometrics",Population structure and phenotypic differentiation,0,0,6.98988815331151e-4
1968,7,"Population genetics, microsatellites and morphometrics",Population genetics,T7. Population genetics,"T7. Population genetics, microsatellites and morphometrics",Population structure and phenotypic differentiation,0,0,0.0012664288704765851
1969,7,"Population genetics, microsatellites and morphometrics",Population genetics,T7. Population genetics,"T7. Population genetics, microsatellites and morphometrics",Population structure and phenotypic differentiation,0.0037992866114297556,3,0.005123262690934869
1970,7,"Population genetics, microsatellites and morphometrics",Population genetics,T7. Population genetics,"T7. Population genetics, microsatellites and morphometrics",Population structure and phenotypic differentiation,0.011570501461374854,1,0.005123262690934869
1971,7,"Population genetics, microsatellites and morphometrics",Population genetics,T7. Population genetics,"T7. Population genetics, microsatellites and morphometrics",Population structure and phenotypic differentiation,0,0,0.005138642749254417
1972,7,"Population genetics, microsatellites and morphometrics",Population genetics,T7. Population genetics,"T7. Population genetics, microsatellites and morphometrics",Population structure and phenotypic differentiation,0.0038454267863883987,2,0.0012818089287961328
1973,7,"Population genetics, microsatellites and morphometrics",Population genetics,T7. Population genetics,"T7. Population genetics, microsatellites and morphometrics",Population structure and phenotypic differentiation,0,0,0.0017377521957153781
1974,7,"Population genetics, microsatellites and morphometrics",Population genetics,T7. Population genetics,"T7. Population genetics, microsatellites and morphometrics",Population structure and phenotypic differentiation,0.001367829800757736,1,0.0042348274855410805
1975,7,"Population genetics, microsatellites and morphometrics",Population genetics,T7. Population genetics,"T7. Population genetics, microsatellites and morphometrics",Population structure and phenotypic differentiation,0.011336652655865505,2,0.025158098656851643
1976,7,"Population genetics, microsatellites and morphometrics",Population genetics,T7. Population genetics,"T7. Population genetics, microsatellites and morphometrics",Population structure and phenotypic differentiation,0.0627698135139317,1,0.0247021553899324
1977,7,"Population genetics, microsatellites and morphometrics",Population genetics,T7. Population genetics,"T7. Population genetics, microsatellites and morphometrics",Population structure and phenotypic differentiation,0,0,0.020923271171310563
1978,7,"Population genetics, microsatellites and morphometrics",Population genetics,T7. Population genetics,"T7. Population genetics, microsatellites and morphometrics",Population structure and phenotypic differentiation,0,0,0.004678311714031699
1979,7,"Population genetics, microsatellites and morphometrics",Population genetics,T7. Population genetics,"T7. Population genetics, microsatellites and morphometrics",Population structure and phenotypic differentiation,0.014034935142095098,2,0.004678311714031699
1980,7,"Population genetics, microsatellites and morphometrics",Population genetics,T7. Population genetics,"T7. Population genetics, microsatellites and morphometrics",Population structure and phenotypic differentiation,0,0,0.004678311714031699
1981,7,"Population genetics, microsatellites and morphometrics",Population genetics,T7. Population genetics,"T7. Population genetics, microsatellites and morphometrics",Population structure and phenotypic differentiation,0,0,0
1982,7,"Population genetics, microsatellites and morphometrics",Population genetics,T7. Population genetics,"T7. Population genetics, microsatellites and morphometrics",Population structure and phenotypic differentiation,0,0,0.0768107960883428
1983,7,"Population genetics, microsatellites and morphometrics",Population genetics,T7. Population genetics,"T7. Population genetics, microsatellites and morphometrics",Population structure and phenotypic differentiation,0.23043238826502843,2,0.08115359847352056
1984,7,"Population genetics, microsatellites and morphometrics",Population genetics,T7. Population genetics,"T7. Population genetics, microsatellites and morphometrics",Population structure and phenotypic differentiation,0.013028407155533274,1,0.08115359847352056
1985,7,"Population genetics, microsatellites and morphometrics",Population genetics,T7. Population genetics,"T7. Population genetics, microsatellites and morphometrics",Population structure and phenotypic differentiation,0,0,0.03328321094102842
1986,7,"Population genetics, microsatellites and morphometrics",Population genetics,T7. Population genetics,"T7. Population genetics, microsatellites and morphometrics",Population structure and phenotypic differentiation,0.086821225667552,3,0.05408522851955357
1987,7,"Population genetics, microsatellites and morphometrics",Population genetics,T7. Population genetics,"T7. Population genetics, microsatellites and morphometrics",Population structure and phenotypic differentiation,0.07543445989110872,3,0.056840818765962656
1988,7,"Population genetics, microsatellites and morphometrics",Population genetics,T7. Population genetics,"T7. Population genetics, microsatellites and morphometrics",Population structure and phenotypic differentiation,0.00826677073922725,1,0.03207595632676107
1989,7,"Population genetics, microsatellites and morphometrics",Population genetics,T7. Population genetics,"T7. Population genetics, microsatellites and morphometrics",Population structure and phenotypic differentiation,0.01252663834994725,1,0.008946418374307364
1990,7,"Population genetics, microsatellites and morphometrics",Population genetics,T7. Population genetics,"T7. Population genetics, microsatellites and morphometrics",Population structure and phenotypic differentiation,0.006045846033747593,1,0.008650764201878623
1991,7,"Population genetics, microsatellites and morphometrics",Population genetics,T7. Population genetics,"T7. Population genetics, microsatellites and morphometrics",Population structure and phenotypic differentiation,0.00737980822194103,4,0.005945149070156614
1992,7,"Population genetics, microsatellites and morphometrics",Population genetics,T7. Population genetics,"T7. Population genetics, microsatellites and morphometrics",Population structure and phenotypic differentiation,0.004409792954781221,3,0.003929867058907416
1993,7,"Population genetics, microsatellites and morphometrics",Population genetics,T7. Population genetics,"T7. Population genetics, microsatellites and morphometrics",Population structure and phenotypic differentiation,0,0,0.030535088253840024
1994,7,"Population genetics, microsatellites and morphometrics",Population genetics,T7. Population genetics,"T7. Population genetics, microsatellites and morphometrics",Population structure and phenotypic differentiation,0.08719547180673885,2,0.050455386643263996
1995,7,"Population genetics, microsatellites and morphometrics",Population genetics,T7. Population genetics,"T7. Population genetics, microsatellites and morphometrics",Population structure and phenotypic differentiation,0.06417068812305314,4,0.050455386643263996
1996,7,"Population genetics, microsatellites and morphometrics",Population genetics,T7. Population genetics,"T7. Population genetics, microsatellites and morphometrics",Population structure and phenotypic differentiation,0,0,0.02289767777816979
1997,7,"Population genetics, microsatellites and morphometrics",Population genetics,T7. Population genetics,"T7. Population genetics, microsatellites and morphometrics",Population structure and phenotypic differentiation,0.004522345211456232,2,0.04700307720562502
1998,7,"Population genetics, microsatellites and morphometrics",Population genetics,T7. Population genetics,"T7. Population genetics, microsatellites and morphometrics",Population structure and phenotypic differentiation,0.13648688640541884,2,0.10638051320025621
1999,7,"Population genetics, microsatellites and morphometrics",Population genetics,T7. Population genetics,"T7. Population genetics, microsatellites and morphometrics",Population structure and phenotypic differentiation,0.17813230798389357,2,0.1388261616488443
2000,7,"Population genetics, microsatellites and morphometrics",Population genetics,T7. Population genetics,"T7. Population genetics, microsatellites and morphometrics",Population structure and phenotypic differentiation,0.10185929055722046,3,0.1423926213489196
2001,7,"Population genetics, microsatellites and morphometrics",Population genetics,T7. Population genetics,"T7. Population genetics, microsatellites and morphometrics",Population structure and phenotypic differentiation,0.14718626550564487,3,0.09733944958428356
2002,7,"Population genetics, microsatellites and morphometrics",Population genetics,T7. Population genetics,"T7. Population genetics, microsatellites and morphometrics",Population structure and phenotypic differentiation,0.04297279268998539,3,0.06455549625121582
2003,7,"Population genetics, microsatellites and morphometrics",Population genetics,T7. Population genetics,"T7. Population genetics, microsatellites and morphometrics",Population structure and phenotypic differentiation,0.0035074305580171886,3,0.08340192357422753
2004,7,"Population genetics, microsatellites and morphometrics",Population genetics,T7. Population genetics,"T7. Population genetics, microsatellites and morphometrics",Population structure and phenotypic differentiation,0.20372554747468002,6,0.08874042422894965
2005,7,"Population genetics, microsatellites and morphometrics",Population genetics,T7. Population genetics,"T7. Population genetics, microsatellites and morphometrics",Population structure and phenotypic differentiation,0.058988294654151736,7,0.13570005147934125
2006,7,"Population genetics, microsatellites and morphometrics",Population genetics,T7. Population genetics,"T7. Population genetics, microsatellites and morphometrics",Population structure and phenotypic differentiation,0.14438631230919202,9,0.15361709194460446
2007,7,"Population genetics, microsatellites and morphometrics",Population genetics,T7. Population genetics,"T7. Population genetics, microsatellites and morphometrics",Population structure and phenotypic differentiation,0.2574766688704696,8,0.22553261031385594
2008,7,"Population genetics, microsatellites and morphometrics",Population genetics,T7. Population genetics,"T7. Population genetics, microsatellites and morphometrics",Population structure and phenotypic differentiation,0.27473484976190615,9,0.30227464750387095
2009,7,"Population genetics, microsatellites and morphometrics",Population genetics,T7. Population genetics,"T7. Population genetics, microsatellites and morphometrics",Population structure and phenotypic differentiation,0.37461242387923716,15,0.3314267062849848
2010,7,"Population genetics, microsatellites and morphometrics",Population genetics,T7. Population genetics,"T7. Population genetics, microsatellites and morphometrics",Population structure and phenotypic differentiation,0.3449328452138112,17,0.3302919268483922
2011,7,"Population genetics, microsatellites and morphometrics",Population genetics,T7. Population genetics,"T7. Population genetics, microsatellites and morphometrics",Population structure and phenotypic differentiation,0.2713305114521284,11,0.3525988647462829
2012,7,"Population genetics, microsatellites and morphometrics",Population genetics,T7. Population genetics,"T7. Population genetics, microsatellites and morphometrics",Population structure and phenotypic differentiation,0.4415332375729092,13,0.3276734297106356
2013,7,"Population genetics, microsatellites and morphometrics",Population genetics,T7. Population genetics,"T7. Population genetics, microsatellites and morphometrics",Population structure and phenotypic differentiation,0.2701565401068694,15,0.3666859741681013
2014,7,"Population genetics, microsatellites and morphometrics",Population genetics,T7. Population genetics,"T7. Population genetics, microsatellites and morphometrics",Population structure and phenotypic differentiation,0.38836814482452525,16,0.2953020281023804
2015,7,"Population genetics, microsatellites and morphometrics",Population genetics,T7. Population genetics,"T7. Population genetics, microsatellites and morphometrics",Population structure and phenotypic differentiation,0.22738139937574647,5,0.34734466996614327
2016,7,"Population genetics, microsatellites and morphometrics",Population genetics,T7. Population genetics,"T7. Population genetics, microsatellites and morphometrics",Population structure and phenotypic differentiation,0.42628446569815814,10,0.3585125498637836
2017,7,"Population genetics, microsatellites and morphometrics",Population genetics,T7. Population genetics,"T7. Population genetics, microsatellites and morphometrics",Population structure and phenotypic differentiation,0.42187178451744634,12,0.3635770508561984
2018,7,"Population genetics, microsatellites and morphometrics",Population genetics,T7. Population genetics,"T7. Population genetics, microsatellites and morphometrics",Population structure and phenotypic differentiation,0.24257490235299084,16,0.2737686578955588
2019,7,"Population genetics, microsatellites and morphometrics",Population genetics,T7. Population genetics,"T7. Population genetics, microsatellites and morphometrics",Population structure and phenotypic differentiation,0.15685928681623923,16,0.1528019064817931
2020,7,"Population genetics, microsatellites and morphometrics",Population genetics,T7. Population genetics,"T7. Population genetics, microsatellites and morphometrics",Population structure and phenotypic differentiation,0.05897153027614919,16,0.08618431396157802
2021,7,"Population genetics, microsatellites and morphometrics",Population genetics,T7. Population genetics,"T7. Population genetics, microsatellites and morphometrics",Population structure and phenotypic differentiation,0.042722124792345655,26,0.10900668786959816
2022,7,"Population genetics, microsatellites and morphometrics",Population genetics,T7. Population genetics,"T7. Population genetics, microsatellites and morphometrics",Population structure and phenotypic differentiation,0.22532640854029964,23,0.10481983380478123
2023,7,"Population genetics, microsatellites and morphometrics",Population genetics,T7. Population genetics,"T7. Population genetics, microsatellites and morphometrics",Population structure and phenotypic differentiation,0.0464109680816984,31,0.12630641510063678
2024,7,"Population genetics, microsatellites and morphometrics",Population genetics,T7. Population genetics,"T7. Population genetics, microsatellites and morphometrics",Population structure and phenotypic differentiation,0.10718186867991235,21,0.10132043589108569
2025,7,"Population genetics, microsatellites and morphometrics",Population genetics,T7. Population genetics,"T7. Population genetics, microsatellites and morphometrics",Population structure and phenotypic differentiation,0.15036847091164635,39,0.08610190939187809
2026,7,"Population genetics, microsatellites and morphometrics",Population genetics,T7. Population genetics,"T7. Population genetics, microsatellites and morphometrics",Population structure and phenotypic differentiation,7.553885840755795e-4,11,7.553885840755795e-4
1950,8,"Gene expression, caste differentiation and reproductive genetics",Expression/caste,T8. Expression/caste,"T8. Gene expression, caste differentiation and reproductive genetics",Functional and reproductive genomics,0.8372671535691865,2,0.8372671535691865
1951,8,"Gene expression, caste differentiation and reproductive genetics",Expression/caste,T8. Expression/caste,"T8. Gene expression, caste differentiation and reproductive genetics",Functional and reproductive genomics,0,0,0.2790890511897288
1952,8,"Gene expression, caste differentiation and reproductive genetics",Expression/caste,T8. Expression/caste,"T8. Gene expression, caste differentiation and reproductive genetics",Functional and reproductive genomics,0,0,0
1953,8,"Gene expression, caste differentiation and reproductive genetics",Expression/caste,T8. Expression/caste,"T8. Gene expression, caste differentiation and reproductive genetics",Functional and reproductive genomics,0,0,0
1954,8,"Gene expression, caste differentiation and reproductive genetics",Expression/caste,T8. Expression/caste,"T8. Gene expression, caste differentiation and reproductive genetics",Functional and reproductive genomics,0,0,0
1955,8,"Gene expression, caste differentiation and reproductive genetics",Expression/caste,T8. Expression/caste,"T8. Gene expression, caste differentiation and reproductive genetics",Functional and reproductive genomics,0,0,0
1956,8,"Gene expression, caste differentiation and reproductive genetics",Expression/caste,T8. Expression/caste,"T8. Gene expression, caste differentiation and reproductive genetics",Functional and reproductive genomics,0,0,0
1957,8,"Gene expression, caste differentiation and reproductive genetics",Expression/caste,T8. Expression/caste,"T8. Gene expression, caste differentiation and reproductive genetics",Functional and reproductive genomics,0,0,0
1958,8,"Gene expression, caste differentiation and reproductive genetics",Expression/caste,T8. Expression/caste,"T8. Gene expression, caste differentiation and reproductive genetics",Functional and reproductive genomics,0,0,0
1959,8,"Gene expression, caste differentiation and reproductive genetics",Expression/caste,T8. Expression/caste,"T8. Gene expression, caste differentiation and reproductive genetics",Functional and reproductive genomics,0,0,0
1960,8,"Gene expression, caste differentiation and reproductive genetics",Expression/caste,T8. Expression/caste,"T8. Gene expression, caste differentiation and reproductive genetics",Functional and reproductive genomics,0,0,0
1961,8,"Gene expression, caste differentiation and reproductive genetics",Expression/caste,T8. Expression/caste,"T8. Gene expression, caste differentiation and reproductive genetics",Functional and reproductive genomics,0,0,0
1962,8,"Gene expression, caste differentiation and reproductive genetics",Expression/caste,T8. Expression/caste,"T8. Gene expression, caste differentiation and reproductive genetics",Functional and reproductive genomics,0,0,0
1963,8,"Gene expression, caste differentiation and reproductive genetics",Expression/caste,T8. Expression/caste,"T8. Gene expression, caste differentiation and reproductive genetics",Functional and reproductive genomics,0,0,0
1964,8,"Gene expression, caste differentiation and reproductive genetics",Expression/caste,T8. Expression/caste,"T8. Gene expression, caste differentiation and reproductive genetics",Functional and reproductive genomics,0,0,0
1965,8,"Gene expression, caste differentiation and reproductive genetics",Expression/caste,T8. Expression/caste,"T8. Gene expression, caste differentiation and reproductive genetics",Functional and reproductive genomics,0,0,0.31961726786175504
1966,8,"Gene expression, caste differentiation and reproductive genetics",Expression/caste,T8. Expression/caste,"T8. Gene expression, caste differentiation and reproductive genetics",Functional and reproductive genomics,0.9588518035852651,1,0.31961726786175504
1967,8,"Gene expression, caste differentiation and reproductive genetics",Expression/caste,T8. Expression/caste,"T8. Gene expression, caste differentiation and reproductive genetics",Functional and reproductive genomics,0,0,0.31961726786175504
1968,8,"Gene expression, caste differentiation and reproductive genetics",Expression/caste,T8. Expression/caste,"T8. Gene expression, caste differentiation and reproductive genetics",Functional and reproductive genomics,0,0,0.006727821159578614
1969,8,"Gene expression, caste differentiation and reproductive genetics",Expression/caste,T8. Expression/caste,"T8. Gene expression, caste differentiation and reproductive genetics",Functional and reproductive genomics,0.020183463478735845,3,0.021562715793685683
1970,8,"Gene expression, caste differentiation and reproductive genetics",Expression/caste,T8. Expression/caste,"T8. Gene expression, caste differentiation and reproductive genetics",Functional and reproductive genomics,0.0445046839023212,1,0.021562715793685683
1971,8,"Gene expression, caste differentiation and reproductive genetics",Expression/caste,T8. Expression/caste,"T8. Gene expression, caste differentiation and reproductive genetics",Functional and reproductive genomics,0,0,0.04317139327866502
1972,8,"Gene expression, caste differentiation and reproductive genetics",Expression/caste,T8. Expression/caste,"T8. Gene expression, caste differentiation and reproductive genetics",Functional and reproductive genomics,0.08500949593367385,2,0.02833649864455795
1973,8,"Gene expression, caste differentiation and reproductive genetics",Expression/caste,T8. Expression/caste,"T8. Gene expression, caste differentiation and reproductive genetics",Functional and reproductive genomics,0,0,0.35526170053675415
1974,8,"Gene expression, caste differentiation and reproductive genetics",Expression/caste,T8. Expression/caste,"T8. Gene expression, caste differentiation and reproductive genetics",Functional and reproductive genomics,0.9807756056765887,1,0.5799219888213328
1975,8,"Gene expression, caste differentiation and reproductive genetics",Expression/caste,T8. Expression/caste,"T8. Gene expression, caste differentiation and reproductive genetics",Functional and reproductive genomics,0.7589903607874099,2,0.6715205921766867
1976,8,"Gene expression, caste differentiation and reproductive genetics",Expression/caste,T8. Expression/caste,"T8. Gene expression, caste differentiation and reproductive genetics",Functional and reproductive genomics,0.2747958100660617,1,0.3445953902844905
1977,8,"Gene expression, caste differentiation and reproductive genetics",Expression/caste,T8. Expression/caste,"T8. Gene expression, caste differentiation and reproductive genetics",Functional and reproductive genomics,0,0,0.09159860335535389
1978,8,"Gene expression, caste differentiation and reproductive genetics",Expression/caste,T8. Expression/caste,"T8. Gene expression, caste differentiation and reproductive genetics",Functional and reproductive genomics,0,0,0.17250410461225757
1979,8,"Gene expression, caste differentiation and reproductive genetics",Expression/caste,T8. Expression/caste,"T8. Gene expression, caste differentiation and reproductive genetics",Functional and reproductive genomics,0.5175123138367728,2,0.17250410461225757
1980,8,"Gene expression, caste differentiation and reproductive genetics",Expression/caste,T8. Expression/caste,"T8. Gene expression, caste differentiation and reproductive genetics",Functional and reproductive genomics,0,0,0.17250410461225757
1981,8,"Gene expression, caste differentiation and reproductive genetics",Expression/caste,T8. Expression/caste,"T8. Gene expression, caste differentiation and reproductive genetics",Functional and reproductive genomics,0,0,0
1982,8,"Gene expression, caste differentiation and reproductive genetics",Expression/caste,T8. Expression/caste,"T8. Gene expression, caste differentiation and reproductive genetics",Functional and reproductive genomics,0,0,0.016818899911692345
1983,8,"Gene expression, caste differentiation and reproductive genetics",Expression/caste,T8. Expression/caste,"T8. Gene expression, caste differentiation and reproductive genetics",Functional and reproductive genomics,0.050456699735077035,2,0.01976790310707521
1984,8,"Gene expression, caste differentiation and reproductive genetics",Expression/caste,T8. Expression/caste,"T8. Gene expression, caste differentiation and reproductive genetics",Functional and reproductive genomics,0.008847009586148596,1,0.01976790310707521
1985,8,"Gene expression, caste differentiation and reproductive genetics",Expression/caste,T8. Expression/caste,"T8. Gene expression, caste differentiation and reproductive genetics",Functional and reproductive genomics,0,0,0.011305437505024373
1986,8,"Gene expression, caste differentiation and reproductive genetics",Expression/caste,T8. Expression/caste,"T8. Gene expression, caste differentiation and reproductive genetics",Functional and reproductive genomics,0.025069302928924526,3,0.07689232329500695
1987,8,"Gene expression, caste differentiation and reproductive genetics",Expression/caste,T8. Expression/caste,"T8. Gene expression, caste differentiation and reproductive genetics",Functional and reproductive genomics,0.20560766695609634,3,0.08628086973969337
1988,8,"Gene expression, caste differentiation and reproductive genetics",Expression/caste,T8. Expression/caste,"T8. Gene expression, caste differentiation and reproductive genetics",Functional and reproductive genomics,0.02816563933405927,1,0.08034123033928685
1989,8,"Gene expression, caste differentiation and reproductive genetics",Expression/caste,T8. Expression/caste,"T8. Gene expression, caste differentiation and reproductive genetics",Functional and reproductive genomics,0.007250384727704958,1,0.013156177448539056
1990,8,"Gene expression, caste differentiation and reproductive genetics",Expression/caste,T8. Expression/caste,"T8. Gene expression, caste differentiation and reproductive genetics",Functional and reproductive genomics,0.004052508283852944,1,0.004976184001581916
1991,8,"Gene expression, caste differentiation and reproductive genetics",Expression/caste,T8. Expression/caste,"T8. Gene expression, caste differentiation and reproductive genetics",Functional and reproductive genomics,0.0036256589931878466,4,0.004861113224421791
1992,8,"Gene expression, caste differentiation and reproductive genetics",Expression/caste,T8. Expression/caste,"T8. Gene expression, caste differentiation and reproductive genetics",Functional and reproductive genomics,0.006905172396224583,3,0.003510277129804143
1993,8,"Gene expression, caste differentiation and reproductive genetics",Expression/caste,T8. Expression/caste,"T8. Gene expression, caste differentiation and reproductive genetics",Functional and reproductive genomics,0,0,0.040430099256160944
1994,8,"Gene expression, caste differentiation and reproductive genetics",Expression/caste,T8. Expression/caste,"T8. Gene expression, caste differentiation and reproductive genetics",Functional and reproductive genomics,0.11438512537225824,2,0.06294157969851547
1995,8,"Gene expression, caste differentiation and reproductive genetics",Expression/caste,T8. Expression/caste,"T8. Gene expression, caste differentiation and reproductive genetics",Functional and reproductive genomics,0.07443961372328818,4,0.06294157969851547
1996,8,"Gene expression, caste differentiation and reproductive genetics",Expression/caste,T8. Expression/caste,"T8. Gene expression, caste differentiation and reproductive genetics",Functional and reproductive genomics,0,0,0.030683038262775762
1997,8,"Gene expression, caste differentiation and reproductive genetics",Expression/caste,T8. Expression/caste,"T8. Gene expression, caste differentiation and reproductive genetics",Functional and reproductive genomics,0.017609501065039106,2,0.01326486923340323
1998,8,"Gene expression, caste differentiation and reproductive genetics",Expression/caste,T8. Expression/caste,"T8. Gene expression, caste differentiation and reproductive genetics",Functional and reproductive genomics,0.022185106635170586,2,0.01982084349667209
1999,8,"Gene expression, caste differentiation and reproductive genetics",Expression/caste,T8. Expression/caste,"T8. Gene expression, caste differentiation and reproductive genetics",Functional and reproductive genomics,0.019667922789806586,2,0.07958167790689699
2000,8,"Gene expression, caste differentiation and reproductive genetics",Expression/caste,T8. Expression/caste,"T8. Gene expression, caste differentiation and reproductive genetics",Functional and reproductive genomics,0.19689200429571385,3,0.07536111088543486
2001,8,"Gene expression, caste differentiation and reproductive genetics",Expression/caste,T8. Expression/caste,"T8. Gene expression, caste differentiation and reproductive genetics",Functional and reproductive genomics,0.009523405570784165,3,0.07001023503368044
2002,8,"Gene expression, caste differentiation and reproductive genetics",Expression/caste,T8. Expression/caste,"T8. Gene expression, caste differentiation and reproductive genetics",Functional and reproductive genomics,0.0036152952345433163,3,0.005658245729813879
2003,8,"Gene expression, caste differentiation and reproductive genetics",Expression/caste,T8. Expression/caste,"T8. Gene expression, caste differentiation and reproductive genetics",Functional and reproductive genomics,0.0038360363841141564,3,0.0809406109985309
2004,8,"Gene expression, caste differentiation and reproductive genetics",Expression/caste,T8. Expression/caste,"T8. Gene expression, caste differentiation and reproductive genetics",Functional and reproductive genomics,0.23537050137693527,6,0.08074671283174287
2005,8,"Gene expression, caste differentiation and reproductive genetics",Expression/caste,T8. Expression/caste,"T8. Gene expression, caste differentiation and reproductive genetics",Functional and reproductive genomics,0.003033600734179179,7,0.15029924316099752
2006,8,"Gene expression, caste differentiation and reproductive genetics",Expression/caste,T8. Expression/caste,"T8. Gene expression, caste differentiation and reproductive genetics",Functional and reproductive genomics,0.2124936273718781,9,0.15242428217720436
2007,8,"Gene expression, caste differentiation and reproductive genetics",Expression/caste,T8. Expression/caste,"T8. Gene expression, caste differentiation and reproductive genetics",Functional and reproductive genomics,0.24174561842555575,8,0.18128697332657406
2008,8,"Gene expression, caste differentiation and reproductive genetics",Expression/caste,T8. Expression/caste,"T8. Gene expression, caste differentiation and reproductive genetics",Functional and reproductive genomics,0.08962167418228836,9,0.16894378763335663
2009,8,"Gene expression, caste differentiation and reproductive genetics",Expression/caste,T8. Expression/caste,"T8. Gene expression, caste differentiation and reproductive genetics",Functional and reproductive genomics,0.17546407029222583,15,0.09366331160658341
2010,8,"Gene expression, caste differentiation and reproductive genetics",Expression/caste,T8. Expression/caste,"T8. Gene expression, caste differentiation and reproductive genetics",Functional and reproductive genomics,0.015904190345236074,17,0.14530949765889087
2011,8,"Gene expression, caste differentiation and reproductive genetics",Expression/caste,T8. Expression/caste,"T8. Gene expression, caste differentiation and reproductive genetics",Functional and reproductive genomics,0.2445602323392107,11,0.1334111959522247
2012,8,"Gene expression, caste differentiation and reproductive genetics",Expression/caste,T8. Expression/caste,"T8. Gene expression, caste differentiation and reproductive genetics",Functional and reproductive genomics,0.13976916517222732,13,0.16306663098382884
2013,8,"Gene expression, caste differentiation and reproductive genetics",Expression/caste,T8. Expression/caste,"T8. Gene expression, caste differentiation and reproductive genetics",Functional and reproductive genomics,0.10487049544004848,15,0.0850851094150346
2014,8,"Gene expression, caste differentiation and reproductive genetics",Expression/caste,T8. Expression/caste,"T8. Gene expression, caste differentiation and reproductive genetics",Functional and reproductive genomics,0.01061566763282803,16,0.1584682176826101
2015,8,"Gene expression, caste differentiation and reproductive genetics",Expression/caste,T8. Expression/caste,"T8. Gene expression, caste differentiation and reproductive genetics",Functional and reproductive genomics,0.35991848997495385,5,0.18664219757178757
2016,8,"Gene expression, caste differentiation and reproductive genetics",Expression/caste,T8. Expression/caste,"T8. Gene expression, caste differentiation and reproductive genetics",Functional and reproductive genomics,0.18939243510758086,10,0.2578012305397132
2017,8,"Gene expression, caste differentiation and reproductive genetics",Expression/caste,T8. Expression/caste,"T8. Gene expression, caste differentiation and reproductive genetics",Functional and reproductive genomics,0.224092766536605,12,0.15793081020679964
2018,8,"Gene expression, caste differentiation and reproductive genetics",Expression/caste,T8. Expression/caste,"T8. Gene expression, caste differentiation and reproductive genetics",Functional and reproductive genomics,0.06030722897621302,16,0.12702713085919673
2019,8,"Gene expression, caste differentiation and reproductive genetics",Expression/caste,T8. Expression/caste,"T8. Gene expression, caste differentiation and reproductive genetics",Functional and reproductive genomics,0.09668139706477218,16,0.08511817942154686
2020,8,"Gene expression, caste differentiation and reproductive genetics",Expression/caste,T8. Expression/caste,"T8. Gene expression, caste differentiation and reproductive genetics",Functional and reproductive genomics,0.09836591222365536,16,0.10352895845870964
2021,8,"Gene expression, caste differentiation and reproductive genetics",Expression/caste,T8. Expression/caste,"T8. Gene expression, caste differentiation and reproductive genetics",Functional and reproductive genomics,0.1155395660877014,26,0.08625334039901865
2022,8,"Gene expression, caste differentiation and reproductive genetics",Expression/caste,T8. Expression/caste,"T8. Gene expression, caste differentiation and reproductive genetics",Functional and reproductive genomics,0.044854542885699206,23,0.08409762143536599
2023,8,"Gene expression, caste differentiation and reproductive genetics",Expression/caste,T8. Expression/caste,"T8. Gene expression, caste differentiation and reproductive genetics",Functional and reproductive genomics,0.0918987553326974,31,0.058892655069478814
2024,8,"Gene expression, caste differentiation and reproductive genetics",Expression/caste,T8. Expression/caste,"T8. Gene expression, caste differentiation and reproductive genetics",Functional and reproductive genomics,0.039924666990039846,21,0.06768526788000898
2025,8,"Gene expression, caste differentiation and reproductive genetics",Expression/caste,T8. Expression/caste,"T8. Gene expression, caste differentiation and reproductive genetics",Functional and reproductive genomics,0.0712323813172897,39,0.05839790312865999
2026,8,"Gene expression, caste differentiation and reproductive genetics",Expression/caste,T8. Expression/caste,"T8. Gene expression, caste differentiation and reproductive genetics",Functional and reproductive genomics,0.06403666107865044,11,0.06403666107865044
1950,9,"Gut microbiome, detoxification and exposure responses",Microbiome/exposure,T9. Microbiome/exposure,"T9. Gut microbiome, detoxification and exposure responses",Microbiome and environmental stress,0.00330736684162389,2,0.00330736684162389
1951,9,"Gut microbiome, detoxification and exposure responses",Microbiome/exposure,T9. Microbiome/exposure,"T9. Gut microbiome, detoxification and exposure responses",Microbiome and environmental stress,0,0,0.00110245561387463
1952,9,"Gut microbiome, detoxification and exposure responses",Microbiome/exposure,T9. Microbiome/exposure,"T9. Gut microbiome, detoxification and exposure responses",Microbiome and environmental stress,0,0,0
1953,9,"Gut microbiome, detoxification and exposure responses",Microbiome/exposure,T9. Microbiome/exposure,"T9. Gut microbiome, detoxification and exposure responses",Microbiome and environmental stress,0,0,0
1954,9,"Gut microbiome, detoxification and exposure responses",Microbiome/exposure,T9. Microbiome/exposure,"T9. Gut microbiome, detoxification and exposure responses",Microbiome and environmental stress,0,0,0
1955,9,"Gut microbiome, detoxification and exposure responses",Microbiome/exposure,T9. Microbiome/exposure,"T9. Gut microbiome, detoxification and exposure responses",Microbiome and environmental stress,0,0,0
1956,9,"Gut microbiome, detoxification and exposure responses",Microbiome/exposure,T9. Microbiome/exposure,"T9. Gut microbiome, detoxification and exposure responses",Microbiome and environmental stress,0,0,0
1957,9,"Gut microbiome, detoxification and exposure responses",Microbiome/exposure,T9. Microbiome/exposure,"T9. Gut microbiome, detoxification and exposure responses",Microbiome and environmental stress,0,0,0
1958,9,"Gut microbiome, detoxification and exposure responses",Microbiome/exposure,T9. Microbiome/exposure,"T9. Gut microbiome, detoxification and exposure responses",Microbiome and environmental stress,0,0,0
1959,9,"Gut microbiome, detoxification and exposure responses",Microbiome/exposure,T9. Microbiome/exposure,"T9. Gut microbiome, detoxification and exposure responses",Microbiome and environmental stress,0,0,0
1960,9,"Gut microbiome, detoxification and exposure responses",Microbiome/exposure,T9. Microbiome/exposure,"T9. Gut microbiome, detoxification and exposure responses",Microbiome and environmental stress,0,0,0
1961,9,"Gut microbiome, detoxification and exposure responses",Microbiome/exposure,T9. Microbiome/exposure,"T9. Gut microbiome, detoxification and exposure responses",Microbiome and environmental stress,0,0,0
1962,9,"Gut microbiome, detoxification and exposure responses",Microbiome/exposure,T9. Microbiome/exposure,"T9. Gut microbiome, detoxification and exposure responses",Microbiome and environmental stress,0,0,0
1963,9,"Gut microbiome, detoxification and exposure responses",Microbiome/exposure,T9. Microbiome/exposure,"T9. Gut microbiome, detoxification and exposure responses",Microbiome and environmental stress,0,0,0
1964,9,"Gut microbiome, detoxification and exposure responses",Microbiome/exposure,T9. Microbiome/exposure,"T9. Gut microbiome, detoxification and exposure responses",Microbiome and environmental stress,0,0,0
1965,9,"Gut microbiome, detoxification and exposure responses",Microbiome/exposure,T9. Microbiome/exposure,"T9. Gut microbiome, detoxification and exposure responses",Microbiome and environmental stress,0,0,0.008366417172901272
1966,9,"Gut microbiome, detoxification and exposure responses",Microbiome/exposure,T9. Microbiome/exposure,"T9. Gut microbiome, detoxification and exposure responses",Microbiome and environmental stress,0.02509925151870382,1,0.008366417172901272
1967,9,"Gut microbiome, detoxification and exposure responses",Microbiome/exposure,T9. Microbiome/exposure,"T9. Gut microbiome, detoxification and exposure responses",Microbiome and environmental stress,0,0,0.008366417172901272
1968,9,"Gut microbiome, detoxification and exposure responses",Microbiome/exposure,T9. Microbiome/exposure,"T9. Gut microbiome, detoxification and exposure responses",Microbiome and environmental stress,0,0,0.24693972655992685
1969,9,"Gut microbiome, detoxification and exposure responses",Microbiome/exposure,T9. Microbiome/exposure,"T9. Gut microbiome, detoxification and exposure responses",Microbiome and environmental stress,0.7408191796797806,3,0.28012765099690373
1970,9,"Gut microbiome, detoxification and exposure responses",Microbiome/exposure,T9. Microbiome/exposure,"T9. Gut microbiome, detoxification and exposure responses",Microbiome and environmental stress,0.09956377331093065,1,0.28012765099690373
1971,9,"Gut microbiome, detoxification and exposure responses",Microbiome/exposure,T9. Microbiome/exposure,"T9. Gut microbiome, detoxification and exposure responses",Microbiome and environmental stress,0,0,0.2393698644278088
1972,9,"Gut microbiome, detoxification and exposure responses",Microbiome/exposure,T9. Microbiome/exposure,"T9. Gut microbiome, detoxification and exposure responses",Microbiome and environmental stress,0.6185458199724958,2,0.20618193999083193
1973,9,"Gut microbiome, detoxification and exposure responses",Microbiome/exposure,T9. Microbiome/exposure,"T9. Gut microbiome, detoxification and exposure responses",Microbiome and environmental stress,0,0,0.2070429567755448
1974,9,"Gut microbiome, detoxification and exposure responses",Microbiome/exposure,T9. Microbiome/exposure,"T9. Gut microbiome, detoxification and exposure responses",Microbiome and environmental stress,0.0025830503541385877,1,0.005862753786783301
1975,9,"Gut microbiome, detoxification and exposure responses",Microbiome/exposure,T9. Microbiome/exposure,"T9. Gut microbiome, detoxification and exposure responses",Microbiome and environmental stress,0.015005211006211317,2,0.00808862809135496
1976,9,"Gut microbiome, detoxification and exposure responses",Microbiome/exposure,T9. Microbiome/exposure,"T9. Gut microbiome, detoxification and exposure responses",Microbiome and environmental stress,0.006677622913714979,1,0.007227611306642098
1977,9,"Gut microbiome, detoxification and exposure responses",Microbiome/exposure,T9. Microbiome/exposure,"T9. Gut microbiome, detoxification and exposure responses",Microbiome and environmental stress,0,0,0.0022258743045716596
1978,9,"Gut microbiome, detoxification and exposure responses",Microbiome/exposure,T9. Microbiome/exposure,"T9. Gut microbiome, detoxification and exposure responses",Microbiome and environmental stress,0,0,4.1821737002000663e-4
1979,9,"Gut microbiome, detoxification and exposure responses",Microbiome/exposure,T9. Microbiome/exposure,"T9. Gut microbiome, detoxification and exposure responses",Microbiome and environmental stress,0.0012546521100600199,2,4.1821737002000663e-4
1980,9,"Gut microbiome, detoxification and exposure responses",Microbiome/exposure,T9. Microbiome/exposure,"T9. Gut microbiome, detoxification and exposure responses",Microbiome and environmental stress,0,0,4.1821737002000663e-4
1981,9,"Gut microbiome, detoxification and exposure responses",Microbiome/exposure,T9. Microbiome/exposure,"T9. Gut microbiome, detoxification and exposure responses",Microbiome and environmental stress,0,0,0
1982,9,"Gut microbiome, detoxification and exposure responses",Microbiome/exposure,T9. Microbiome/exposure,"T9. Gut microbiome, detoxification and exposure responses",Microbiome and environmental stress,0,0,1.8613456784397124e-5
1983,9,"Gut microbiome, detoxification and exposure responses",Microbiome/exposure,T9. Microbiome/exposure,"T9. Gut microbiome, detoxification and exposure responses",Microbiome and environmental stress,5.584037035319137e-5,2,2.963929548017711e-5
1984,9,"Gut microbiome, detoxification and exposure responses",Microbiome/exposure,T9. Microbiome/exposure,"T9. Gut microbiome, detoxification and exposure responses",Microbiome and environmental stress,3.307751608733996e-5,1,2.963929548017711e-5
1985,9,"Gut microbiome, detoxification and exposure responses",Microbiome/exposure,T9. Microbiome/exposure,"T9. Gut microbiome, detoxification and exposure responses",Microbiome and environmental stress,0,0,2.982910288215127e-5
1986,9,"Gut microbiome, detoxification and exposure responses",Microbiome/exposure,T9. Microbiome/exposure,"T9. Gut microbiome, detoxification and exposure responses",Microbiome and environmental stress,5.640979255911386e-5,3,3.525830710519935e-5
1987,9,"Gut microbiome, detoxification and exposure responses",Microbiome/exposure,T9. Microbiome/exposure,"T9. Gut microbiome, detoxification and exposure responses",Microbiome and environmental stress,4.936512875648419e-5,3,4.0070869773642155e-5
1988,9,"Gut microbiome, detoxification and exposure responses",Microbiome/exposure,T9. Microbiome/exposure,"T9. Gut microbiome, detoxification and exposure responses",Microbiome and environmental stress,1.4437688005328414e-5,1,2.2626754404210766e-5
1989,9,"Gut microbiome, detoxification and exposure responses",Microbiome/exposure,T9. Microbiome/exposure,"T9. Gut microbiome, detoxification and exposure responses",Microbiome and environmental stress,4.077446450819697e-6,1,6.989033413503925e-6
1990,9,"Gut microbiome, detoxification and exposure responses",Microbiome/exposure,T9. Microbiome/exposure,"T9. Gut microbiome, detoxification and exposure responses",Microbiome and environmental stress,2.4519657843636642e-6,1,2.8302353076276953e-6
1991,9,"Gut microbiome, detoxification and exposure responses",Microbiome/exposure,T9. Microbiome/exposure,"T9. Gut microbiome, detoxification and exposure responses",Microbiome and environmental stress,1.9612936876997244e-6,4,1.58336316553841e-6
1992,9,"Gut microbiome, detoxification and exposure responses",Microbiome/exposure,T9. Microbiome/exposure,"T9. Gut microbiome, detoxification and exposure responses",Microbiome and environmental stress,3.368300245518412e-7,3,7.660412374171885e-7
1993,9,"Gut microbiome, detoxification and exposure responses",Microbiome/exposure,T9. Microbiome/exposure,"T9. Gut microbiome, detoxification and exposure responses",Microbiome and environmental stress,0,0,6.856622081196695e-7
1994,9,"Gut microbiome, detoxification and exposure responses",Microbiome/exposure,T9. Microbiome/exposure,"T9. Gut microbiome, detoxification and exposure responses",Microbiome and environmental stress,1.7201565998071676e-6,2,3.0930998325771254e-6
1995,9,"Gut microbiome, detoxification and exposure responses",Microbiome/exposure,T9. Microbiome/exposure,"T9. Gut microbiome, detoxification and exposure responses",Microbiome and environmental stress,7.559142897924209e-6,4,3.0930998325771254e-6
1996,9,"Gut microbiome, detoxification and exposure responses",Microbiome/exposure,T9. Microbiome/exposure,"T9. Gut microbiome, detoxification and exposure responses",Microbiome and environmental stress,0,0,5.030658091423868e-6
1997,9,"Gut microbiome, detoxification and exposure responses",Microbiome/exposure,T9. Microbiome/exposure,"T9. Gut microbiome, detoxification and exposure responses",Microbiome and environmental stress,7.532831376347396e-6,2,2.628394884660479e-6
1998,9,"Gut microbiome, detoxification and exposure responses",Microbiome/exposure,T9. Microbiome/exposure,"T9. Gut microbiome, detoxification and exposure responses",Microbiome and environmental stress,3.5235327763404294e-7,2,3.0801005457423593e-6
1999,9,"Gut microbiome, detoxification and exposure responses",Microbiome/exposure,T9. Microbiome/exposure,"T9. Gut microbiome, detoxification and exposure responses",Microbiome and environmental stress,1.35511698324564e-6,2,6.867938503044955e-6
2000,9,"Gut microbiome, detoxification and exposure responses",Microbiome/exposure,T9. Microbiome/exposure,"T9. Gut microbiome, detoxification and exposure responses",Microbiome and environmental stress,1.8896345248255183e-5,3,1.2543442741771655e-5
2001,9,"Gut microbiome, detoxification and exposure responses",Microbiome/exposure,T9. Microbiome/exposure,"T9. Gut microbiome, detoxification and exposure responses",Microbiome and environmental stress,1.7378865993814146e-5,3,6.95661704735027e-4
2002,9,"Gut microbiome, detoxification and exposure responses",Microbiome/exposure,T9. Microbiome/exposure,"T9. Gut microbiome, detoxification and exposure responses",Microbiome and environmental stress,0.002050709902963012,3,7.871269764271272e-4
2003,9,"Gut microbiome, detoxification and exposure responses",Microbiome/exposure,T9. Microbiome/exposure,"T9. Gut microbiome, detoxification and exposure responses",Microbiome and environmental stress,2.932921603245554e-4,3,9.727501715118463e-4
2004,9,"Gut microbiome, detoxification and exposure responses",Microbiome/exposure,T9. Microbiome/exposure,"T9. Gut microbiome, detoxification and exposure responses",Microbiome and environmental stress,5.742484512479716e-4,6,4.050154011346356e-4
2005,9,"Gut microbiome, detoxification and exposure responses",Microbiome/exposure,T9. Microbiome/exposure,"T9. Gut microbiome, detoxification and exposure responses",Microbiome and environmental stress,3.475055918313798e-4,7,0.016610931045515184
2006,9,"Gut microbiome, detoxification and exposure responses",Microbiome/exposure,T9. Microbiome/exposure,"T9. Gut microbiome, detoxification and exposure responses",Microbiome and environmental stress,0.048911039093466196,9,0.016828670059733496
2007,9,"Gut microbiome, detoxification and exposure responses",Microbiome/exposure,T9. Microbiome/exposure,"T9. Gut microbiome, detoxification and exposure responses",Microbiome and environmental stress,0.0012274654939029136,8,0.03537903924348664
2008,9,"Gut microbiome, detoxification and exposure responses",Microbiome/exposure,T9. Microbiome/exposure,"T9. Gut microbiome, detoxification and exposure responses",Microbiome and environmental stress,0.05599861314309082,9,0.020551189119874927
2009,9,"Gut microbiome, detoxification and exposure responses",Microbiome/exposure,T9. Microbiome/exposure,"T9. Gut microbiome, detoxification and exposure responses",Microbiome and environmental stress,0.004427488722631055,15,0.020330276293904624
2010,9,"Gut microbiome, detoxification and exposure responses",Microbiome/exposure,T9. Microbiome/exposure,"T9. Gut microbiome, detoxification and exposure responses",Microbiome and environmental stress,5.647270159920023e-4,17,0.016233139201476073
2011,9,"Gut microbiome, detoxification and exposure responses",Microbiome/exposure,T9. Microbiome/exposure,"T9. Gut microbiome, detoxification and exposure responses",Microbiome and environmental stress,0.04370720186580516,11,0.016259712181339068
2012,9,"Gut microbiome, detoxification and exposure responses",Microbiome/exposure,T9. Microbiome/exposure,"T9. Gut microbiome, detoxification and exposure responses",Microbiome and environmental stress,0.004507207662220048,13,0.016137925443518126
2013,9,"Gut microbiome, detoxification and exposure responses",Microbiome/exposure,T9. Microbiome/exposure,"T9. Gut microbiome, detoxification and exposure responses",Microbiome and environmental stress,1.9936680252917671e-4,15,0.008592549143203745
2014,9,"Gut microbiome, detoxification and exposure responses",Microbiome/exposure,T9. Microbiome/exposure,"T9. Gut microbiome, detoxification and exposure responses",Microbiome and environmental stress,0.02107107296486201,16,0.007315214516296518
2015,9,"Gut microbiome, detoxification and exposure responses",Microbiome/exposure,T9. Microbiome/exposure,"T9. Gut microbiome, detoxification and exposure responses",Microbiome and environmental stress,6.752037814983671e-4,5,0.007665065443273938
2016,9,"Gut microbiome, detoxification and exposure responses",Microbiome/exposure,T9. Microbiome/exposure,"T9. Gut microbiome, detoxification and exposure responses",Microbiome and environmental stress,0.0012489195834614374,10,0.015540890834914858
2017,9,"Gut microbiome, detoxification and exposure responses",Microbiome/exposure,T9. Microbiome/exposure,"T9. Gut microbiome, detoxification and exposure responses",Microbiome and environmental stress,0.04469854913978477,12,0.0196788988741252
2018,9,"Gut microbiome, detoxification and exposure responses",Microbiome/exposure,T9. Microbiome/exposure,"T9. Gut microbiome, detoxification and exposure responses",Microbiome and environmental stress,0.013089227899129386,16,0.02566498865799515
2019,9,"Gut microbiome, detoxification and exposure responses",Microbiome/exposure,T9. Microbiome/exposure,"T9. Gut microbiome, detoxification and exposure responses",Microbiome and environmental stress,0.0192071889350713,16,0.012248561008427618
2020,9,"Gut microbiome, detoxification and exposure responses",Microbiome/exposure,T9. Microbiome/exposure,"T9. Gut microbiome, detoxification and exposure responses",Microbiome and environmental stress,0.004449266191082168,16,0.0675397841709544
2021,9,"Gut microbiome, detoxification and exposure responses",Microbiome/exposure,T9. Microbiome/exposure,"T9. Gut microbiome, detoxification and exposure responses",Microbiome and environmental stress,0.17896289738670973,26,0.11028892867793068
2022,9,"Gut microbiome, detoxification and exposure responses",Microbiome/exposure,T9. Microbiome/exposure,"T9. Gut microbiome, detoxification and exposure responses",Microbiome and environmental stress,0.14745462245600016,23,0.16748497579633928
2023,9,"Gut microbiome, detoxification and exposure responses",Microbiome/exposure,T9. Microbiome/exposure,"T9. Gut microbiome, detoxification and exposure responses",Microbiome and environmental stress,0.176037407546308,31,0.1374077065452509
2024,9,"Gut microbiome, detoxification and exposure responses",Microbiome/exposure,T9. Microbiome/exposure,"T9. Gut microbiome, detoxification and exposure responses",Microbiome and environmental stress,0.08873108963344455,21,0.13131718500111023
2025,9,"Gut microbiome, detoxification and exposure responses",Microbiome/exposure,T9. Microbiome/exposure,"T9. Gut microbiome, detoxification and exposure responses",Microbiome and environmental stress,0.1291830578235781,39,0.11254656319794076
2026,9,"Gut microbiome, detoxification and exposure responses",Microbiome/exposure,T9. Microbiome/exposure,"T9. Gut microbiome, detoxification and exposure responses",Microbiome and environmental stress,0.11972554213679963,11,0.11972554213679963
1950,10,"Allozyme, RAPD and enzyme polymorphism markers",Allozyme/RAPD markers,T10. Allozyme/RAPD markers,"T10. Allozyme, RAPD and enzyme polymorphism markers",Classical marker-based genetics,0.10447674069846083,2,0.10447674069846083
1951,10,"Allozyme, RAPD and enzyme polymorphism markers",Allozyme/RAPD markers,T10. Allozyme/RAPD markers,"T10. Allozyme, RAPD and enzyme polymorphism markers",Classical marker-based genetics,0,0,0.03482558023282027
1952,10,"Allozyme, RAPD and enzyme polymorphism markers",Allozyme/RAPD markers,T10. Allozyme/RAPD markers,"T10. Allozyme, RAPD and enzyme polymorphism markers",Classical marker-based genetics,0,0,0
1953,10,"Allozyme, RAPD and enzyme polymorphism markers",Allozyme/RAPD markers,T10. Allozyme/RAPD markers,"T10. Allozyme, RAPD and enzyme polymorphism markers",Classical marker-based genetics,0,0,0
1954,10,"Allozyme, RAPD and enzyme polymorphism markers",Allozyme/RAPD markers,T10. Allozyme/RAPD markers,"T10. Allozyme, RAPD and enzyme polymorphism markers",Classical marker-based genetics,0,0,0
1955,10,"Allozyme, RAPD and enzyme polymorphism markers",Allozyme/RAPD markers,T10. Allozyme/RAPD markers,"T10. Allozyme, RAPD and enzyme polymorphism markers",Classical marker-based genetics,0,0,0
1956,10,"Allozyme, RAPD and enzyme polymorphism markers",Allozyme/RAPD markers,T10. Allozyme/RAPD markers,"T10. Allozyme, RAPD and enzyme polymorphism markers",Classical marker-based genetics,0,0,0
1957,10,"Allozyme, RAPD and enzyme polymorphism markers",Allozyme/RAPD markers,T10. Allozyme/RAPD markers,"T10. Allozyme, RAPD and enzyme polymorphism markers",Classical marker-based genetics,0,0,0
1958,10,"Allozyme, RAPD and enzyme polymorphism markers",Allozyme/RAPD markers,T10. Allozyme/RAPD markers,"T10. Allozyme, RAPD and enzyme polymorphism markers",Classical marker-based genetics,0,0,0
1959,10,"Allozyme, RAPD and enzyme polymorphism markers",Allozyme/RAPD markers,T10. Allozyme/RAPD markers,"T10. Allozyme, RAPD and enzyme polymorphism markers",Classical marker-based genetics,0,0,0
1960,10,"Allozyme, RAPD and enzyme polymorphism markers",Allozyme/RAPD markers,T10. Allozyme/RAPD markers,"T10. Allozyme, RAPD and enzyme polymorphism markers",Classical marker-based genetics,0,0,0
1961,10,"Allozyme, RAPD and enzyme polymorphism markers",Allozyme/RAPD markers,T10. Allozyme/RAPD markers,"T10. Allozyme, RAPD and enzyme polymorphism markers",Classical marker-based genetics,0,0,0
1962,10,"Allozyme, RAPD and enzyme polymorphism markers",Allozyme/RAPD markers,T10. Allozyme/RAPD markers,"T10. Allozyme, RAPD and enzyme polymorphism markers",Classical marker-based genetics,0,0,0
1963,10,"Allozyme, RAPD and enzyme polymorphism markers",Allozyme/RAPD markers,T10. Allozyme/RAPD markers,"T10. Allozyme, RAPD and enzyme polymorphism markers",Classical marker-based genetics,0,0,0
1964,10,"Allozyme, RAPD and enzyme polymorphism markers",Allozyme/RAPD markers,T10. Allozyme/RAPD markers,"T10. Allozyme, RAPD and enzyme polymorphism markers",Classical marker-based genetics,0,0,0
1965,10,"Allozyme, RAPD and enzyme polymorphism markers",Allozyme/RAPD markers,T10. Allozyme/RAPD markers,"T10. Allozyme, RAPD and enzyme polymorphism markers",Classical marker-based genetics,0,0,0.0012440024969574905
1966,10,"Allozyme, RAPD and enzyme polymorphism markers",Allozyme/RAPD markers,T10. Allozyme/RAPD markers,"T10. Allozyme, RAPD and enzyme polymorphism markers",Classical marker-based genetics,0.0037320074908724714,1,0.0012440024969574905
1967,10,"Allozyme, RAPD and enzyme polymorphism markers",Allozyme/RAPD markers,T10. Allozyme/RAPD markers,"T10. Allozyme, RAPD and enzyme polymorphism markers",Classical marker-based genetics,0,0,0.0012440024969574905
1968,10,"Allozyme, RAPD and enzyme polymorphism markers",Allozyme/RAPD markers,T10. Allozyme/RAPD markers,"T10. Allozyme, RAPD and enzyme polymorphism markers",Classical marker-based genetics,0,0,0.03456152683942375
1969,10,"Allozyme, RAPD and enzyme polymorphism markers",Allozyme/RAPD markers,T10. Allozyme/RAPD markers,"T10. Allozyme, RAPD and enzyme polymorphism markers",Classical marker-based genetics,0.10368458051827124,3,0.16200155889886267
1970,10,"Allozyme, RAPD and enzyme polymorphism markers",Allozyme/RAPD markers,T10. Allozyme/RAPD markers,"T10. Allozyme, RAPD and enzyme polymorphism markers",Classical marker-based genetics,0.3823200961783168,1,0.16200155889886267
1971,10,"Allozyme, RAPD and enzyme polymorphism markers",Allozyme/RAPD markers,T10. Allozyme/RAPD markers,"T10. Allozyme, RAPD and enzyme polymorphism markers",Classical marker-based genetics,0,0,0.13274224694159129
1972,10,"Allozyme, RAPD and enzyme polymorphism markers",Allozyme/RAPD markers,T10. Allozyme/RAPD markers,"T10. Allozyme, RAPD and enzyme polymorphism markers",Classical marker-based genetics,0.01590664464645711,2,0.00530221488215237
1973,10,"Allozyme, RAPD and enzyme polymorphism markers",Allozyme/RAPD markers,T10. Allozyme/RAPD markers,"T10. Allozyme, RAPD and enzyme polymorphism markers",Classical marker-based genetics,0,0,0.007822198299180717
1974,10,"Allozyme, RAPD and enzyme polymorphism markers",Allozyme/RAPD markers,T10. Allozyme/RAPD markers,"T10. Allozyme, RAPD and enzyme polymorphism markers",Classical marker-based genetics,0.007559950251085041,1,0.013499363747733705
1975,10,"Allozyme, RAPD and enzyme polymorphism markers",Allozyme/RAPD markers,T10. Allozyme/RAPD markers,"T10. Allozyme, RAPD and enzyme polymorphism markers",Classical marker-based genetics,0.032938140992116074,2,0.201152576930694
1976,10,"Allozyme, RAPD and enzyme polymorphism markers",Allozyme/RAPD markers,T10. Allozyme/RAPD markers,"T10. Allozyme, RAPD and enzyme polymorphism markers",Classical marker-based genetics,0.5629596395488808,1,0.19863259351366563
1977,10,"Allozyme, RAPD and enzyme polymorphism markers",Allozyme/RAPD markers,T10. Allozyme/RAPD markers,"T10. Allozyme, RAPD and enzyme polymorphism markers",Classical marker-based genetics,0,0,0.18765321318296027
1978,10,"Allozyme, RAPD and enzyme polymorphism markers",Allozyme/RAPD markers,T10. Allozyme/RAPD markers,"T10. Allozyme, RAPD and enzyme polymorphism markers",Classical marker-based genetics,0,0,0.016311992547036788
1979,10,"Allozyme, RAPD and enzyme polymorphism markers",Allozyme/RAPD markers,T10. Allozyme/RAPD markers,"T10. Allozyme, RAPD and enzyme polymorphism markers",Classical marker-based genetics,0.048935977641110365,2,0.016311992547036788
1980,10,"Allozyme, RAPD and enzyme polymorphism markers",Allozyme/RAPD markers,T10. Allozyme/RAPD markers,"T10. Allozyme, RAPD and enzyme polymorphism markers",Classical marker-based genetics,0,0,0.016311992547036788
1981,10,"Allozyme, RAPD and enzyme polymorphism markers",Allozyme/RAPD markers,T10. Allozyme/RAPD markers,"T10. Allozyme, RAPD and enzyme polymorphism markers",Classical marker-based genetics,0,0,0
1982,10,"Allozyme, RAPD and enzyme polymorphism markers",Allozyme/RAPD markers,T10. Allozyme/RAPD markers,"T10. Allozyme, RAPD and enzyme polymorphism markers",Classical marker-based genetics,0,0,0.09949303115897268
1983,10,"Allozyme, RAPD and enzyme polymorphism markers",Allozyme/RAPD markers,T10. Allozyme/RAPD markers,"T10. Allozyme, RAPD and enzyme polymorphism markers",Classical marker-based genetics,0.29847909347691803,2,0.4209105209165393
1984,10,"Allozyme, RAPD and enzyme polymorphism markers",Allozyme/RAPD markers,T10. Allozyme/RAPD markers,"T10. Allozyme, RAPD and enzyme polymorphism markers",Classical marker-based genetics,0.9642524692726999,1,0.4209105209165393
1985,10,"Allozyme, RAPD and enzyme polymorphism markers",Allozyme/RAPD markers,T10. Allozyme/RAPD markers,"T10. Allozyme, RAPD and enzyme polymorphism markers",Classical marker-based genetics,0,0,0.5054940191190169
1986,10,"Allozyme, RAPD and enzyme polymorphism markers",Allozyme/RAPD markers,T10. Allozyme/RAPD markers,"T10. Allozyme, RAPD and enzyme polymorphism markers",Classical marker-based genetics,0.552229588084351,3,0.358530033652938
1987,10,"Allozyme, RAPD and enzyme polymorphism markers",Allozyme/RAPD markers,T10. Allozyme/RAPD markers,"T10. Allozyme, RAPD and enzyme polymorphism markers",Classical marker-based genetics,0.5233605128744631,3,0.39186477084083904
1988,10,"Allozyme, RAPD and enzyme polymorphism markers",Allozyme/RAPD markers,T10. Allozyme/RAPD markers,"T10. Allozyme, RAPD and enzyme polymorphism markers",Classical marker-based genetics,0.1000042115637031,1,0.5288956246605767
1989,10,"Allozyme, RAPD and enzyme polymorphism markers",Allozyme/RAPD markers,T10. Allozyme/RAPD markers,"T10. Allozyme, RAPD and enzyme polymorphism markers",Classical marker-based genetics,0.9633221495435641,1,0.681867000261679
1990,10,"Allozyme, RAPD and enzyme polymorphism markers",Allozyme/RAPD markers,T10. Allozyme/RAPD markers,"T10. Allozyme, RAPD and enzyme polymorphism markers",Classical marker-based genetics,0.9822746396777698,1,0.9752421801053605
1991,10,"Allozyme, RAPD and enzyme polymorphism markers",Allozyme/RAPD markers,T10. Allozyme/RAPD markers,"T10. Allozyme, RAPD and enzyme polymorphism markers",Classical marker-based genetics,0.9801297510947474,4,0.6693990523566926
1992,10,"Allozyme, RAPD and enzyme polymorphism markers",Allozyme/RAPD markers,T10. Allozyme/RAPD markers,"T10. Allozyme, RAPD and enzyme polymorphism markers",Classical marker-based genetics,0.04579276629756082,3,0.3419741724641027
1993,10,"Allozyme, RAPD and enzyme polymorphism markers",Allozyme/RAPD markers,T10. Allozyme/RAPD markers,"T10. Allozyme, RAPD and enzyme polymorphism markers",Classical marker-based genetics,0,0,0.11370940386588976
1994,10,"Allozyme, RAPD and enzyme polymorphism markers",Allozyme/RAPD markers,T10. Allozyme/RAPD markers,"T10. Allozyme, RAPD and enzyme polymorphism markers",Classical marker-based genetics,0.29533544530010847,2,0.26661320307139014
1995,10,"Allozyme, RAPD and enzyme polymorphism markers",Allozyme/RAPD markers,T10. Allozyme/RAPD markers,"T10. Allozyme, RAPD and enzyme polymorphism markers",Classical marker-based genetics,0.504504163914062,4,0.26661320307139014
1996,10,"Allozyme, RAPD and enzyme polymorphism markers",Allozyme/RAPD markers,T10. Allozyme/RAPD markers,"T10. Allozyme, RAPD and enzyme polymorphism markers",Classical marker-based genetics,0,0,0.20360272538137608
1997,10,"Allozyme, RAPD and enzyme polymorphism markers",Allozyme/RAPD markers,T10. Allozyme/RAPD markers,"T10. Allozyme, RAPD and enzyme polymorphism markers",Classical marker-based genetics,0.10630401223006622,2,0.044537593067886155
1998,10,"Allozyme, RAPD and enzyme polymorphism markers",Allozyme/RAPD markers,T10. Allozyme/RAPD markers,"T10. Allozyme, RAPD and enzyme polymorphism markers",Classical marker-based genetics,0.027308766973592264,2,0.07179540196597875
1999,10,"Allozyme, RAPD and enzyme polymorphism markers",Allozyme/RAPD markers,T10. Allozyme/RAPD markers,"T10. Allozyme, RAPD and enzyme polymorphism markers",Classical marker-based genetics,0.0817734266942778,2,0.24637297224854246
2000,10,"Allozyme, RAPD and enzyme polymorphism markers",Allozyme/RAPD markers,T10. Allozyme/RAPD markers,"T10. Allozyme, RAPD and enzyme polymorphism markers",Classical marker-based genetics,0.6300367230777574,3,0.3486558696615453
2001,10,"Allozyme, RAPD and enzyme polymorphism markers",Allozyme/RAPD markers,T10. Allozyme/RAPD markers,"T10. Allozyme, RAPD and enzyme polymorphism markers",Classical marker-based genetics,0.33415745921260087,3,0.4089896734668538
2002,10,"Allozyme, RAPD and enzyme polymorphism markers",Allozyme/RAPD markers,T10. Allozyme/RAPD markers,"T10. Allozyme, RAPD and enzyme polymorphism markers",Classical marker-based genetics,0.2627748381102032,3,0.20457484479511365
2003,10,"Allozyme, RAPD and enzyme polymorphism markers",Allozyme/RAPD markers,T10. Allozyme/RAPD markers,"T10. Allozyme, RAPD and enzyme polymorphism markers",Classical marker-based genetics,0.016792237062536942,3,0.1503431574698147
2004,10,"Allozyme, RAPD and enzyme polymorphism markers",Allozyme/RAPD markers,T10. Allozyme/RAPD markers,"T10. Allozyme, RAPD and enzyme polymorphism markers",Classical marker-based genetics,0.17146239723670403,6,0.15903871845805495
2005,10,"Allozyme, RAPD and enzyme polymorphism markers",Allozyme/RAPD markers,T10. Allozyme/RAPD markers,"T10. Allozyme, RAPD and enzyme polymorphism markers",Classical marker-based genetics,0.28886152107492385,7,0.20557889956973183
2006,10,"Allozyme, RAPD and enzyme polymorphism markers",Allozyme/RAPD markers,T10. Allozyme/RAPD markers,"T10. Allozyme, RAPD and enzyme polymorphism markers",Classical marker-based genetics,0.15641278039756762,9,0.1790644854647503
2007,10,"Allozyme, RAPD and enzyme polymorphism markers",Allozyme/RAPD markers,T10. Allozyme/RAPD markers,"T10. Allozyme, RAPD and enzyme polymorphism markers",Classical marker-based genetics,0.09191915492175941,8,0.1093221769292682
2008,10,"Allozyme, RAPD and enzyme polymorphism markers",Allozyme/RAPD markers,T10. Allozyme/RAPD markers,"T10. Allozyme, RAPD and enzyme polymorphism markers",Classical marker-based genetics,0.0796345954684776,9,0.09097934475210254
2009,10,"Allozyme, RAPD and enzyme polymorphism markers",Allozyme/RAPD markers,T10. Allozyme/RAPD markers,"T10. Allozyme, RAPD and enzyme polymorphism markers",Classical marker-based genetics,0.10138428386607062,15,0.09232969381281467
2010,10,"Allozyme, RAPD and enzyme polymorphism markers",Allozyme/RAPD markers,T10. Allozyme/RAPD markers,"T10. Allozyme, RAPD and enzyme polymorphism markers",Classical marker-based genetics,0.09597020210389581,17,0.0917834457058131
2011,10,"Allozyme, RAPD and enzyme polymorphism markers",Allozyme/RAPD markers,T10. Allozyme/RAPD markers,"T10. Allozyme, RAPD and enzyme polymorphism markers",Classical marker-based genetics,0.07799585114747284,11,0.12465016145001566
2012,10,"Allozyme, RAPD and enzyme polymorphism markers",Allozyme/RAPD markers,T10. Allozyme/RAPD markers,"T10. Allozyme, RAPD and enzyme polymorphism markers",Classical marker-based genetics,0.19998443109867836,13,0.11176253869575235
2013,10,"Allozyme, RAPD and enzyme polymorphism markers",Allozyme/RAPD markers,T10. Allozyme/RAPD markers,"T10. Allozyme, RAPD and enzyme polymorphism markers",Classical marker-based genetics,0.05730733384110589,15,0.11247676375505462
2014,10,"Allozyme, RAPD and enzyme polymorphism markers",Allozyme/RAPD markers,T10. Allozyme/RAPD markers,"T10. Allozyme, RAPD and enzyme polymorphism markers",Classical marker-based genetics,0.08013852632537961,16,0.0639289583356331
2015,10,"Allozyme, RAPD and enzyme polymorphism markers",Allozyme/RAPD markers,T10. Allozyme/RAPD markers,"T10. Allozyme, RAPD and enzyme polymorphism markers",Classical marker-based genetics,0.05434101484041379,5,0.0458216962738905
2016,10,"Allozyme, RAPD and enzyme polymorphism markers",Allozyme/RAPD markers,T10. Allozyme/RAPD markers,"T10. Allozyme, RAPD and enzyme polymorphism markers",Classical marker-based genetics,0.0029855476558781117,10,0.026007069147705623
2017,10,"Allozyme, RAPD and enzyme polymorphism markers",Allozyme/RAPD markers,T10. Allozyme/RAPD markers,"T10. Allozyme, RAPD and enzyme polymorphism markers",Classical marker-based genetics,0.020694644946824967,12,0.010315685820136335
2018,10,"Allozyme, RAPD and enzyme polymorphism markers",Allozyme/RAPD markers,T10. Allozyme/RAPD markers,"T10. Allozyme, RAPD and enzyme polymorphism markers",Classical marker-based genetics,0.007266864857705926,16,0.009907143637487136
2019,10,"Allozyme, RAPD and enzyme polymorphism markers",Allozyme/RAPD markers,T10. Allozyme/RAPD markers,"T10. Allozyme, RAPD and enzyme polymorphism markers",Classical marker-based genetics,0.001759921107930516,16,0.009822698797288195
2020,10,"Allozyme, RAPD and enzyme polymorphism markers",Allozyme/RAPD markers,T10. Allozyme/RAPD markers,"T10. Allozyme, RAPD and enzyme polymorphism markers",Classical marker-based genetics,0.020441310426228144,16,0.008609072054503418
2021,10,"Allozyme, RAPD and enzyme polymorphism markers",Allozyme/RAPD markers,T10. Allozyme/RAPD markers,"T10. Allozyme, RAPD and enzyme polymorphism markers",Classical marker-based genetics,0.003625984629351595,26,0.01145793183044029
2022,10,"Allozyme, RAPD and enzyme polymorphism markers",Allozyme/RAPD markers,T10. Allozyme/RAPD markers,"T10. Allozyme, RAPD and enzyme polymorphism markers",Classical marker-based genetics,0.010306500435741136,23,0.004814943224105767
2023,10,"Allozyme, RAPD and enzyme polymorphism markers",Allozyme/RAPD markers,T10. Allozyme/RAPD markers,"T10. Allozyme, RAPD and enzyme polymorphism markers",Classical marker-based genetics,5.123446072245719e-4,31,0.005330814779703421
2024,10,"Allozyme, RAPD and enzyme polymorphism markers",Allozyme/RAPD markers,T10. Allozyme/RAPD markers,"T10. Allozyme, RAPD and enzyme polymorphism markers",Classical marker-based genetics,0.005173599296144558,21,0.0026036926279071784
2025,10,"Allozyme, RAPD and enzyme polymorphism markers",Allozyme/RAPD markers,T10. Allozyme/RAPD markers,"T10. Allozyme, RAPD and enzyme polymorphism markers",Classical marker-based genetics,0.002125133980352406,39,0.0026084345128204968
2026,10,"Allozyme, RAPD and enzyme polymorphism markers",Allozyme/RAPD markers,T10. Allozyme/RAPD markers,"T10. Allozyme, RAPD and enzyme polymorphism markers",Classical marker-based genetics,5.265702619645274e-4,11,5.265702619645274e-4
